date,usdcop,wti,vix,spy,fed_rate,col_rate,us10y,rate_spread
2005-01-03,2389.75,42.16,14.08,81.17462158203125,2.31,6.5,4.23,4.1899999999999995
2005-01-04,2338.84,43.96,13.98,80.18267059326172,2.25,6.5,4.29,4.25
2005-01-05,2315.45,43.41,14.09,79.62938690185547,2.25,6.5,4.29,4.25
2005-01-06,2344.45,45.51,13.58,80.03424072265625,2.25,6.5,4.29,4.25
2005-01-07,2386.67,45.32,13.49,79.91952514648438,2.24,6.5,4.29,4.26
2005-01-10,2358.54,45.31,13.23,80.29741668701172,2.26,6.5,4.29,4.24
2005-01-11,2358.54,45.66,13.19,79.74406433105469,2.24,6.5,4.26,4.26
2005-01-12,2380.96,46.46,12.56,80.00724792480469,2.25,6.5,4.25,4.25
2005-01-13,2358.64,48.11,12.84,79.36625671386719,2.29,6.5,4.2,4.21
2005-01-14,2340.42,48.41,12.43,79.78459930419922,2.29,6.5,4.23,4.21
2005-01-17,2351.23,48.41,12.43,79.78459930419922,2.29,6.5,4.23,4.21
2005-01-18,2351.23,48.46,12.47,80.6145248413086,2.31,6.5,4.21,4.1899999999999995
2005-01-19,2371.77,47.61,13.18,79.7710952758789,2.19,6.5,4.2,4.3100000000000005
2005-01-20,2363.69,47.01,13.83,79.28523254394531,2.25,6.5,4.17,4.25
2005-01-21,2381.54,48.31,14.36,78.7994155883789,2.26,6.5,4.16,4.24
2005-01-24,2373.86,48.61,14.65,78.64424133300781,2.26,6.5,4.14,4.24
2005-01-25,2370.77,49.43,14.06,78.86691284179688,2.29,6.5,4.2,4.21
2005-01-26,2370.08,48.8,13.44,79.10303497314453,2.33,6.5,4.21,4.17
2005-01-27,2370.95,48.8,13.24,79.2380142211914,2.39,6.5,4.22,4.109999999999999
2005-01-28,2372.63,47.15,13.24,79.2380142211914,2.48,6.5,4.16,4.02
2005-01-31,2367.76,48.25,12.82,79.73060607910156,2.5,6.5,4.14,4.0
2005-02-01,2363.75,47.1,12.03,80.23668670654297,2.4,6.5,4.15,4.1
2005-02-02,2358.16,46.65,11.66,80.47958374023438,2.29,6.5,4.15,4.21
2005-02-03,2364.13,46.4,11.79,80.27039337158203,2.49,6.5,4.18,4.01
2005-02-04,2365.08,46.45,11.21,81.12734985351562,2.51,6.5,4.09,3.99
2005-02-07,2361.92,45.35,11.73,81.01941680908203,2.5,6.5,4.07,4.0
2005-02-08,2365.79,45.4,11.6,81.1138916015625,2.48,6.5,4.05,4.02
2005-02-09,2364.16,45.45,12.0,80.5065689086914,2.5,6.5,4.0,4.0
2005-02-10,2358.61,47.05,11.51,80.79673767089844,2.51,6.5,4.07,3.99
2005-02-11,2344.94,47.15,11.43,81.49173736572266,2.5,6.5,4.1,4.0
2005-02-14,2346.04,47.5,11.52,81.43102264404297,2.51,6.5,4.08,3.99
2005-02-15,2338.27,47.3,11.27,81.73468017578125,2.53,6.5,4.1,3.97
2005-02-16,2330.62,48.35,11.1,81.78865814208984,2.48,6.5,4.16,4.02
2005-02-17,2331.7,47.5,11.77,81.12734985351562,2.5,6.5,4.19,4.0
2005-02-18,2327.45,48.45,11.18,81.23534393310547,2.51,6.5,4.27,3.99
2005-02-21,2318.12,48.45,11.18,81.23534393310547,2.51,6.5,4.27,3.99
2005-02-22,2318.12,51.0,13.14,80.02749633789062,2.57,6.5,4.29,3.93
2005-02-23,2311.83,51.73,12.39,80.60104370117188,2.53,6.5,4.27,3.97
2005-02-24,2308.58,52.05,11.57,81.13411712646484,2.55,6.5,4.29,3.95
2005-02-25,2308.7,52.2,11.49,81.93708801269531,2.54,6.5,4.27,3.96
2005-02-28,2323.77,51.75,12.08,81.39726257324219,2.52,6.5,4.36,3.98
2005-03-01,2327.98,51.67,12.04,81.80215454101562,2.39,6.5,4.38,4.109999999999999
2005-03-02,2329.67,53.0,12.5,81.76164245605469,2.48,6.5,4.38,4.02
2005-03-03,2333.65,53.6,12.93,81.79539489746094,2.51,6.5,4.39,3.99
2005-03-04,2333.7,53.7,11.94,82.81429290771484,2.5,6.5,4.32,4.0
2005-03-07,2338.93,53.9,12.26,82.85476684570312,2.51,6.5,4.31,3.99
2005-03-08,2324.89,54.55,12.4,82.54438018798828,2.49,6.5,4.38,4.01
2005-03-09,2325.69,54.75,12.7,81.62669372558594,2.5,6.5,4.52,4.0
2005-03-10,2334.11,53.52,12.49,81.80887603759766,2.52,6.5,4.48,3.98
2005-03-11,2340.34,54.4,12.8,81.23534393310547,2.51,6.5,4.56,3.99
2005-03-14,2332.72,54.9,12.39,81.74138641357422,2.59,6.5,4.52,3.91
2005-03-15,2346.71,55.05,13.15,81.06665802001953,2.61,6.5,4.54,3.89
2005-03-16,2362.36,56.5,13.49,80.3783950805664,2.57,6.5,4.52,3.93
2005-03-17,2386.47,56.4,13.29,80.54032897949219,2.68,6.5,4.47,3.82
2005-03-18,2374.46,56.8,13.14,80.30121612548828,2.7,6.5,4.51,3.8
2005-03-21,2371.43,56.7,13.61,80.00312805175781,2.71,6.5,4.53,3.79
2005-03-22,2371.43,55.95,14.27,79.19022369384766,2.72,6.5,4.63,3.78
2005-03-23,2361.78,49.43,14.06,79.25797271728516,2.73,6.5,4.61,3.77
2005-03-24,2382.3,49.7,13.42,79.35281372070312,2.75,6.5,4.6,3.75
2005-03-25,2382.3,49.7,13.42,79.35281372070312,2.8,6.5,4.6,3.7
2005-03-28,2382.3,54.06,13.75,79.46798706054688,2.79,6.5,4.64,3.71
2005-03-29,2397.25,54.26,14.49,78.93958282470703,2.72,6.5,4.6,3.78
2005-03-30,2393.32,53.96,13.64,80.05729675292969,2.74,6.5,4.56,3.76
2005-03-31,2376.48,55.31,14.02,79.90828704833984,2.96,6.5,4.5,3.54
2005-04-01,2363.23,57.26,14.09,79.54925537109375,2.83,6.5,4.46,3.67
2005-04-04,2365.98,56.86,14.11,79.68476104736328,2.78,6.5,4.47,3.72
2005-04-05,2374.47,55.83,13.68,80.06410217285156,2.72,6.5,4.48,3.78
2005-04-06,2369.67,55.88,13.15,80.34184265136719,2.73,6.5,4.44,3.77
2005-04-07,2362.28,54.16,12.33,80.775390625,2.76,6.5,4.49,3.74
2005-04-08,2353.16,53.46,12.62,79.93536376953125,2.75,6.5,4.5,3.75
2005-04-11,2349.8,53.71,11.98,79.99636840820312,2.78,6.5,4.45,3.72
2005-04-12,2331.95,51.54,11.3,80.40956115722656,2.77,6.5,4.38,3.73
2005-04-13,2335.4,50.21,13.31,79.461181640625,2.76,6.5,4.38,3.74
2005-04-14,2328.74,51.11,14.53,78.42473602294922,2.79,6.5,4.37,3.71
2005-04-15,2346.09,50.61,17.74,77.3272933959961,2.82,6.5,4.27,3.68
2005-04-18,2363.96,50.52,16.56,77.5644302368164,2.75,6.5,4.27,3.75
2005-04-19,2363.3,52.33,14.96,78.18087768554688,2.74,6.5,4.21,3.76
2005-04-20,2355.64,52.45,16.92,77.09021759033203,2.74,6.5,4.22,3.76
2005-04-21,2344.45,52.49,14.41,78.58734130859375,2.75,6.5,4.32,3.75
2005-04-22,2336.35,54.16,15.38,78.28923797607422,2.74,6.5,4.26,3.76
2005-04-25,2336.25,53.16,14.62,78.80410766601562,2.82,6.5,4.26,3.68
2005-04-26,2343.97,54.33,14.91,78.03860473632812,2.78,6.5,4.28,3.72
2005-04-27,2342.56,51.37,14.87,78.34346771240234,2.63,6.5,4.25,3.87
2005-04-28,2338.07,51.92,16.86,77.3612289428711,2.89,6.5,4.19,3.61
2005-04-29,2344.87,49.2,15.31,78.41118621826172,2.97,6.5,4.21,3.53
2005-05-02,2348.32,50.94,15.12,78.85151672363281,2.98,6.5,4.21,3.52
2005-05-03,2349.59,49.6,14.53,78.98699188232422,2.95,6.5,4.21,3.55
2005-05-04,2345.45,50.22,13.85,79.59664916992188,2.99,6.5,4.2,3.51
2005-05-05,2337.08,51.12,13.98,79.56957244873047,2.99,6.5,4.19,3.51
2005-05-06,2338.44,51.3,14.05,79.31893920898438,2.98,6.5,4.28,3.52
2005-05-09,2339.06,52.04,13.75,79.81343841552734,2.99,6.5,4.29,3.51
2005-05-10,2339.06,51.76,14.91,78.98699188232422,2.99,6.5,4.23,3.51
2005-05-11,2339.77,50.39,14.45,79.4205551147461,2.99,6.5,4.21,3.51
2005-05-12,2340.99,48.83,16.12,78.54671478271484,3.01,6.5,4.18,3.49
2005-05-13,2344.0,48.65,16.32,78.39087677001953,3.01,6.5,4.12,3.49
2005-05-16,2348.69,48.64,15.68,79.12247467041016,3.06,6.5,4.13,3.44
2005-05-17,2347.25,48.97,14.57,79.65084838867188,2.99,6.5,4.12,3.51
2005-05-18,2341.72,46.99,13.63,80.4705581665039,3.0,6.5,4.07,3.5
2005-05-19,2339.44,47.0,13.32,80.80923461914062,3.02,6.5,4.11,3.48
2005-05-20,2336.99,47.25,13.14,80.69410705566406,3.01,6.5,4.13,3.49
2005-05-23,2337.0,48.68,12.95,81.14117431640625,3.01,6.5,4.07,3.49
2005-05-24,2329.05,49.14,12.69,80.95149993896484,2.99,6.5,4.04,3.51
2005-05-25,2328.69,50.37,12.58,80.89054870605469,3.01,6.5,4.08,3.49
2005-05-26,2329.35,50.89,12.24,81.3240966796875,3.01,6.5,4.08,3.49
2005-05-27,2330.79,51.65,12.15,81.45960235595703,3.01,6.5,4.08,3.49
2005-05-30,2332.79,51.65,12.15,81.45960235595703,3.01,6.5,4.08,3.49
2005-05-31,2332.79,52.08,13.29,80.9379653930664,3.09,6.5,4.0,3.41
2005-06-01,2338.89,54.4,12.36,81.62896728515625,3.02,6.5,3.91,3.48
2005-06-02,2339.67,53.46,11.84,81.8050765991211,3.0,6.5,3.89,3.5
2005-06-03,2336.65,55.08,12.15,81.39185333251953,2.99,6.5,3.98,3.51
2005-06-06,2330.93,54.46,12.28,81.31729888916016,3.0,6.5,3.96,3.5
2005-06-07,2330.93,53.84,12.39,81.37825775146484,2.96,6.5,3.92,3.54
2005-06-08,2331.38,52.51,12.7,81.22926330566406,2.96,6.5,3.95,3.54
2005-06-09,2347.83,54.36,12.08,81.61539459228516,3.01,6.5,3.98,3.49
2005-06-10,2361.41,53.55,11.96,81.4256820678711,3.01,6.5,4.05,3.49
2005-06-13,2349.17,55.47,11.65,81.68309783935547,3.04,6.5,4.09,3.46
2005-06-14,2345.6,55.03,11.79,81.872802734375,3.01,6.5,4.13,3.49
2005-06-15,2334.27,55.53,11.46,82.0285873413086,3.05,6.5,4.12,3.45
2005-06-16,2330.33,56.48,11.15,82.23859405517578,3.0,6.5,4.09,3.5
2005-06-17,2326.43,58.4,11.48,82.54331970214844,2.99,6.5,4.09,3.51
2005-06-20,2322.05,59.19,11.47,82.57051086425781,3.01,6.5,4.11,3.49
2005-06-21,2319.11,58.9,11.08,82.6181411743164,2.96,6.5,4.06,3.54
2005-06-22,2314.89,58.27,11.05,82.68616485595703,2.93,6.5,3.95,3.57
2005-06-23,2316.45,59.23,12.13,81.5230941772461,3.05,6.5,3.96,3.45
2005-06-24,2319.27,59.63,12.18,80.9245376586914,3.07,6.5,3.92,3.43
2005-06-27,2320.29,59.78,12.52,81.04014587402344,3.17,6.5,3.9,3.33
2005-06-28,2323.19,58.32,11.58,81.72032928466797,3.17,6.5,3.97,3.33
2005-06-29,2327.9,57.23,11.77,81.50267028808594,3.2,6.5,3.99,3.3
2005-06-30,2331.81,56.63,12.04,81.06057739257812,3.35,6.5,3.94,3.15
2005-07-01,2324.22,59.11,11.4,81.29866027832031,3.36,6.5,4.06,3.14
2005-07-04,2324.69,59.11,11.4,81.29866027832031,3.36,6.5,4.06,3.14
2005-07-05,2324.69,59.71,11.68,81.95158386230469,3.27,6.5,4.11,3.23
2005-07-06,2338.17,61.24,12.27,81.26461791992188,2.99,6.5,4.08,3.51
2005-07-07,2338.86,60.76,12.49,81.58428955078125,3.18,6.5,4.05,3.32
2005-07-08,2332.7,59.71,11.45,82.51611328125,3.22,6.5,4.11,3.28
2005-07-11,2330.72,59.23,11.28,82.93779754638672,3.23,6.5,4.11,3.27
2005-07-12,2324.37,60.49,10.95,83.15544128417969,3.23,6.5,4.15,3.27
2005-07-13,2323.08,60.0,10.84,83.27111053466797,3.27,6.5,4.17,3.23
2005-07-14,2326.09,57.83,10.81,83.59756469726562,3.32,6.5,4.19,3.18
2005-07-15,2329.4,58.36,10.33,83.54996490478516,3.32,6.5,4.18,3.18
2005-07-18,2332.07,57.12,10.77,83.21666717529297,3.19,6.5,4.22,3.31
2005-07-19,2320.26,57.61,10.45,83.67237091064453,3.13,6.5,4.2,3.37
2005-07-20,2312.73,56.73,10.23,83.95802307128906,3.25,6.5,4.17,3.25
2005-07-21,2312.73,57.31,10.97,83.46831512451172,3.27,6.5,4.28,3.23
2005-07-22,2312.82,57.75,10.52,84.02603149414062,3.25,6.5,4.23,3.25
2005-07-25,2316.42,58.16,11.1,83.78800201416016,3.28,6.5,4.25,3.22
2005-07-26,2315.39,59.05,10.99,83.8900146484375,3.25,6.5,4.24,3.25
2005-07-27,2316.93,59.12,10.36,84.19608306884766,3.27,6.5,4.27,3.23
2005-07-28,2313.84,59.91,10.52,84.72662353515625,3.27,6.5,4.2,3.23
2005-07-29,2311.43,60.71,11.57,84.16204071044922,3.31,6.5,4.28,3.19
2005-08-01,2308.49,61.51,12.08,84.100830078125,3.3,6.5,4.32,3.2
2005-08-02,2308.42,61.87,11.75,84.60417175292969,3.2,6.5,4.34,3.3
2005-08-03,2305.95,60.76,11.83,84.82862091064453,3.35,6.5,4.3,3.15
2005-08-04,2306.51,61.6,12.52,84.14848327636719,3.44,6.5,4.32,3.06
2005-08-05,2307.4,62.44,12.48,83.5771484375,3.49,6.5,4.4,3.01
2005-08-08,2307.69,63.92,13.21,83.42072296142578,3.5,6.5,4.42,3.0
2005-08-09,2308.3,63.13,12.4,83.9240493774414,3.47,6.5,4.41,3.03
2005-08-10,2305.63,64.8,12.38,83.88321685791016,3.48,6.5,4.4,3.02
2005-08-11,2299.75,65.67,12.42,84.21650695800781,3.51,6.5,4.32,2.99
2005-08-12,2313.52,66.71,12.74,83.69957733154297,3.55,6.5,4.24,2.95
2005-08-15,2308.38,66.21,12.26,84.21650695800781,3.61,6.5,4.27,2.89
2005-08-16,2308.38,66.11,13.52,83.1214370727539,3.46,6.5,4.23,3.04
2005-08-17,2301.74,63.29,13.3,83.11465454101562,3.57,6.5,4.28,2.93
2005-08-18,2303.2,63.47,13.42,83.10784149169922,3.5,6.5,4.21,3.0
2005-08-19,2307.45,65.51,13.42,83.29827880859375,3.54,6.5,4.21,2.96
2005-08-22,2309.83,65.46,13.42,83.29827880859375,3.51,6.5,4.22,2.99
2005-08-23,2304.26,65.81,13.34,83.14183807373047,3.49,6.5,4.2,3.01
2005-08-24,2302.59,67.1,14.17,82.40046691894531,3.5,6.5,4.19,3.0
2005-08-25,2305.05,67.29,13.73,82.69977569580078,3.55,6.5,4.18,2.95
2005-08-26,2305.87,66.05,13.72,82.13523864746094,3.54,6.5,4.2,2.96
2005-08-29,2306.71,67.41,13.52,82.76776123046875,3.54,6.5,4.2,2.96
2005-08-30,2305.15,69.91,13.65,82.33245849609375,3.52,6.5,4.16,2.98
2005-08-31,2304.3,68.63,12.6,83.37310028076172,3.63,6.5,4.02,2.87
2005-09-01,2302.78,69.5,13.15,83.3118896484375,3.57,6.5,4.02,2.93
2005-09-02,2298.85,66.91,13.57,83.16224670410156,3.49,6.5,4.03,3.01
2005-09-05,2295.31,66.91,13.57,83.16224670410156,3.49,6.5,4.03,3.01
2005-09-06,2295.31,65.83,12.93,84.1348648071289,3.57,6.5,4.09,2.93
2005-09-07,2286.61,64.38,12.52,84.2777099609375,3.48,6.5,4.15,3.02
2005-09-08,2279.95,64.8,12.93,83.9988784790039,3.49,6.5,4.15,3.01
2005-09-09,2289.3,64.21,11.98,84.74700927734375,3.49,6.5,4.14,3.01
2005-09-12,2305.09,63.29,11.65,84.57696533203125,3.5,6.5,4.18,3.0
2005-09-13,2306.71,63.18,12.39,84.1076431274414,3.45,6.5,4.14,3.05
2005-09-14,2295.02,65.2,12.91,83.80158996582031,3.54,6.5,4.17,2.96
2005-09-15,2290.02,64.64,12.49,83.76081085205078,3.67,6.5,4.22,2.83
2005-09-16,2299.82,62.91,11.22,84.35641479492188,3.62,6.5,4.26,2.88
2005-09-19,2301.99,67.21,12.14,84.07640838623047,3.62,6.0,4.25,2.38
2005-09-20,2295.57,66.24,12.64,83.36600494384766,3.67,6.0,4.26,2.33
2005-09-21,2300.58,66.96,13.79,82.58728790283203,3.72,6.0,4.19,2.28
2005-09-22,2291.05,67.07,13.33,82.88106536865234,3.77,6.0,4.19,2.23
2005-09-23,2292.59,64.67,12.96,82.9493637084961,3.76,6.0,4.25,2.24
2005-09-26,2290.03,65.98,13.04,83.04498291015625,3.83,6.0,4.3,2.17
2005-09-27,2289.18,64.94,12.76,83.02446746826172,3.73,6.0,4.3,2.27
2005-09-28,2290.74,66.36,12.63,83.1064224243164,3.76,6.0,4.26,2.24
2005-09-29,2293.29,66.83,12.24,83.78264617919922,3.82,6.0,4.29,2.18
2005-09-30,2289.61,66.21,11.92,84.04222106933594,3.93,6.0,4.34,2.07
2005-10-03,2288.22,65.36,12.46,83.74164581298828,3.87,6.0,4.39,2.13
2005-10-04,2289.13,63.74,13.2,82.799072265625,3.75,6.0,4.38,2.25
2005-10-05,2289.79,62.56,14.55,81.7130126953125,3.75,6.0,4.36,2.25
2005-10-06,2294.12,61.81,14.96,81.4192886352539,3.76,6.0,4.37,2.24
2005-10-07,2302.79,61.81,14.59,81.69934844970703,3.73,6.0,4.35,2.27
2005-10-10,2303.01,60.71,15.55,81.00944519042969,3.73,6.0,4.35,2.27
2005-10-11,2303.01,63.84,15.63,80.89337158203125,3.72,6.0,4.39,2.28
2005-10-12,2299.94,64.13,16.22,80.25811004638672,3.36,6.0,4.45,2.64
2005-10-13,2299.47,63.05,16.47,80.2103271484375,3.75,6.0,4.48,2.25
2005-10-14,2298.99,62.61,14.87,81.0572738647461,3.77,6.0,4.48,2.23
2005-10-17,2294.75,64.26,14.67,81.35778045654297,3.82,6.0,4.5,2.18
2005-10-18,2294.75,62.94,15.33,80.47669219970703,3.71,6.0,4.49,2.29
2005-10-19,2288.69,62.11,13.5,81.81546783447266,3.71,6.0,4.47,2.29
2005-10-20,2283.96,61.04,16.11,80.37423706054688,3.77,6.0,4.46,2.23
2005-10-21,2289.15,61.05,16.13,80.68846130371094,3.76,6.0,4.39,2.24
2005-10-24,2288.69,60.63,14.74,81.93841552734375,3.76,6.0,4.45,2.24
2005-10-25,2285.37,62.83,14.53,81.77449798583984,3.74,6.0,4.54,2.26
2005-10-26,2284.05,60.85,14.59,81.5354232788086,3.75,6.0,4.6,2.25
2005-10-27,2288.52,61.03,16.02,80.66793060302734,3.85,6.0,4.57,2.15
2005-10-28,2289.87,61.3,14.25,81.82916259765625,3.9,6.0,4.58,2.1
2005-10-31,2289.57,59.8,15.32,82.05451202392578,4.02,6.0,4.57,1.9800000000000004
2005-11-01,2287.51,59.85,14.85,82.30043029785156,3.99,6.0,4.58,2.01
2005-11-02,2285.83,59.75,13.48,83.16107177734375,3.99,6.0,4.61,2.01
2005-11-03,2285.24,61.7,13.0,83.51628875732422,4.01,6.0,4.65,1.9900000000000002
2005-11-04,2283.78,60.6,13.17,83.40695190429688,4.0,6.0,4.66,2.0
2005-11-07,2282.76,59.4,13.1,83.48894500732422,3.99,6.0,4.65,2.01
2005-11-08,2282.76,59.7,13.08,83.48894500732422,3.95,6.0,4.57,2.05
2005-11-09,2282.67,59.65,12.8,83.59822082519531,4.02,6.0,4.64,1.9800000000000004
2005-11-10,2280.94,57.8,11.9,84.24710845947266,3.98,6.0,4.55,2.02
2005-11-11,2280.19,57.45,11.63,84.53399658203125,3.98,6.0,4.55,2.02
2005-11-14,2280.19,57.6,12.18,84.48617553710938,4.03,6.0,4.61,1.9699999999999998
2005-11-15,2280.19,57.05,12.23,84.17879486083984,3.97,6.0,4.56,2.03
2005-11-16,2280.43,57.85,12.26,84.34954833984375,3.96,6.0,4.49,2.04
2005-11-17,2278.23,56.2,11.25,85.13506317138672,3.98,6.0,4.46,2.02
2005-11-18,2277.99,56.3,11.12,85.46975708007812,4.0,6.0,4.5,2.0
2005-11-21,2277.73,57.75,10.82,85.90010833740234,4.03,6.0,4.46,1.9699999999999998
2005-11-22,2276.64,58.3,10.6,86.26895141601562,3.99,6.0,4.43,2.01
2005-11-23,2278.48,58.35,10.96,86.76753997802734,4.01,6.0,4.47,1.9900000000000002
2005-11-24,2277.92,58.35,10.96,86.76753997802734,4.01,6.0,4.47,1.9900000000000002
2005-11-25,2277.92,58.35,10.88,86.83587646484375,4.03,6.0,4.43,1.9699999999999998
2005-11-28,2275.4,57.36,11.84,86.22113800048828,4.01,6.0,4.41,1.9900000000000002
2005-11-29,2273.08,56.46,11.89,86.1255111694336,3.99,6.0,4.48,2.01
2005-11-30,2274.04,57.33,12.06,85.66101837158203,4.03,6.0,4.49,1.9699999999999998
2005-12-01,2274.71,58.46,11.24,86.53532409667969,4.03,6.0,4.52,1.9699999999999998
2005-12-02,2272.95,59.31,11.01,86.6446304321289,4.0,6.0,4.52,2.0
2005-12-05,2274.39,59.91,11.6,86.460205078125,4.02,6.0,4.57,1.9800000000000004
2005-12-06,2274.1,59.96,11.52,86.62415313720703,3.97,6.0,4.49,2.03
2005-12-07,2274.19,59.21,12.18,86.11863708496094,3.98,6.0,4.52,2.02
2005-12-08,2274.06,60.66,12.21,86.06403350830078,4.09,6.0,4.47,1.9100000000000001
2005-12-09,2274.06,59.41,11.69,86.2894515991211,4.16,6.0,4.54,1.8399999999999999
2005-12-12,2275.09,61.36,11.47,86.37141418457031,4.24,6.0,4.56,1.7599999999999998
2005-12-13,2275.47,61.36,11.11,86.9588394165039,4.23,6.0,4.54,1.7699999999999996
2005-12-14,2275.33,60.86,10.48,87.30036163330078,4.26,6.0,4.45,1.7400000000000002
2005-12-15,2275.45,60.01,10.73,87.047607421875,4.29,6.0,4.47,1.71
2005-12-16,2276.7,58.01,10.68,86.76744842529297,4.25,6.0,4.45,1.75
2005-12-19,2277.85,57.31,11.38,86.32112121582031,4.25,6.0,4.45,1.75
2005-12-20,2286.83,57.81,11.19,86.40351867675781,4.3,6.0,4.47,1.7000000000000002
2005-12-21,2286.46,58.56,10.81,86.54087829589844,4.08,6.0,4.49,1.92
2005-12-22,2285.61,58.08,10.29,86.9940414428711,4.25,6.0,4.44,1.75
2005-12-23,2283.47,58.08,10.27,87.0421142578125,4.21,6.0,4.38,1.79
2005-12-26,2282.36,58.08,10.27,87.0421142578125,4.21,6.0,4.38,1.79
2005-12-27,2282.36,58.16,11.57,86.15634155273438,4.26,6.0,4.34,1.7400000000000002
2005-12-28,2283.11,59.81,11.35,86.34859466552734,4.19,6.0,4.38,1.8099999999999996
2005-12-29,2282.35,60.26,11.61,85.96405792236328,4.18,6.0,4.37,1.8200000000000003
2005-12-30,2284.22,61.06,12.07,85.49712371826172,4.09,6.0,4.39,1.9100000000000001
2006-01-02,2284.22,61.06,12.07,85.49712371826172,4.09,6.0,4.39,1.9100000000000001
2006-01-03,2284.22,63.11,11.14,87.00090026855469,4.34,6.0,4.37,1.6600000000000001
2006-01-04,2282.27,63.41,11.37,87.41292572021484,4.22,6.0,4.36,1.7800000000000002
2006-01-05,2282.13,62.81,11.31,87.4678726196289,4.24,6.0,4.36,1.7599999999999998
2006-01-06,2279.99,64.21,11.0,88.19570922851562,4.22,6.0,4.38,1.7800000000000002
2006-01-09,2278.4,63.56,11.13,88.42231750488281,4.25,6.0,4.38,1.75
2006-01-10,2278.4,63.41,10.86,88.51156616210938,4.24,6.0,4.43,1.7599999999999998
2006-01-11,2276.58,63.91,10.94,88.79312133789062,4.24,6.0,4.46,1.7599999999999998
2006-01-12,2274.73,63.96,11.2,88.44293212890625,4.28,6.0,4.42,1.7199999999999998
2006-01-13,2274.59,63.86,11.23,88.36051940917969,4.3,6.0,4.36,1.7000000000000002
2006-01-16,2273.31,63.86,11.23,88.36051940917969,4.3,6.0,4.36,1.7000000000000002
2006-01-17,2273.31,66.36,11.91,88.12020874023438,4.32,6.0,4.34,1.6799999999999997
2006-01-18,2270.88,65.76,12.25,87.7699966430664,4.24,6.0,4.34,1.7599999999999998
2006-01-19,2271.55,66.86,11.98,88.1064453125,4.23,6.0,4.38,1.7699999999999996
2006-01-20,2269.7,68.16,14.56,86.49966430664062,4.24,6.0,4.37,1.7599999999999998
2006-01-23,2269.41,68.06,13.93,86.80865478515625,4.26,6.0,4.36,1.7400000000000002
2006-01-24,2262.04,66.83,13.31,86.8979263305664,4.28,6.0,4.4,1.7199999999999998
2006-01-25,2262.87,65.6,12.87,86.97344970703125,4.36,6.0,4.49,1.6399999999999997
2006-01-26,2273.5,65.8,12.42,87.45411682128906,4.37,6.0,4.53,1.63
2006-01-27,2270.85,67.81,11.97,88.26437377929688,4.42,6.0,4.52,1.58
2006-01-30,2266.66,68.36,12.39,88.19570922851562,4.48,6.0,4.54,1.5199999999999996
2006-01-31,2265.65,67.86,12.95,87.55023193359375,4.47,6.0,4.53,1.5300000000000002
2006-02-01,2267.63,66.61,12.36,88.1613998413086,4.47,6.0,4.57,1.5300000000000002
2006-02-02,2267.39,64.71,13.23,87.13824462890625,4.48,6.0,4.57,1.5199999999999996
2006-02-03,2266.07,65.41,12.96,86.70567321777344,4.51,6.0,4.54,1.4900000000000002
2006-02-06,2265.22,65.11,13.04,86.93223571777344,4.51,6.0,4.55,1.4900000000000002
2006-02-07,2259.64,63.01,13.59,86.1632080078125,4.47,6.0,4.57,1.5300000000000002
2006-02-08,2256.57,62.51,12.83,86.94598388671875,4.48,6.0,4.56,1.5199999999999996
2006-02-09,2259.07,62.66,13.12,86.80178833007812,4.52,6.0,4.54,1.4800000000000004
2006-02-10,2256.95,62.01,12.87,86.95973205566406,4.51,6.0,4.59,1.4900000000000002
2006-02-13,2253.1,61.26,13.35,86.80178833007812,4.44,6.0,4.58,1.5599999999999996
2006-02-14,2254.03,59.61,12.25,87.72191619873047,4.45,6.0,4.62,1.5499999999999998
2006-02-15,2254.98,57.61,12.31,88.03093719482422,4.5,6.0,4.61,1.5
2006-02-16,2253.68,58.61,11.48,88.69012451171875,4.48,6.0,4.59,1.5199999999999996
2006-02-17,2254.11,59.76,12.01,88.44981384277344,4.48,6.0,4.54,1.5199999999999996
2006-02-20,2253.89,59.76,12.01,88.44981384277344,4.48,6.0,4.54,1.5199999999999996
2006-02-21,2253.89,61.21,12.41,88.23005676269531,4.54,6.0,4.57,1.46
2006-02-22,2253.42,59.03,11.88,88.76567077636719,4.49,6.0,4.53,1.5099999999999998
2006-02-23,2251.78,58.03,11.87,88.63519287109375,4.47,6.0,4.56,1.5300000000000002
2006-02-24,2249.9,61.46,11.46,88.86183166503906,4.48,6.0,4.58,1.5199999999999996
2006-02-27,2246.18,61.01,11.59,88.8960952758789,4.52,6.0,4.59,1.4800000000000004
2006-02-28,2247.32,61.37,12.34,88.05150604248047,4.52,6.0,4.55,1.4800000000000004
2006-03-01,2245.71,62.01,11.54,88.83432006835938,4.52,6.0,4.59,1.4800000000000004
2006-03-02,2247.48,63.36,11.72,88.8274917602539,4.5,6.0,4.64,1.5
2006-03-03,2251.45,63.61,11.96,88.41546630859375,4.51,6.0,4.68,1.4900000000000002
2006-03-06,2256.17,62.46,12.74,88.01032257080078,4.51,6.0,4.74,1.4900000000000002
2006-03-07,2259.12,61.51,12.66,87.87297821044922,4.51,6.0,4.74,1.4900000000000002
2006-03-08,2258.11,60.06,12.32,88.05841064453125,4.51,6.0,4.73,1.4900000000000002
2006-03-09,2254.55,60.51,12.68,87.4678726196289,4.51,6.0,4.74,1.4900000000000002
2006-03-10,2257.67,59.91,11.85,88.29872131347656,4.51,6.0,4.76,1.4900000000000002
2006-03-13,2265.15,61.81,11.37,88.46353149414062,4.52,6.0,4.77,1.4800000000000004
2006-03-14,2263.46,63.01,10.74,89.39055633544922,4.51,6.0,4.71,1.4900000000000002
2006-03-15,2262.41,62.11,11.35,89.78878021240234,4.47,6.0,4.73,1.5300000000000002
2006-03-16,2259.53,63.46,11.98,89.97419738769531,4.55,6.0,4.65,1.4500000000000002
2006-03-17,2258.01,62.81,12.12,90.04932403564453,4.6,6.0,4.68,1.4000000000000004
2006-03-20,2257.01,60.31,11.79,89.90460968017578,4.55,6.0,4.66,1.4500000000000002
2006-03-21,2257.01,60.41,11.62,89.3392333984375,4.54,6.0,4.71,1.46
2006-03-22,2259.19,60.03,11.21,89.88390350341797,4.58,6.0,4.7,1.42
2006-03-23,2263.31,62.13,11.17,89.69775390625,4.64,6.0,4.73,1.3600000000000003
2006-03-24,2265.49,63.9,11.19,89.7667007446289,4.69,6.0,4.67,1.3099999999999996
2006-03-27,2266.95,63.75,11.46,89.63570404052734,4.77,6.0,4.7,1.2300000000000004
2006-03-28,2268.35,65.65,11.58,89.08415222167969,4.7,6.0,4.79,1.2999999999999998
2006-03-29,2276.08,66.0,10.95,89.64262390136719,4.69,6.0,4.81,1.3099999999999996
2006-03-30,2286.73,66.7,11.57,89.48404693603516,4.76,6.0,4.86,1.2400000000000002
2006-03-31,2289.98,66.25,11.39,89.50472259521484,5.0,6.0,4.86,1.0
2006-04-03,2293.38,66.07,11.57,89.4357681274414,4.87,6.0,4.88,1.13
2006-04-04,2296.18,65.75,11.14,90.00797271728516,4.76,6.0,4.87,1.2400000000000002
2006-04-05,2288.67,66.76,11.13,90.3182144165039,4.76,6.0,4.84,1.2400000000000002
2006-04-06,2294.99,67.22,11.45,90.22166442871094,4.76,6.0,4.9,1.2400000000000002
2006-04-07,2313.05,67.02,12.26,89.3048095703125,4.76,6.0,4.97,1.2400000000000002
2006-04-10,2342.35,68.29,12.19,89.44265747070312,4.78,6.0,4.97,1.2199999999999998
2006-04-11,2352.58,69.03,13.0,88.684326171875,4.74,6.0,4.93,1.2599999999999998
2006-04-12,2336.26,68.53,12.76,88.84981536865234,4.78,6.0,4.98,1.2199999999999998
2006-04-13,2335.16,69.53,12.38,88.73259735107422,4.82,6.0,5.05,1.1799999999999997
2006-04-14,2335.16,69.53,12.38,88.73259735107422,4.8,6.0,5.05,1.2000000000000002
2006-04-17,2335.16,70.3,12.58,88.69811248779297,4.78,6.0,5.01,1.2199999999999998
2006-04-18,2366.15,71.28,11.4,90.1044692993164,4.72,6.0,4.99,1.2800000000000002
2006-04-19,2349.03,72.07,11.32,90.27682495117188,4.7,6.0,5.04,1.2999999999999998
2006-04-20,2344.73,71.96,11.64,90.40095520019531,4.73,6.0,5.04,1.2699999999999996
2006-04-21,2336.1,73.73,11.59,90.41470336914062,4.74,6.0,5.01,1.2599999999999998
2006-04-24,2337.42,70.19,11.75,90.24928283691406,4.77,6.0,4.99,1.2300000000000004
2006-04-25,2332.99,67.43,11.75,89.87698364257812,4.74,6.0,5.07,1.2599999999999998
2006-04-26,2348.49,71.71,11.76,89.89769744873047,4.73,6.0,5.12,1.2699999999999996
2006-04-27,2373.94,70.76,11.84,90.33198547363281,4.79,6.0,5.09,1.21
2006-04-28,2375.66,71.8,11.59,90.63528442382812,4.86,6.0,5.07,1.1399999999999997
2006-05-01,2375.03,73.75,12.54,89.89769744873047,4.84,6.0,5.14,1.1600000000000001
2006-05-02,2375.03,74.62,11.99,90.57328033447266,4.79,6.25,5.12,1.46
2006-05-03,2380.31,72.26,11.99,90.23548126220703,4.81,6.25,5.15,1.4400000000000004
2006-05-04,2377.59,69.98,11.86,90.55947875976562,4.83,6.25,5.16,1.42
2006-05-05,2381.36,70.09,11.62,91.35920715332031,4.83,6.25,5.12,1.42
2006-05-08,2370.63,69.75,12.0,91.24891662597656,4.88,6.25,5.12,1.37
2006-05-09,2351.06,70.71,11.99,91.42817687988281,4.78,6.25,5.13,1.4699999999999998
2006-05-10,2338.76,72.15,11.78,91.37992858886719,4.88,6.25,5.13,1.37
2006-05-11,2329.35,73.0,12.49,90.27682495117188,4.99,6.25,5.14,1.2599999999999998
2006-05-12,2346.06,71.87,14.19,89.09795379638672,5.01,6.25,5.19,1.2400000000000002
2006-05-15,2375.86,69.25,13.57,89.27721405029297,5.01,6.25,5.15,1.2400000000000002
2006-05-16,2424.27,69.4,13.35,89.14622497558594,4.98,6.25,5.1,1.2699999999999996
2006-05-17,2410.96,68.65,16.26,87.45030975341797,4.96,6.25,5.16,1.29
2006-05-18,2435.52,69.63,16.99,87.00908660888672,5.0,6.25,5.08,1.25
2006-05-19,2450.63,68.44,17.18,87.62266540527344,5.0,6.25,5.05,1.25
2006-05-22,2452.5,69.23,17.72,86.95392608642578,5.0,6.25,5.04,1.25
2006-05-23,2493.98,70.78,18.26,86.29212951660156,4.94,6.25,5.07,1.3099999999999996
2006-05-24,2490.06,69.47,17.36,86.98150634765625,4.9,6.25,5.03,1.3499999999999996
2006-05-25,2518.34,70.92,15.5,88.05694580078125,5.01,6.25,5.07,1.2400000000000002
2006-05-26,2517.44,71.35,14.26,88.50507354736328,4.99,6.25,5.06,1.2599999999999998
2006-05-29,2475.75,71.35,14.26,88.50507354736328,4.99,6.25,5.06,1.2599999999999998
2006-05-30,2475.75,71.85,18.66,86.93323516845703,5.02,6.25,5.09,1.2300000000000004
2006-05-31,2482.41,71.42,16.44,87.90531158447266,5.05,6.25,5.12,1.2000000000000002
2006-06-01,2486.07,70.11,14.52,88.7463607788086,5.02,6.25,5.11,1.2300000000000004
2006-06-02,2484.62,72.73,14.32,88.93253326416016,4.97,6.25,5.0,1.2800000000000002
2006-06-05,2450.8,72.5,16.65,87.63644409179688,5.01,6.25,5.02,1.2400000000000002
2006-06-06,2443.72,72.43,17.34,87.4227294921875,4.99,6.25,5.01,1.2599999999999998
2006-06-07,2470.99,70.9,17.8,86.7677993774414,4.99,6.25,5.02,1.2599999999999998
2006-06-08,2482.15,70.25,18.35,86.69196319580078,5.02,6.25,5.0,1.2300000000000004
2006-06-09,2511.34,71.62,18.12,86.41621398925781,5.0,6.25,4.98,1.25
2006-06-12,2510.82,70.28,20.96,85.4786148071289,5.01,6.25,4.99,1.2400000000000002
2006-06-13,2534.83,68.48,23.81,84.48590087890625,5.0,6.25,4.97,1.25
2006-06-14,2569.1,69.12,21.46,85.14082336425781,5.0,6.25,5.05,1.25
2006-06-15,2570.11,69.78,15.9,86.947021484375,5.02,6.25,5.1,1.2300000000000004
2006-06-16,2564.3,69.75,17.25,86.31346130371094,4.94,6.25,5.13,1.3099999999999996
2006-06-19,2559.04,69.21,17.83,85.63487243652344,4.95,6.25,5.14,1.2999999999999998
2006-06-20,2559.04,69.3,16.69,85.92566680908203,4.92,6.25,5.15,1.33
2006-06-21,2568.12,70.07,15.52,86.562744140625,4.91,6.5,5.16,1.5899999999999999
2006-06-22,2566.76,70.62,15.88,86.18189239501953,4.98,6.5,5.2,1.5199999999999996
2006-06-23,2578.02,70.5,15.89,86.16808319091797,4.98,6.5,5.23,1.5199999999999996
2006-06-26,2607.13,71.63,15.62,86.54891967773438,5.03,6.5,5.25,1.4699999999999998
2006-06-27,2607.13,72.05,16.4,85.80101776123047,5.02,6.5,5.21,1.4800000000000004
2006-06-28,2619.75,72.15,15.79,86.38272094726562,5.06,6.5,5.25,1.4400000000000004
2006-06-29,2634.06,73.5,13.03,88.1276626586914,5.08,6.5,5.22,1.42
2006-06-30,2633.12,73.94,13.08,88.13455963134766,5.05,6.5,5.15,1.4500000000000002
2006-07-03,2579.08,73.94,13.05,88.49466705322266,5.25,6.5,5.15,1.25
2006-07-04,2579.08,73.94,13.05,88.49466705322266,5.25,6.5,5.15,1.25
2006-07-05,2579.08,75.2,14.15,87.98916625976562,5.25,6.5,5.23,1.25
2006-07-06,2574.74,75.0,13.65,88.245361328125,5.24,6.5,5.19,1.2599999999999998
2006-07-07,2562.85,73.76,13.97,87.67066955566406,5.22,6.5,5.14,1.2800000000000002
2006-07-10,2525.5,73.5,14.02,87.83683013916016,5.24,6.5,5.13,1.2599999999999998
2006-07-11,2491.45,74.05,13.14,88.2245864868164,5.25,6.5,5.1,1.25
2006-07-12,2488.33,74.99,14.49,87.28289031982422,5.27,6.5,5.1,1.2300000000000004
2006-07-13,2512.4,76.7,17.79,85.86335754394531,5.26,6.5,5.08,1.2400000000000002
2006-07-14,2534.13,76.8,18.05,85.53096771240234,5.26,6.5,5.07,1.2400000000000002
2006-07-17,2549.77,75.7,18.64,85.4063491821289,5.28,6.5,5.07,1.2199999999999998
2006-07-18,2556.72,73.87,17.74,85.84259033203125,5.22,6.5,5.13,1.2800000000000002
2006-07-19,2531.85,72.79,15.55,87.03361511230469,5.23,6.5,5.06,1.2699999999999996
2006-07-20,2521.18,74.0,16.21,86.43807220458984,5.24,6.5,5.03,1.2599999999999998
2006-07-21,2521.18,73.52,17.4,85.8287353515625,5.23,6.5,5.05,1.2699999999999996
2006-07-24,2470.32,74.29,14.98,87.39366149902344,5.24,6.5,5.05,1.2599999999999998
2006-07-25,2450.79,73.46,14.85,87.70527648925781,5.24,6.5,5.07,1.2599999999999998
2006-07-26,2458.56,73.82,14.62,87.82298278808594,5.24,6.5,5.04,1.2599999999999998
2006-07-27,2466.95,74.5,14.94,87.7398910522461,5.27,6.5,5.07,1.2300000000000004
2006-07-28,2443.35,73.3,14.33,88.61929321289062,5.26,6.5,5.0,1.2400000000000002
2006-07-31,2426.0,74.56,14.95,88.52925872802734,5.31,6.5,4.99,1.1900000000000004
2006-08-01,2426.52,74.93,15.05,88.0930404663086,5.27,6.5,4.99,1.2300000000000004
2006-08-02,2436.43,76.16,14.34,88.68853759765625,5.25,6.5,4.96,1.25
2006-08-03,2429.24,75.59,14.46,88.92398834228516,5.27,6.5,4.96,1.2300000000000004
2006-08-04,2415.51,74.78,14.34,88.77163696289062,5.25,6.5,4.91,1.25
2006-08-07,2389.87,77.05,15.23,88.56388854980469,5.24,6.5,4.93,1.2599999999999998
2006-08-08,2389.87,76.29,15.23,88.2245864868164,5.26,6.5,4.93,1.2400000000000002
2006-08-09,2388.13,76.28,15.2,87.9268569946289,5.25,6.5,4.92,1.25
2006-08-10,2363.82,74.17,14.46,88.19691467285156,5.24,6.5,4.93,1.2599999999999998
2006-08-11,2363.56,74.38,14.3,87.94762420654297,5.24,6.5,4.97,1.2599999999999998
2006-08-14,2371.77,73.33,14.26,88.01687622070312,5.26,6.5,5.0,1.2400000000000002
2006-08-15,2372.95,72.95,13.42,89.06941223144531,5.24,6.5,4.93,1.2599999999999998
2006-08-16,2362.28,71.64,12.41,89.810302734375,5.17,6.5,4.87,1.33
2006-08-17,2356.49,70.12,12.24,90.03884887695312,5.2,6.5,4.87,1.2999999999999998
2006-08-18,2366.36,70.93,11.64,90.49583435058594,5.25,6.5,4.84,1.25
2006-08-21,2370.49,72.45,12.22,90.10804748535156,5.24,6.5,4.82,1.2599999999999998
2006-08-22,2370.49,72.55,12.19,90.10112762451172,5.24,6.75,4.82,1.5099999999999998
2006-08-23,2362.67,71.45,12.4,89.85184478759766,5.25,6.75,4.82,1.5
2006-08-24,2374.59,72.02,12.4,89.77566528320312,5.25,6.75,4.81,1.5
2006-08-25,2398.0,72.13,12.31,89.88646697998047,5.25,6.75,4.79,1.5
2006-08-28,2425.65,70.47,12.18,90.31580352783203,5.25,6.75,4.8,1.5
2006-08-29,2409.54,69.74,12.28,90.41968536376953,5.23,6.75,4.79,1.5199999999999996
2006-08-30,2402.07,70.2,12.22,90.47500610351562,5.25,6.75,4.76,1.5
2006-08-31,2396.63,70.38,12.31,90.46121215820312,5.31,6.75,4.74,1.4400000000000004
2006-09-01,2398.56,69.24,11.96,91.00131225585938,5.25,6.75,4.73,1.5
2006-09-04,2398.83,69.24,11.96,91.00131225585938,5.25,6.75,4.73,1.5
2006-09-05,2398.83,68.7,12.63,91.17440795898438,5.26,6.75,4.78,1.4900000000000002
2006-09-06,2377.18,67.75,13.74,90.37117004394531,5.21,6.75,4.8,1.54
2006-09-07,2381.46,67.37,13.88,89.95574951171875,5.23,6.75,4.8,1.5199999999999996
2006-09-08,2387.31,66.3,13.16,90.21192932128906,5.23,6.75,4.78,1.5199999999999996
2006-09-11,2388.54,65.42,12.99,90.3019790649414,5.24,6.75,4.8,1.5099999999999998
2006-09-12,2409.93,63.81,11.92,91.18827819824219,5.21,6.75,4.78,1.54
2006-09-13,2406.89,64.09,11.18,91.55528259277344,5.26,6.75,4.77,1.4900000000000002
2006-09-14,2399.92,63.27,11.55,91.56221771240234,5.26,6.75,4.79,1.4900000000000002
2006-09-15,2392.81,63.3,11.76,91.77713775634766,5.25,6.75,4.8,1.5
2006-09-18,2390.66,63.84,11.78,91.9023208618164,5.23,6.75,4.81,1.5199999999999996
2006-09-19,2395.43,61.77,11.98,91.67279052734375,5.21,6.75,4.74,1.54
2006-09-20,2396.41,60.0,11.39,92.15963745117188,5.23,6.75,4.73,1.5199999999999996
2006-09-21,2399.46,61.62,12.25,91.71449279785156,5.24,6.75,4.65,1.5099999999999998
2006-09-22,2408.62,59.79,12.59,91.43628692626953,5.27,6.75,4.6,1.4800000000000004
2006-09-25,2417.23,60.74,12.12,92.13874816894531,5.3,6.75,4.56,1.4500000000000002
2006-09-26,2420.25,60.63,11.53,92.90380859375,5.25,6.75,4.59,1.5
2006-09-27,2411.68,62.96,11.58,93.01507568359375,5.3,6.75,4.6,1.4500000000000002
2006-09-28,2399.36,62.46,11.72,92.98030090332031,5.28,6.75,4.63,1.4699999999999998
2006-09-29,2397.07,62.9,11.98,92.90380859375,5.34,6.75,4.64,1.4100000000000001
2006-10-02,2394.31,60.96,12.57,92.55608367919922,5.33,7.0,4.62,1.67
2006-10-03,2390.41,58.64,12.24,92.75079345703125,5.25,7.0,4.62,1.75
2006-10-04,2396.38,59.53,11.86,93.83574676513672,5.23,7.0,4.57,1.7699999999999996
2006-10-05,2403.43,60.02,11.98,94.0165786743164,5.23,7.0,4.61,1.7699999999999996
2006-10-06,2393.47,59.68,11.56,93.89833068847656,5.22,7.0,4.7,1.7800000000000002
2006-10-09,2395.23,59.93,11.68,93.95401763916016,5.22,7.0,4.7,1.7800000000000002
2006-10-10,2395.23,58.5,11.52,94.0792236328125,5.28,7.0,4.75,1.7199999999999998
2006-10-11,2387.11,57.56,11.62,93.96791076660156,5.25,7.0,4.78,1.75
2006-10-12,2389.07,58.23,11.09,94.78160858154297,5.25,7.0,4.79,1.75
2006-10-13,2374.51,58.69,10.75,95.02503204345703,5.21,7.0,4.81,1.79
2006-10-16,2356.53,59.91,11.09,95.17113494873047,5.28,7.0,4.79,1.7199999999999998
2006-10-17,2356.53,58.91,11.73,94.87203979492188,5.21,7.0,4.78,1.79
2006-10-18,2359.41,57.66,11.34,94.9972152709961,5.23,7.0,4.77,1.7699999999999996
2006-10-19,2348.43,58.55,10.9,95.15021514892578,5.22,7.0,4.79,1.7800000000000002
2006-10-20,2345.49,57.35,10.63,95.17113494873047,5.25,7.0,4.79,1.75
2006-10-23,2340.89,56.74,11.08,95.60928344726562,5.24,7.0,4.83,1.7599999999999998
2006-10-24,2341.51,57.55,10.78,95.89440155029297,5.24,7.0,4.83,1.7599999999999998
2006-10-25,2341.33,59.09,10.66,96.22130584716797,5.26,7.0,4.78,1.7400000000000002
2006-10-26,2339.92,60.27,10.56,96.52034759521484,5.23,7.0,4.73,1.7699999999999996
2006-10-27,2327.23,60.75,10.8,95.91526794433594,5.23,7.0,4.68,1.7699999999999996
2006-10-30,2314.76,58.41,11.2,95.84571838378906,5.27,7.25,4.68,1.9800000000000004
2006-10-31,2315.38,58.72,11.1,95.83180236816406,5.31,7.25,4.61,1.9400000000000004
2006-11-01,2308.49,58.64,11.51,95.18502807617188,5.23,7.25,4.57,2.0199999999999996
2006-11-02,2302.64,57.87,11.42,95.12935638427734,5.22,7.25,4.6,2.0300000000000002
2006-11-03,2296.65,59.13,11.16,94.96245574951172,5.25,7.25,4.72,2.0
2006-11-06,2300.88,60.11,11.16,96.03350830078125,5.25,7.25,4.71,2.0
2006-11-07,2300.88,58.94,11.09,96.40214538574219,5.22,7.25,4.66,2.0300000000000002
2006-11-08,2288.13,59.93,10.75,96.61078643798828,5.22,7.25,4.64,2.0300000000000002
2006-11-09,2282.52,61.18,11.01,96.1030502319336,5.23,7.25,4.62,2.0199999999999996
2006-11-10,2268.47,59.66,10.79,96.1447525024414,5.23,7.25,4.59,2.0199999999999996
2006-11-13,2277.66,58.59,10.86,96.3812484741211,5.27,7.25,4.61,1.9800000000000004
2006-11-14,2277.66,58.28,10.5,97.10456848144531,5.27,7.25,4.57,1.9800000000000004
2006-11-15,2277.21,58.79,10.31,97.38275909423828,5.29,7.25,4.61,1.96
2006-11-16,2274.26,56.23,10.16,97.63318634033203,5.25,7.25,4.66,2.0
2006-11-17,2276.37,55.9,10.05,97.66092681884766,5.2,7.25,4.61,2.05
2006-11-20,2285.65,56.42,9.97,97.71660614013672,5.25,7.25,4.6,2.0
2006-11-21,2283.99,58.01,9.9,97.81392669677734,5.29,7.25,4.58,1.96
2006-11-22,2282.67,57.28,10.14,98.00873565673828,5.26,7.25,4.57,1.9900000000000002
2006-11-23,2283.33,57.28,10.14,98.00873565673828,5.26,7.25,4.57,1.9900000000000002
2006-11-24,2283.33,57.28,10.73,97.61228942871094,5.24,7.25,4.55,2.01
2006-11-27,2298.52,60.3,12.3,96.26996612548828,5.32,7.25,4.54,1.9299999999999997
2006-11-28,2320.64,60.97,11.62,96.68727111816406,5.24,7.25,4.51,2.01
2006-11-29,2317.35,62.45,10.83,97.69574737548828,5.26,7.25,4.52,1.9900000000000002
2006-11-30,2300.42,62.97,10.91,97.73746490478516,5.31,7.25,4.46,1.9400000000000004
2006-12-01,2295.99,63.43,11.66,97.5218505859375,5.27,7.25,4.43,1.9800000000000004
2006-12-04,2293.42,62.39,11.23,98.26602172851562,5.22,7.25,4.43,2.0300000000000002
2006-12-05,2292.63,62.4,11.27,98.69024658203125,5.21,7.25,4.45,2.04
2006-12-06,2278.97,62.2,11.33,98.60687255859375,5.22,7.25,4.48,2.0300000000000002
2006-12-07,2279.82,62.54,12.67,98.17561340332031,5.25,7.25,4.49,2.0
2006-12-08,2280.5,62.06,12.07,98.35647583007812,5.25,7.25,4.56,2.0
2006-12-11,2280.5,61.26,10.71,98.64160919189453,5.25,7.25,4.52,2.0
2006-12-12,2272.09,61.06,10.65,98.56510925292969,5.23,7.25,4.49,2.0199999999999996
2006-12-13,2272.27,61.34,10.18,98.66940307617188,5.23,7.25,4.58,2.0199999999999996
2006-12-14,2272.75,62.48,9.97,99.53875732421875,5.29,7.25,4.6,1.96
2006-12-15,2270.18,63.4,10.05,99.5478744506836,5.27,7.25,4.6,1.9800000000000004
2006-12-18,2262.15,62.19,10.6,99.275146484375,5.21,7.5,4.6,2.29
2006-12-19,2255.38,62.87,10.3,99.4639663696289,5.21,7.5,4.6,2.29
2006-12-20,2249.28,63.08,10.26,99.40801239013672,5.26,7.5,4.6,2.24
2006-12-21,2234.36,62.05,10.53,99.04436492919922,5.25,7.5,4.55,2.25
2006-12-22,2229.28,61.81,11.36,98.43587493896484,5.24,7.5,4.63,2.26
2006-12-25,2228.76,61.81,11.36,98.43587493896484,5.24,7.5,4.63,2.26
2006-12-26,2228.76,61.07,11.26,99.01641082763672,5.29,7.5,4.61,2.21
2006-12-27,2225.44,60.31,10.64,99.6667251586914,5.17,7.5,4.66,2.33
2006-12-28,2233.31,60.39,10.99,99.45695495605469,5.25,7.5,4.7,2.25
2006-12-29,2238.79,60.85,11.56,99.04436492919922,5.17,7.5,4.71,2.33
2007-01-01,2238.79,60.85,11.56,99.04436492919922,5.17,7.5,4.71,2.33
2007-01-02,2238.79,60.77,11.56,99.04436492919922,5.3,7.5,4.68,2.2
2007-01-03,2231.42,58.31,12.04,98.86946105957031,5.28,7.5,4.67,2.2199999999999998
2007-01-04,2218.11,55.65,11.51,99.079345703125,5.24,7.5,4.62,2.26
2007-01-05,2218.05,56.29,12.14,98.28902435302734,5.21,7.5,4.65,2.29
2007-01-08,2228.38,56.08,12.0,98.74359130859375,5.23,7.5,4.66,2.2699999999999996
2007-01-09,2228.38,55.65,11.91,98.65969848632812,5.25,7.5,4.66,2.25
2007-01-10,2238.52,53.95,11.47,98.98839569091797,5.26,7.5,4.69,2.24
2007-01-11,2250.6,51.91,10.87,99.42202758789062,5.27,7.5,4.74,2.2300000000000004
2007-01-12,2231.48,52.96,10.15,100.1773452758789,5.22,7.5,4.77,2.2800000000000002
2007-01-15,2221.35,52.96,10.15,100.1773452758789,5.22,7.5,4.77,2.2800000000000002
2007-01-16,2221.35,51.23,10.74,99.98147583007812,5.28,7.5,4.75,2.2199999999999998
2007-01-17,2221.96,52.3,10.59,100.02346801757812,5.25,7.5,4.79,2.25
2007-01-18,2224.22,50.51,10.85,99.68770599365234,5.23,7.5,4.75,2.2699999999999996
2007-01-19,2226.06,51.98,10.4,99.88359832763672,5.25,7.5,4.78,2.25
2007-01-22,2229.29,51.11,10.77,99.57583618164062,5.24,7.5,4.76,2.26
2007-01-23,2240.32,53.61,10.34,99.86958312988281,5.26,7.5,4.81,2.24
2007-01-24,2250.38,54.24,9.89,100.6738510131836,5.27,7.5,4.81,2.2300000000000004
2007-01-25,2254.67,53.49,11.22,99.49195098876953,5.31,7.5,4.87,2.1900000000000004
2007-01-26,2252.88,55.38,11.13,99.40103149414062,5.26,7.5,4.88,2.24
2007-01-29,2259.43,54.01,11.45,99.34508514404297,5.26,7.75,4.9,2.49
2007-01-30,2261.22,57.03,10.96,99.86257934570312,5.23,7.75,4.88,2.5199999999999996
2007-01-31,2259.72,58.17,10.42,100.53400421142578,5.33,7.75,4.83,2.42
2007-02-01,2255.17,57.35,10.31,101.13546752929688,5.29,7.75,4.84,2.46
2007-02-02,2246.06,59.01,10.08,101.27529907226562,5.24,7.75,4.83,2.51
2007-02-05,2241.53,58.69,10.55,101.30329895019531,5.25,7.75,4.81,2.5
2007-02-06,2229.3,58.91,10.65,101.3312759399414,5.24,7.75,4.77,2.51
2007-02-07,2232.37,57.75,10.32,101.55509948730469,5.23,7.75,4.74,2.5199999999999996
2007-02-08,2235.3,59.76,10.44,101.42223358154297,5.25,7.75,4.73,2.5
2007-02-09,2239.2,59.86,11.1,100.6668930053711,5.25,7.75,4.79,2.5
2007-02-12,2229.87,57.76,11.61,100.32415008544922,5.28,7.75,4.8,2.4699999999999998
2007-02-13,2230.4,58.98,10.34,101.1704330444336,5.26,7.75,4.82,2.49
2007-02-14,2223.3,58.0,10.23,101.8348388671875,5.27,7.75,4.74,2.4800000000000004
2007-02-15,2221.43,57.92,10.22,101.96768951416016,5.29,7.75,4.7,2.46
2007-02-16,2219.15,59.38,10.02,101.91870880126953,5.24,7.75,4.69,2.51
2007-02-19,2221.7,59.38,10.02,101.91870880126953,5.24,7.75,4.69,2.51
2007-02-20,2221.7,58.32,10.24,102.13554382324219,5.27,7.75,4.68,2.4800000000000004
2007-02-21,2220.76,59.4,10.2,102.0936050415039,5.23,7.75,4.69,2.5199999999999996
2007-02-22,2218.78,60.28,10.18,102.01663970947266,5.26,7.75,4.73,2.49
2007-02-23,2214.44,60.28,10.58,101.61800384521484,5.24,7.75,4.68,2.51
2007-02-26,2216.57,61.41,11.15,101.52711486816406,5.3,8.0,4.63,2.7
2007-02-27,2211.46,61.46,18.31,97.56163787841797,5.27,8.0,4.5,2.7300000000000004
2007-02-28,2224.12,61.78,15.42,98.56175994873047,5.41,8.0,4.56,2.59
2007-03-01,2231.94,61.97,15.82,98.26808166503906,5.31,8.0,4.56,2.6900000000000004
2007-03-02,2246.88,61.58,18.61,96.98120880126953,5.23,8.0,4.52,2.7699999999999996
2007-03-05,2242.62,60.05,19.63,96.05805206298828,5.27,8.0,4.51,2.7300000000000004
2007-03-06,2245.71,60.66,15.96,97.7015380859375,5.22,8.0,4.53,2.7800000000000002
2007-03-07,2222.45,61.85,15.24,97.60368347167969,5.24,8.0,4.5,2.76
2007-03-08,2218.94,61.63,14.29,98.42890167236328,5.24,8.0,4.51,2.76
2007-03-09,2214.05,60.06,14.09,98.45685577392578,5.24,8.0,4.59,2.76
2007-03-12,2210.98,58.94,13.99,98.60372924804688,5.25,8.0,4.56,2.75
2007-03-13,2205.77,58.03,18.13,96.6874771118164,5.25,8.0,4.5,2.75
2007-03-14,2206.38,58.15,17.27,97.4078598022461,5.27,8.0,4.53,2.7300000000000004
2007-03-15,2210.12,57.52,16.43,97.54070281982422,5.29,8.0,4.54,2.71
2007-03-16,2197.76,57.06,16.79,97.2675552368164,5.25,8.0,4.55,2.75
2007-03-19,2204.05,56.65,14.59,98.44013977050781,5.26,8.0,4.58,2.74
2007-03-20,2204.05,56.41,13.27,98.9808120727539,5.26,8.0,4.56,2.74
2007-03-21,2186.21,56.98,12.19,100.60975646972656,5.26,8.0,4.53,2.74
2007-03-22,2172.6,60.21,12.93,100.53253173828125,5.27,8.0,4.6,2.7300000000000004
2007-03-23,2168.95,61.07,12.95,100.67996215820312,5.24,8.0,4.62,2.76
2007-03-26,2174.72,61.77,13.16,100.54661560058594,5.28,8.25,4.6,2.9699999999999998
2007-03-27,2172.14,62.98,13.48,100.30784606933594,5.25,8.25,4.62,3.0
2007-03-28,2172.09,64.11,14.98,99.57759094238281,5.27,8.25,4.62,2.9800000000000004
2007-03-29,2169.67,66.1,15.14,99.68297576904297,5.29,8.25,4.64,2.96
2007-03-30,2155.06,65.94,14.64,99.70399475097656,5.3,8.25,4.65,2.95
2007-04-02,2190.3,66.03,14.53,99.81636047363281,5.25,8.25,4.65,3.0
2007-04-03,2189.18,64.59,13.46,100.89063262939453,5.2,8.25,4.67,3.05
2007-04-04,2171.47,64.4,13.24,101.00296783447266,5.21,8.25,4.66,3.04
2007-04-05,2166.93,64.26,13.23,101.27678680419922,5.3,8.25,4.68,2.95
2007-04-06,2166.93,64.26,13.23,101.27678680419922,5.3,8.25,4.76,2.95
2007-04-09,2166.93,61.51,13.14,101.41719818115234,5.28,8.25,4.75,2.9699999999999998
2007-04-10,2164.55,61.92,12.68,101.53658294677734,5.26,8.25,4.73,2.99
2007-04-11,2157.82,61.98,13.49,101.12232208251953,5.24,8.25,4.74,3.01
2007-04-12,2154.61,63.87,12.71,101.57169342041016,5.27,8.25,4.74,2.9800000000000004
2007-04-13,2152.65,63.63,12.2,102.03508758544922,5.25,8.25,4.76,3.0
2007-04-16,2138.74,63.63,11.98,103.00407409667969,5.29,8.25,4.74,2.96
2007-04-17,2136.82,63.14,12.14,103.27787780761719,5.2,8.25,4.69,3.05
2007-04-18,2141.35,63.14,12.42,103.40426635742188,5.19,8.25,4.66,3.0599999999999996
2007-04-19,2148.46,61.81,12.54,103.37618255615234,5.23,8.25,4.68,3.0199999999999996
2007-04-20,2143.31,63.56,12.07,104.35213470458984,5.25,8.25,4.68,3.0
2007-04-23,2121.42,65.33,13.04,103.95895385742188,5.23,8.25,4.66,3.0199999999999996
2007-04-24,2115.56,64.1,13.12,104.00113677978516,5.2,8.25,4.63,3.05
2007-04-25,2119.37,65.33,13.21,104.95602416992188,5.19,8.25,4.66,3.0599999999999996
2007-04-26,2112.61,65.08,12.79,105.07537078857422,5.24,8.25,4.69,3.01
2007-04-27,2111.52,66.45,12.45,104.99105834960938,5.24,8.25,4.71,3.01
2007-04-30,2110.67,65.78,14.22,104.12046813964844,5.29,8.25,4.63,2.96
2007-05-01,2104.16,64.43,13.51,104.38731384277344,5.26,8.25,4.64,2.99
2007-05-02,2104.16,63.78,13.08,104.99812316894531,5.21,8.5,4.65,3.29
2007-05-03,2085.18,63.23,13.09,105.56684875488281,5.24,8.5,4.68,3.26
2007-05-04,2077.12,61.89,12.91,105.96711730957031,5.24,8.5,4.65,3.26
2007-05-07,2069.01,61.48,13.15,105.98815155029297,5.24,8.5,4.64,3.26
2007-05-08,2081.24,62.26,13.21,105.84773254394531,5.21,8.5,4.63,3.29
2007-05-09,2074.03,61.54,12.88,106.13558959960938,5.21,8.5,4.67,3.29
2007-05-10,2045.51,61.85,13.6,105.02622985839844,5.25,8.5,4.65,3.25
2007-05-11,2041.39,62.35,12.95,105.9249496459961,5.27,8.5,4.67,3.2300000000000004
2007-05-14,2029.2,62.55,13.96,105.69320678710938,5.26,8.5,4.69,3.24
2007-05-15,2002.04,63.16,14.01,105.72136688232422,5.29,8.5,4.71,3.21
2007-05-16,1995.17,62.57,13.5,106.44454193115234,5.25,8.5,4.71,3.25
2007-05-17,1988.01,64.83,13.51,106.2339096069336,5.25,8.5,4.76,3.25
2007-05-18,1990.43,64.93,12.76,107.1607437133789,5.24,8.5,4.81,3.26
2007-05-21,1985.33,66.25,13.3,107.10456848144531,5.24,8.5,4.79,3.26
2007-05-22,1985.33,64.91,13.06,107.02031707763672,5.23,8.75,4.83,3.5199999999999996
2007-05-23,1957.54,65.1,13.24,107.03433990478516,5.25,8.75,4.86,3.5
2007-05-24,1963.56,63.62,14.08,106.06538391113281,5.24,8.75,4.86,3.51
2007-05-25,1962.59,64.59,13.34,106.50773620605469,5.29,8.75,4.86,3.46
2007-05-28,1934.55,64.59,13.34,106.50773620605469,5.29,8.75,4.86,3.46
2007-05-29,1934.55,63.19,13.53,106.8939208984375,5.29,8.75,4.88,3.46
2007-05-30,1914.96,63.47,12.83,107.76453399658203,5.25,8.75,4.88,3.5
2007-05-31,1930.64,64.02,13.05,107.6522445678711,5.28,8.75,4.9,3.4699999999999998
2007-06-01,1900.09,65.09,12.78,108.18585968017578,5.23,8.75,4.95,3.5199999999999996
2007-06-04,1885.8,66.17,13.29,108.19989776611328,5.24,8.75,4.93,3.51
2007-06-05,1882.06,65.63,13.63,107.77157592773438,5.19,8.75,4.98,3.5599999999999996
2007-06-06,1877.88,65.97,14.87,106.6130599975586,5.25,8.75,4.97,3.5
2007-06-07,1886.92,66.93,17.06,104.68919372558594,5.25,8.75,5.11,3.5
2007-06-08,1900.68,64.78,14.84,106.0513687133789,5.26,8.75,5.12,3.49
2007-06-11,1924.54,65.93,14.71,106.2339096069336,5.27,8.75,5.14,3.4800000000000004
2007-06-12,1924.54,65.36,16.67,105.07537078857422,5.26,8.75,5.26,3.49
2007-06-13,1931.36,66.17,14.73,106.64817810058594,5.26,8.75,5.2,3.49
2007-06-14,1947.37,67.62,13.64,107.32919311523438,5.28,8.75,5.23,3.4699999999999998
2007-06-15,1945.09,68.04,13.94,107.93994140625,5.26,8.75,5.16,3.49
2007-06-18,1920.25,69.06,13.42,107.8130111694336,5.23,8.75,5.15,3.5199999999999996
2007-06-19,1920.25,69.15,12.85,108.0809555053711,5.21,9.0,5.09,3.79
2007-06-20,1896.07,68.5,14.67,106.57896423339844,5.27,9.0,5.14,3.7300000000000004
2007-06-21,1905.13,68.35,14.21,107.17127227783203,5.26,9.0,5.16,3.74
2007-06-22,1938.17,68.85,15.75,106.16289520263672,5.24,9.0,5.14,3.76
2007-06-25,1944.01,68.83,16.65,105.65515899658203,5.29,9.0,5.09,3.71
2007-06-26,1960.32,67.78,18.89,104.56924438476562,5.25,9.0,5.1,3.75
2007-06-27,1965.31,68.98,15.53,106.05709075927734,5.26,9.0,5.09,3.74
2007-06-28,1982.29,69.61,15.54,106.04299926757812,5.26,9.0,5.12,3.74
2007-06-29,1958.09,70.47,16.23,106.0782470703125,5.31,9.0,5.03,3.6900000000000004
2007-07-02,1960.61,71.11,15.4,107.03734588623047,5.31,9.0,5.0,3.6900000000000004
2007-07-03,1960.61,71.41,14.92,107.42512512207031,5.24,9.0,5.05,3.76
2007-07-04,1958.95,71.41,14.92,107.42512512207031,5.24,9.0,5.05,3.76
2007-07-05,1958.95,71.81,15.48,107.31231689453125,5.25,9.0,5.16,3.75
2007-07-06,1969.36,72.8,14.72,107.87645721435547,5.22,9.0,5.19,3.7800000000000002
2007-07-09,1962.55,72.14,15.16,107.9610824584961,5.22,9.0,5.16,3.7800000000000002
2007-07-10,1945.94,72.8,17.57,106.423828125,5.24,9.0,5.03,3.76
2007-07-11,1960.31,72.58,16.64,107.1783218383789,5.24,9.0,5.09,3.76
2007-07-12,1964.82,72.55,15.54,108.8707504272461,5.26,9.0,5.13,3.74
2007-07-13,1954.48,73.89,15.15,109.19512176513672,5.25,9.0,5.11,3.75
2007-07-16,1956.05,74.11,15.59,109.18099212646484,5.32,9.0,5.05,3.6799999999999997
2007-07-17,1942.43,74.03,15.63,109.1246109008789,5.28,9.0,5.08,3.7199999999999998
2007-07-18,1931.04,75.03,16.0,108.9271469116211,5.26,9.0,5.02,3.74
2007-07-19,1928.59,75.9,15.23,109.35022735595703,5.25,9.0,5.04,3.75
2007-07-20,1921.04,75.53,16.95,108.24314880371094,5.25,9.0,4.96,3.75
2007-07-23,1921.04,74.65,16.81,108.57460021972656,5.26,9.0,4.97,3.74
2007-07-24,1912.9,73.38,18.55,106.69178009033203,5.25,9.0,4.94,3.75
2007-07-25,1916.23,75.74,18.1,106.91034698486328,5.32,9.0,4.92,3.6799999999999997
2007-07-26,1935.68,74.96,20.74,104.37886810302734,5.28,9.0,4.79,3.7199999999999998
2007-07-27,1981.58,77.03,24.17,102.3267822265625,5.25,9.0,4.8,3.75
2007-07-30,1984.1,76.82,20.87,103.92749786376953,5.29,9.25,4.82,3.96
2007-07-31,1971.8,78.2,23.52,102.75691986083984,5.28,9.25,4.78,3.9699999999999998
2007-08-01,1958.5,76.49,23.67,103.25760650634766,5.3,9.25,4.76,3.95
2007-08-02,1971.2,76.84,21.22,104.0826644897461,5.24,9.25,4.77,4.01
2007-08-03,1957.68,75.41,25.16,101.40306091308594,5.24,9.25,4.71,4.01
2007-08-06,1963.69,72.03,22.94,103.10252380371094,5.26,9.25,4.72,3.99
2007-08-07,1976.89,72.25,21.56,104.2025375366211,5.26,9.25,4.77,3.99
2007-08-08,1976.89,72.23,21.45,105.65515899658203,5.27,9.25,4.84,3.9800000000000004
2007-08-09,1957.58,71.62,26.48,102.52418518066406,5.41,9.25,4.79,3.84
2007-08-10,1981.9,71.49,28.3,102.04472351074219,4.68,9.25,4.81,4.57
2007-08-13,2006.79,71.6,26.57,102.41139221191406,4.81,9.25,4.78,4.44
2007-08-14,1997.38,72.4,27.68,100.84596252441406,4.54,9.25,4.73,4.71
2007-08-15,2016.3,73.36,30.67,99.45673370361328,4.71,9.25,4.69,4.54
2007-08-16,2048.44,70.99,30.83,100.20423889160156,4.97,9.25,4.6,4.28
2007-08-17,2124.4,71.9,29.99,102.04472351074219,4.91,9.25,4.68,4.34
2007-08-20,2113.54,71.12,26.33,101.995361328125,5.03,9.25,4.64,4.22
2007-08-21,2113.54,69.49,25.25,102.19985961914062,4.89,9.25,4.6,4.36
2007-08-22,2154.94,69.3,22.89,103.41275787353516,4.77,9.25,4.63,4.48
2007-08-23,2133.04,69.86,22.62,103.32109832763672,4.88,9.25,4.62,4.37
2007-08-24,2138.13,71.17,20.72,104.59744262695312,5.11,9.25,4.63,4.14
2007-08-27,2128.17,71.98,22.72,103.62428283691406,5.27,9.25,4.6,3.9800000000000004
2007-08-28,2114.15,71.79,26.3,101.34661865234375,5.3,9.25,4.53,3.95
2007-08-29,2147.34,73.52,23.81,103.33522033691406,5.0,9.25,4.57,4.25
2007-08-30,2160.65,73.37,25.06,103.06013488769531,5.0,9.25,4.51,4.25
2007-08-31,2173.17,73.98,23.38,104.07559967041016,4.96,9.25,4.54,4.29
2007-09-03,2160.99,73.98,23.38,104.07559967041016,4.96,9.25,4.54,4.29
2007-09-04,2160.99,75.07,22.78,105.1263427734375,5.22,9.25,4.56,4.03
2007-09-05,2161.56,75.74,24.58,104.21668243408203,5.18,9.25,4.48,4.07
2007-09-06,2174.56,76.34,23.99,104.4564437866211,4.98,9.25,4.51,4.27
2007-09-07,2166.6,76.7,26.23,103.0037841796875,4.86,9.25,4.38,4.39
2007-09-10,2191.0,77.53,27.38,102.80634307861328,5.07,9.25,4.34,4.18
2007-09-11,2194.65,78.16,25.27,104.00508117675781,5.06,9.25,4.37,4.19
2007-09-12,2185.89,79.85,24.96,104.27304077148438,5.18,9.25,4.41,4.07
2007-09-13,2182.22,80.05,24.76,105.00641632080078,5.09,9.25,4.49,4.16
2007-09-14,2157.75,79.14,24.92,104.99939727783203,5.25,9.25,4.47,4.0
2007-09-17,2128.5,80.55,26.48,104.43523406982422,5.33,9.25,4.48,3.92
2007-09-18,2130.66,81.51,20.35,107.50981903076172,4.92,9.25,4.5,4.33
2007-09-19,2124.36,81.99,20.03,108.14445495605469,4.74,9.25,4.53,4.51
2007-09-20,2055.28,83.85,20.45,107.3828353881836,4.77,9.25,4.69,4.48
2007-09-21,2042.63,83.38,19.0,107.6726303100586,4.76,9.25,4.64,4.49
2007-09-24,2026.33,82.51,19.37,107.47429656982422,4.74,9.25,4.63,4.51
2007-09-25,2028.95,81.2,18.6,107.26167297363281,4.82,9.25,4.63,4.43
2007-09-26,2045.51,80.31,17.63,107.8285140991211,4.88,9.25,4.63,4.37
2007-09-27,2009.46,82.86,17.0,108.46617126464844,4.93,9.25,4.58,4.32
2007-09-28,2013.18,81.64,18.0,108.10482788085938,4.58,9.25,4.59,4.67
2007-10-01,2023.19,80.31,17.84,109.32347106933594,4.92,9.25,4.56,4.33
2007-10-02,2015.75,80.0,18.49,109.17467498779297,4.78,9.25,4.54,4.47
2007-10-03,2013.39,79.97,18.8,108.95501708984375,4.68,9.25,4.55,4.57
2007-10-04,2017.69,81.48,18.44,109.12506103515625,4.74,9.25,4.54,4.51
2007-10-05,2018.45,81.2,16.91,110.42164611816406,4.77,9.25,4.65,4.48
2007-10-08,1999.95,78.97,17.46,109.83358001708984,4.77,9.25,4.65,4.48
2007-10-09,1999.95,80.23,16.12,110.86803436279297,4.91,9.25,4.67,4.34
2007-10-10,1968.13,81.3,16.67,110.68379211425781,4.52,9.25,4.65,4.73
2007-10-11,1972.81,83.05,18.88,110.15243530273438,4.75,9.25,4.66,4.5
2007-10-12,1963.03,83.73,17.73,110.7616958618164,4.75,9.25,4.7,4.5
2007-10-15,1978.97,86.19,19.25,109.82652282714844,4.81,9.25,4.69,4.44
2007-10-16,1978.97,87.58,20.02,108.95501708984375,4.68,9.25,4.66,4.57
2007-10-17,2004.58,87.19,18.54,109.28801727294922,4.7,9.25,4.57,4.55
2007-10-18,1994.06,89.48,18.5,108.89129638671875,4.69,9.25,4.52,4.56
2007-10-19,2018.55,88.58,22.96,106.04302978515625,4.77,9.25,4.41,4.48
2007-10-22,2007.24,87.6,21.64,106.65945434570312,4.71,9.25,4.42,4.54
2007-10-23,2022.76,86.45,20.41,107.52378845214844,4.67,9.25,4.41,4.58
2007-10-24,2006.67,88.3,20.8,107.32544708251953,4.74,9.25,4.36,4.51
2007-10-25,2025.7,92.09,21.17,107.58049011230469,4.86,9.25,4.37,4.39
2007-10-26,2020.29,91.73,19.56,108.84162902832031,4.8,9.25,4.41,4.45
2007-10-29,2005.28,93.45,19.87,109.20304107666016,4.84,9.25,4.39,4.41
2007-10-30,1995.94,90.33,21.07,108.44489288330078,4.78,9.25,4.4,4.47
2007-10-31,1999.44,94.16,18.53,109.57141876220703,4.6,9.25,4.48,4.65
2007-11-01,1987.69,93.53,23.21,107.006591796875,4.59,9.25,4.36,4.66
2007-11-02,2008.11,95.81,23.01,107.12709045410156,4.28,9.25,4.31,4.97
2007-11-05,2014.12,94.06,24.31,106.31224822998047,4.29,9.25,4.35,4.96
2007-11-06,2014.12,96.65,21.39,107.74352264404297,4.22,9.25,4.38,5.03
2007-11-07,2012.89,96.46,26.49,104.79605865478516,4.39,9.25,4.34,4.86
2007-11-08,2023.99,95.51,26.16,104.2646713256836,4.58,9.25,4.28,4.67
2007-11-09,2033.94,96.36,28.5,102.83345794677734,4.49,9.25,4.23,4.76
2007-11-12,2045.59,94.4,31.09,101.81321716308594,4.49,9.25,4.23,4.76
2007-11-13,2045.59,91.18,24.1,104.9165267944336,4.61,9.25,4.26,4.64
2007-11-14,2051.88,94.02,25.94,104.62605285644531,4.6,9.25,4.28,4.65
2007-11-15,2032.04,93.37,28.06,103.11690521240234,4.54,9.25,4.17,4.71
2007-11-16,2044.7,94.81,25.49,103.29402160644531,4.51,9.25,4.15,4.74
2007-11-19,2040.35,95.75,26.01,101.85570526123047,4.51,9.25,4.07,4.74
2007-11-20,2054.3,99.16,24.88,102.47920989990234,4.51,9.25,4.06,4.74
2007-11-21,2056.28,98.57,26.84,100.38203430175781,4.5,9.25,4.0,4.75
2007-11-22,2074.6,98.57,26.84,100.38203430175781,4.5,9.25,4.0,4.75
2007-11-23,2074.6,98.24,25.61,102.11788940429688,4.56,9.25,4.01,4.69
2007-11-26,2088.24,97.66,28.91,99.86483764648438,4.62,9.5,3.83,4.88
2007-11-27,2089.11,94.39,26.28,101.01264190673828,4.39,9.5,3.95,5.11
2007-11-28,2094.74,90.71,24.11,104.24344635009766,4.53,9.5,4.03,4.97
2007-11-29,2066.81,90.98,23.97,104.27884674072266,4.55,9.5,3.94,4.95
2007-11-30,2060.42,88.6,22.87,105.32746124267578,4.66,9.5,3.97,4.84
2007-12-03,2043.11,89.29,23.61,104.63308715820312,4.52,9.5,3.89,4.98
2007-12-04,2052.18,88.31,23.79,103.69786834716797,4.5,9.5,3.89,5.0
2007-12-05,2057.4,87.45,22.53,105.43368530273438,4.31,9.5,3.92,5.19
2007-12-06,2036.6,90.25,20.96,106.94287109375,4.49,9.5,4.02,5.01
2007-12-07,2023.18,88.23,20.85,106.92163848876953,4.41,9.5,4.12,5.09
2007-12-10,2016.77,87.72,20.74,107.75059509277344,4.46,9.5,4.15,5.04
2007-12-11,2009.83,90.12,23.59,104.79605865478516,4.29,9.5,3.98,5.21
2007-12-12,2005.82,94.41,22.47,105.83045196533203,4.28,9.5,4.05,5.22
2007-12-13,2003.9,92.35,22.56,105.6108627319336,4.3,9.5,4.18,5.2
2007-12-14,2017.36,91.31,23.27,104.27174377441406,4.24,9.5,4.24,5.26
2007-12-17,2009.85,90.69,24.52,102.78388214111328,4.31,9.5,4.2,5.19
2007-12-18,2006.48,89.93,22.64,103.3578109741211,4.16,9.5,4.14,5.34
2007-12-19,2007.98,91.11,21.68,103.3578109741211,3.98,9.5,4.06,5.52
2007-12-20,2005.92,90.88,20.58,104.00955963134766,4.37,9.5,4.04,5.13
2007-12-21,2000.58,93.19,18.47,105.50896453857422,4.28,9.5,4.18,5.22
2007-12-24,1993.08,94.0,18.6,106.29244995117188,4.0,9.5,4.23,5.5
2007-12-25,1989.7,94.0,18.6,106.29244995117188,4.0,9.5,4.23,5.5
2007-12-26,1989.7,95.89,18.66,106.52043151855469,4.26,9.5,4.3,5.24
2007-12-27,1987.81,96.63,20.26,105.18130493164062,4.15,9.5,4.21,5.35
2007-12-28,2001.72,96.03,20.74,104.91776275634766,4.01,9.5,4.11,5.49
2007-12-31,2014.76,95.95,22.5,104.14138793945312,3.06,9.5,4.04,6.4399999999999995
2008-01-01,2014.76,95.95,22.5,104.14138793945312,3.06,9.5,4.04,6.4399999999999995
2008-01-02,2014.76,99.64,23.17,103.22959899902344,4.11,9.5,3.91,5.39
2008-01-03,2012.82,99.17,22.49,103.17984771728516,4.25,9.5,3.91,5.25
2008-01-04,2013.27,97.9,23.94,100.65126037597656,4.18,9.5,3.88,5.32
2008-01-07,2013.98,95.08,23.79,100.56583404541016,4.27,9.5,3.86,5.23
2008-01-08,2013.98,96.43,25.43,98.94178009033203,4.27,9.5,3.86,5.23
2008-01-09,2000.91,95.64,24.12,99.98170471191406,4.26,9.5,3.82,5.24
2008-01-10,2004.7,93.92,23.45,100.63697814941406,4.26,9.5,3.91,5.24
2008-01-11,2003.74,92.74,23.68,99.82502746582031,4.23,9.5,3.82,5.27
2008-01-14,1985.35,94.23,22.9,100.62985229492188,4.24,9.5,3.81,5.26
2008-01-15,1949.43,91.87,23.34,98.41472625732422,4.24,9.5,3.72,5.26
2008-01-16,1948.91,90.8,24.38,97.56709289550781,4.22,9.5,3.74,5.28
2008-01-17,1960.49,90.11,28.46,95.03856658935547,4.23,9.5,3.66,5.27
2008-01-18,1947.6,90.55,27.18,94.06273651123047,4.17,9.5,3.66,5.33
2008-01-21,1968.13,90.55,27.18,94.06273651123047,4.17,9.5,3.66,5.33
2008-01-22,1968.13,89.64,31.01,93.10829162597656,3.68,9.5,3.52,5.82
2008-01-23,2007.41,87.65,29.02,95.34480285644531,3.43,9.5,3.51,6.07
2008-01-24,2005.08,89.98,27.78,96.14969635009766,3.47,9.5,3.68,6.029999999999999
2008-01-25,1970.65,90.37,29.08,94.7607650756836,3.6,9.5,3.61,5.9
2008-01-28,1961.3,90.99,27.78,96.32774353027344,3.5,9.5,3.61,6.0
2008-01-29,1969.65,91.66,27.32,96.80499267578125,3.47,9.5,3.69,6.029999999999999
2008-01-30,1946.54,92.34,27.62,96.09272766113281,3.26,9.5,3.78,6.24
2008-01-31,1939.6,91.67,26.2,97.84488677978516,3.22,9.5,3.67,6.279999999999999
2008-02-01,1939.77,89.03,24.02,99.41903686523438,3.12,9.5,3.62,6.38
2008-02-04,1921.94,90.07,25.99,98.16543579101562,2.82,9.5,3.68,6.68
2008-02-05,1917.26,88.32,28.24,95.53714752197266,2.71,9.5,3.61,6.79
2008-02-06,1928.3,87.16,28.97,94.76787567138672,2.94,9.5,3.61,6.5600000000000005
2008-02-07,1929.7,88.07,27.66,95.3946533203125,3.03,9.5,3.74,6.470000000000001
2008-02-08,1935.49,91.77,28.01,94.78214263916016,3.05,9.5,3.64,6.45
2008-02-11,1923.08,93.56,27.6,95.2664566040039,2.88,9.5,3.62,6.62
2008-02-12,1912.8,92.82,26.33,96.14969635009766,2.91,9.5,3.66,6.59
2008-02-13,1901.38,93.28,24.88,97.1325912475586,3.02,9.5,3.7,6.48
2008-02-14,1898.4,95.42,25.54,96.27786254882812,3.03,9.5,3.85,6.470000000000001
2008-02-15,1894.87,95.57,25.02,96.25653839111328,2.97,9.5,3.76,6.529999999999999
2008-02-18,1905.37,95.57,25.02,96.25653839111328,2.97,9.5,3.76,6.529999999999999
2008-02-19,1905.37,99.99,25.59,96.52719116210938,2.94,9.5,3.89,6.5600000000000005
2008-02-20,1890.74,100.86,24.4,96.81208038330078,3.0,9.5,3.93,6.5
2008-02-21,1910.81,98.57,25.12,96.00724792480469,3.01,9.5,3.77,6.49
2008-02-22,1895.85,99.03,24.06,96.59839630126953,2.97,9.5,3.79,6.529999999999999
2008-02-25,1892.0,99.4,23.03,97.81641387939453,3.0,9.75,3.91,6.75
2008-02-26,1887.97,100.83,21.9,98.55003356933594,2.85,9.75,3.88,6.9
2008-02-27,1879.19,99.59,22.69,98.45030212402344,2.93,9.75,3.85,6.82
2008-02-28,1854.87,102.6,23.53,97.48878479003906,3.06,9.75,3.71,6.6899999999999995
2008-02-29,1843.59,101.78,26.54,95.31634521484375,3.01,9.75,3.53,6.74
2008-03-03,1845.17,102.42,26.28,95.08840942382812,3.1,9.75,3.54,6.65
2008-03-04,1849.46,99.72,25.52,94.72512817382812,2.9,9.75,3.63,6.85
2008-03-05,1841.61,104.45,24.6,95.32347106933594,2.93,9.75,3.7,6.82
2008-03-06,1856.69,105.51,27.55,93.35047149658203,2.99,9.75,3.62,6.76
2008-03-07,1880.12,105.12,27.49,92.38890075683594,2.96,9.75,3.56,6.79
2008-03-10,1902.17,107.9,29.38,91.1708984375,2.99,9.75,3.46,6.76
2008-03-11,1864.78,108.73,26.36,94.44737243652344,2.95,9.75,3.6,6.8
2008-03-12,1865.98,109.86,27.22,93.56413269042969,2.97,9.75,3.49,6.779999999999999
2008-03-13,1853.41,110.21,27.29,93.77069091796875,2.98,9.75,3.56,6.77
2008-03-14,1856.01,110.03,31.16,92.31768035888672,2.99,9.75,3.44,6.76
2008-03-17,1843.95,105.74,32.24,91.38459777832031,2.69,9.75,3.34,7.0600000000000005
2008-03-18,1857.55,109.57,25.79,95.18099212646484,2.16,9.75,3.48,7.59
2008-03-19,1823.11,103.25,29.84,92.82335662841797,2.08,9.75,3.38,7.67
2008-03-20,1815.65,102.57,26.62,94.54270935058594,2.22,9.75,3.34,7.529999999999999
2008-03-21,1815.65,102.57,26.62,94.54270935058594,2.08,9.75,3.34,7.67
2008-03-24,1815.65,101.7,25.73,96.43241882324219,2.08,9.75,3.56,7.67
2008-03-25,1815.65,101.78,25.72,96.52552032470703,2.42,9.75,3.51,7.33
2008-03-26,1835.01,105.83,26.08,95.34440612792969,2.3,9.75,3.51,7.45
2008-03-27,1821.31,107.56,25.88,95.04377746582031,2.27,9.75,3.56,7.48
2008-03-28,1810.68,105.59,25.71,94.13469696044922,2.09,9.75,3.47,7.66
2008-03-31,1821.6,101.54,25.61,94.46400451660156,2.51,9.75,3.45,7.24
2008-04-01,1834.96,100.92,22.68,97.78529357910156,2.38,9.75,3.57,7.37
2008-04-02,1827.94,104.83,23.43,97.84969329833984,2.18,9.75,3.6,7.57
2008-04-03,1826.34,103.92,23.21,98.09308624267578,2.19,9.75,3.61,7.5600000000000005
2008-04-04,1824.39,106.09,22.45,97.98571014404297,2.26,9.75,3.5,7.49
2008-04-07,1816.28,108.91,22.42,98.03582000732422,2.24,9.75,3.57,7.51
2008-04-08,1811.23,108.54,22.36,97.93558502197266,2.23,9.75,3.58,7.52
2008-04-09,1812.85,110.89,22.81,97.22698211669922,2.2,9.75,3.49,7.55
2008-04-10,1799.07,110.07,21.98,97.36298370361328,2.3,9.75,3.55,7.45
2008-04-11,1791.63,110.14,23.46,95.47322845458984,2.37,9.75,3.49,7.38
2008-04-14,1792.49,111.71,23.82,95.15111541748047,2.32,9.75,3.53,7.43
2008-04-15,1792.69,113.77,22.78,95.3730697631836,2.32,9.75,3.6,7.43
2008-04-16,1797.89,114.8,20.53,97.95708465576172,2.35,9.75,3.72,7.4
2008-04-17,1798.89,114.8,20.37,98.10025024414062,2.37,9.75,3.75,7.38
2008-04-18,1792.87,116.56,20.13,99.12384796142578,2.32,9.75,3.77,7.43
2008-04-21,1785.17,117.48,20.5,99.17394256591797,2.28,9.75,3.75,7.470000000000001
2008-04-22,1780.79,119.17,20.87,98.73734283447266,1.99,9.75,3.74,7.76
2008-04-23,1775.08,119.28,20.26,98.5798110961914,2.18,9.75,3.77,7.57
2008-04-24,1765.3,117.1,20.06,99.00929260253906,2.26,9.75,3.87,7.49
2008-04-25,1765.75,119.64,19.59,99.9255599975586,2.28,9.75,3.91,7.470000000000001
2008-04-28,1775.22,118.78,19.64,99.94697570800781,2.29,9.75,3.86,7.46
2008-04-29,1767.73,115.67,20.24,99.55332946777344,2.21,9.75,3.85,7.54
2008-04-30,1780.21,113.7,20.79,98.96634674072266,2.37,9.75,3.77,7.38
2008-05-01,1767.27,112.6,18.88,101.01353454589844,2.16,9.75,3.78,7.59
2008-05-02,1767.27,116.36,18.18,101.29270935058594,1.88,9.75,3.89,7.87
2008-05-05,1756.25,119.94,18.9,100.80593872070312,1.85,9.75,3.88,7.9
2008-05-06,1756.25,121.82,18.21,101.67920684814453,1.91,9.75,3.93,7.84
2008-05-07,1769.32,123.56,19.73,99.86824798583984,2.01,9.75,3.87,7.74
2008-05-08,1787.62,123.77,19.4,99.61058044433594,1.99,9.75,3.79,7.76
2008-05-09,1793.13,125.94,19.41,99.4244613647461,1.97,9.75,3.77,7.78
2008-05-12,1781.79,124.02,17.79,100.54110717773438,1.88,9.75,3.78,7.87
2008-05-13,1781.29,125.83,17.98,100.555419921875,1.93,9.75,3.9,7.82
2008-05-14,1780.01,124.21,17.66,100.76302337646484,2.03,9.75,3.92,7.720000000000001
2008-05-15,1787.65,124.25,16.3,102.0228500366211,2.03,9.75,3.83,7.720000000000001
2008-05-16,1792.94,126.5,16.47,102.11589050292969,1.91,9.75,3.85,7.84
2008-05-19,1785.04,127.15,17.01,102.39501190185547,1.95,9.75,3.83,7.8
2008-05-20,1779.35,128.93,17.58,101.56474304199219,1.99,9.75,3.78,7.76
2008-05-21,1787.59,132.99,18.59,99.8468246459961,2.03,9.75,3.81,7.720000000000001
2008-05-22,1779.48,130.04,18.05,99.861083984375,2.05,9.75,3.92,7.7
2008-05-23,1779.59,131.58,19.55,98.52254486083984,1.99,9.75,3.85,7.76
2008-05-26,1777.98,131.58,19.55,98.52254486083984,1.99,9.75,3.85,7.76
2008-05-27,1777.98,128.81,19.64,99.25267791748047,2.23,9.75,3.93,7.52
2008-05-28,1772.55,131.0,19.07,99.71078491210938,2.08,9.75,4.03,7.67
2008-05-29,1767.41,126.7,18.14,100.21183013916016,2.01,9.75,4.08,7.74
2008-05-30,1755.95,127.35,17.83,100.46238708496094,1.98,9.75,4.06,7.77
2008-06-02,1744.01,127.75,19.83,99.4244613647461,2.06,9.75,3.98,7.6899999999999995
2008-06-03,1744.01,124.33,20.24,98.84465789794922,1.95,9.75,3.92,7.8
2008-06-04,1730.61,122.3,20.8,98.79454040527344,1.98,9.75,3.98,7.77
2008-06-05,1728.76,127.93,18.63,100.77018737792969,1.98,9.75,4.06,7.77
2008-06-06,1709.95,138.51,23.56,97.55621337890625,2.01,9.75,3.94,7.74
2008-06-09,1702.44,134.44,23.12,97.79241943359375,2.02,9.75,4.02,7.73
2008-06-10,1687.13,131.38,23.18,97.30570983886719,1.96,9.75,4.11,7.79
2008-06-11,1696.79,136.43,24.12,95.87409210205078,1.95,9.75,4.1,7.8
2008-06-12,1700.94,136.91,23.33,96.23917388916016,2.01,9.75,4.23,7.74
2008-06-13,1705.35,134.84,21.22,97.4560317993164,2.02,9.75,4.27,7.73
2008-06-16,1707.87,134.52,20.95,97.5133056640625,2.06,9.75,4.25,7.6899999999999995
2008-06-17,1684.52,133.99,21.13,97.0408706665039,1.87,9.75,4.23,7.88
2008-06-18,1655.42,136.54,22.24,96.09603118896484,1.84,9.75,4.16,7.91
2008-06-19,1652.41,131.88,21.58,96.21765899658203,1.94,9.75,4.22,7.8100000000000005
2008-06-20,1670.31,134.78,22.87,94.65589904785156,1.99,9.75,4.16,7.76
2008-06-23,1678.82,135.98,22.64,94.5623779296875,1.98,9.75,4.19,7.77
2008-06-24,1713.63,136.49,22.42,94.3753433227539,1.93,9.75,4.1,7.82
2008-06-25,1748.04,133.92,21.14,94.82137298583984,1.97,9.75,4.12,7.78
2008-06-26,1783.44,138.91,23.93,92.24602508544922,2.05,9.75,4.07,7.7
2008-06-27,1832.81,139.69,23.44,91.74244689941406,1.99,9.75,3.99,7.76
2008-06-30,1923.02,139.96,23.95,92.066162109375,2.47,9.75,3.99,7.279999999999999
2008-07-01,1923.02,141.06,23.65,92.3539047241211,2.11,9.75,4.01,7.640000000000001
2008-07-02,1915.44,143.74,25.92,90.771240234375,1.95,9.75,3.99,7.8
2008-07-03,1818.6,145.31,24.79,90.86479187011719,1.92,9.75,3.99,7.83
2008-07-04,1748.43,145.31,24.79,90.86479187011719,1.92,9.75,3.99,7.83
2008-07-07,1748.43,141.38,25.78,89.93680572509766,1.99,9.75,3.95,7.76
2008-07-08,1719.48,136.06,23.15,91.53380584716797,1.97,9.75,3.91,7.78
2008-07-09,1736.49,135.88,25.23,89.7713394165039,1.99,9.75,3.85,7.76
2008-07-10,1728.74,141.47,25.59,90.13822937011719,2.01,9.75,3.83,7.74
2008-07-11,1768.09,144.96,27.49,89.087890625,1.97,9.75,3.96,7.78
2008-07-14,1778.8,145.16,28.48,88.28221130371094,2.06,9.75,3.9,7.6899999999999995
2008-07-15,1753.51,138.68,28.54,87.03768157958984,2.16,9.75,3.87,7.59
2008-07-16,1777.17,134.63,25.1,89.17427825927734,1.95,9.75,3.97,7.8
2008-07-17,1768.53,129.43,25.01,90.0662841796875,2.03,9.75,4.07,7.720000000000001
2008-07-18,1757.79,128.94,24.05,90.62738800048828,1.96,9.75,4.11,7.79
2008-07-21,1788.24,131.43,23.05,90.677734375,1.98,9.75,4.09,7.77
2008-07-22,1802.01,127.25,21.18,91.70647430419922,1.97,9.75,4.14,7.78
2008-07-23,1797.43,123.73,21.31,92.20283508300781,2.04,9.75,4.16,7.71
2008-07-24,1772.25,124.62,23.44,90.28925323486328,2.06,9.75,4.03,7.6899999999999995
2008-07-25,1777.1,122.59,22.91,90.26770782470703,2.13,9.75,4.13,7.62
2008-07-28,1785.17,124.72,24.23,88.94405364990234,2.0,10.0,4.06,8.0
2008-07-29,1764.48,122.21,22.03,90.84320831298828,2.05,10.0,4.09,7.95
2008-07-30,1789.68,126.74,21.21,92.4618148803711,2.03,10.0,4.07,7.970000000000001
2008-07-31,1792.24,124.17,22.94,91.23885345458984,2.09,10.0,3.99,7.91
2008-08-01,1800.54,125.03,22.57,90.75690460205078,2.04,10.0,3.97,7.96
2008-08-04,1779.97,121.45,23.49,89.91522216796875,1.97,10.0,3.98,8.03
2008-08-05,1771.31,118.71,21.14,92.33948516845703,1.97,10.0,4.04,8.03
2008-08-06,1772.16,118.57,20.23,92.74958038330078,2.01,10.0,4.06,7.99
2008-08-07,1782.92,119.84,21.15,91.36833953857422,1.96,10.0,3.92,8.04
2008-08-08,1782.92,115.42,20.66,93.06607818603516,2.01,10.0,3.94,7.99
2008-08-11,1816.25,114.44,20.12,94.03007507324219,1.99,10.0,3.99,8.01
2008-08-12,1821.76,113.1,21.17,93.05169677734375,1.95,10.0,3.91,8.05
2008-08-13,1836.25,115.96,21.55,92.49059295654297,1.98,10.0,3.94,8.02
2008-08-14,1854.16,115.05,20.34,93.18836975097656,2.09,10.0,3.89,7.91
2008-08-15,1853.45,113.46,19.58,93.64157104492188,2.08,10.0,3.84,7.92
2008-08-18,1882.11,112.92,20.98,92.3611068725586,1.91,10.0,3.82,8.09
2008-08-19,1882.11,114.39,21.28,91.35395812988281,1.94,10.0,3.83,8.06
2008-08-20,1891.99,115.48,20.42,91.77838134765625,1.98,10.0,3.79,8.02
2008-08-21,1880.69,121.23,19.82,91.9366455078125,2.01,10.0,3.84,7.99
2008-08-22,1864.26,114.48,18.81,93.26748657226562,2.02,10.0,3.87,7.98
2008-08-25,1872.07,114.85,20.97,91.37553405761719,2.01,10.0,3.79,7.99
2008-08-26,1873.94,116.31,20.49,91.6417007446289,1.88,10.0,3.79,8.120000000000001
2008-08-27,1892.06,118.17,19.76,92.53374481201172,1.98,10.0,3.77,8.02
2008-08-28,1887.71,115.58,19.43,93.65597534179688,1.99,10.0,3.79,8.01
2008-08-29,1907.97,115.55,20.65,92.64884185791016,1.94,10.0,3.83,8.06
2008-09-01,1932.2,115.55,20.65,92.64884185791016,1.94,10.0,3.83,8.06
2008-09-02,1932.2,109.63,21.99,92.07332611083984,1.96,10.0,3.74,8.04
2008-09-03,1975.1,109.38,21.43,91.99422454833984,2.01,10.0,3.71,7.99
2008-09-04,1992.59,107.99,24.03,89.224609375,1.99,10.0,3.64,8.01
2008-09-05,2017.53,106.47,23.06,89.50514221191406,1.97,10.0,3.66,8.03
2008-09-08,2041.81,106.35,22.64,91.35395812988281,1.92,10.0,3.66,8.08
2008-09-09,2031.12,103.23,25.47,88.64191436767578,1.96,10.0,3.62,8.04
2008-09-10,2071.24,102.66,24.52,89.0016098022461,2.12,10.0,3.65,7.88
2008-09-11,2081.32,100.95,24.39,90.28925323486328,2.0,10.0,3.64,8.0
2008-09-12,2082.46,101.19,25.66,90.7065200805664,2.1,10.0,3.74,7.9
2008-09-15,2051.55,95.52,31.7,86.3902587890625,2.64,10.0,3.47,7.359999999999999
2008-09-16,2071.29,91.49,30.3,87.83619689941406,1.98,10.0,3.48,8.02
2008-09-17,2109.37,97.39,36.22,83.88679504394531,2.8,10.0,3.41,7.2
2008-09-18,2139.14,97.5,33.1,86.37589263916016,2.16,10.0,3.54,7.84
2008-09-19,2187.01,104.05,32.07,89.8061752319336,1.48,10.0,3.78,8.52
2008-09-22,2067.45,122.61,33.85,87.77303314208984,1.51,10.0,3.83,8.49
2008-09-23,2045.85,107.85,35.72,85.7760238647461,1.46,10.0,3.85,8.54
2008-09-24,2077.59,106.84,35.19,86.05097961425781,1.19,10.0,3.8,8.81
2008-09-25,2147.41,111.54,32.82,87.396728515625,1.23,10.0,3.88,8.77
2008-09-26,2118.31,106.77,34.74,87.44020080566406,1.08,10.0,3.85,8.92
2008-09-29,2105.61,96.29,46.72,80.58824920654297,1.56,10.0,3.61,8.44
2008-09-30,2174.62,100.7,39.39,83.92377471923828,2.03,10.0,3.85,7.970000000000001
2008-10-01,2184.76,98.23,39.81,83.97441864013672,1.15,10.0,3.77,8.85
2008-10-02,2166.05,93.84,45.26,80.92828369140625,0.67,10.0,3.66,9.33
2008-10-03,2192.69,93.91,45.14,79.83573150634766,1.1,10.0,3.63,8.9
2008-10-06,2160.08,88.15,52.05,75.76942443847656,1.96,10.0,3.48,8.04
2008-10-07,2250.73,90.18,53.68,72.37601470947266,2.97,10.0,3.5,7.029999999999999
2008-10-08,2261.96,88.94,57.53,70.55269622802734,2.24,10.0,3.72,7.76
2008-10-09,2326.41,86.5,63.92,65.62532806396484,1.4,10.0,3.84,8.6
2008-10-10,2254.24,77.44,69.95,64.03360748291016,0.79,10.0,3.89,9.21
2008-10-13,2318.63,81.17,54.99,73.33110809326172,0.79,10.0,3.89,9.21
2008-10-14,2318.63,78.69,55.13,72.24578857421875,1.1,10.0,4.08,8.9
2008-10-15,2223.94,74.38,69.25,65.13335418701172,1.04,10.0,4.04,8.96
2008-10-16,2316.54,69.81,67.61,67.84664154052734,0.83,10.0,3.99,9.17
2008-10-17,2304.68,71.9,70.33,67.44145965576172,0.6,10.0,3.98,9.4
2008-10-20,2271.98,74.08,52.97,71.49327850341797,0.7,10.0,3.91,9.3
2008-10-21,2243.49,71.29,53.11,69.35887145996094,0.67,10.0,3.76,9.33
2008-10-22,2296.32,66.92,69.65,65.58193969726562,0.81,10.0,3.65,9.19
2008-10-23,2346.47,67.17,67.8,66.34165954589844,0.93,10.0,3.63,9.07
2008-10-24,2361.01,63.34,79.13,62.9771728515625,0.95,10.0,3.76,9.05
2008-10-27,2386.48,61.92,80.06,60.741424560546875,0.92,10.0,3.79,9.08
2008-10-28,2379.24,62.8,66.96,67.83941650390625,0.67,10.0,3.89,9.33
2008-10-29,2382.31,67.45,69.96,67.34738159179688,0.36,10.0,3.93,9.64
2008-10-30,2374.1,65.79,62.9,69.6772232055664,0.3,10.0,4.0,9.7
2008-10-31,2359.52,68.1,59.89,70.0606918334961,0.22,10.0,4.01,9.78
2008-11-03,2392.28,63.93,53.68,70.2633056640625,0.23,10.0,3.96,9.77
2008-11-04,2392.28,70.41,47.73,72.6510009765625,0.23,10.0,3.81,9.77
2008-11-05,2351.56,65.41,54.56,69.59760284423828,0.23,10.0,3.73,9.77
2008-11-06,2327.78,60.72,63.68,65.74111938476562,0.23,10.0,3.75,9.77
2008-11-07,2342.65,61.06,56.1,67.9117431640625,0.27,10.0,3.83,9.73
2008-11-10,2317.34,62.19,59.98,67.02178955078125,0.29,10.0,3.82,9.71
2008-11-11,2281.24,59.38,61.44,64.95246124267578,0.29,10.0,3.82,9.71
2008-11-12,2281.24,55.95,66.46,62.094482421875,0.35,10.0,3.75,9.65
2008-11-13,2335.02,58.31,59.83,65.96539306640625,0.35,10.0,3.84,9.65
2008-11-14,2329.82,57.18,66.31,62.673309326171875,0.34,10.0,3.72,9.66
2008-11-17,2308.65,55.14,69.15,61.84123229980469,0.37,10.0,3.68,9.63
2008-11-18,2308.65,54.42,67.64,63.00615310668945,0.38,10.0,3.53,9.62
2008-11-19,2329.9,53.64,74.26,58.96874237060547,0.38,10.0,3.38,9.62
2008-11-20,2342.18,48.86,80.86,54.591312408447266,0.49,10.0,3.1,9.51
2008-11-21,2359.26,49.22,72.67,57.53614807128906,0.57,10.0,3.2,9.43
2008-11-24,2355.71,53.63,64.7,61.52288055419922,0.62,10.0,3.35,9.38
2008-11-25,2314.72,50.02,60.9,61.978694915771484,0.59,10.0,3.11,9.41
2008-11-26,2307.37,54.2,54.92,64.3736572265625,0.53,10.0,2.99,9.47
2008-11-27,2324.1,54.2,54.92,64.3736572265625,0.53,10.0,2.99,9.47
2008-11-28,2324.1,55.21,55.84,65.18399810791016,0.52,10.0,2.93,9.48
2008-12-01,2318.0,49.34,68.51,59.41012954711914,0.52,10.0,2.72,9.48
2008-12-02,2320.12,47.05,62.98,61.69650650024414,0.47,10.0,2.68,9.53
2008-12-03,2315.35,46.79,60.72,63.17977523803711,0.36,10.0,2.67,9.64
2008-12-04,2317.48,43.8,63.64,61.718257904052734,0.2,10.0,2.55,9.8
2008-12-05,2323.28,41.01,59.93,63.62117385864258,0.12,10.0,2.67,9.88
2008-12-08,2333.54,43.69,58.49,65.84241485595703,0.12,10.0,2.77,9.88
2008-12-09,2333.54,42.0,58.91,64.75713348388672,0.13,10.0,2.67,9.87
2008-12-10,2311.7,43.1,55.73,65.19847869873047,0.11,10.0,2.69,9.89
2008-12-11,2302.93,47.77,55.78,63.62838363647461,0.14,10.0,2.64,9.86
2008-12-12,2278.29,46.27,54.28,64.38809204101562,0.15,10.0,2.6,9.85
2008-12-15,2273.24,44.61,56.76,63.49089050292969,0.18,10.0,2.53,9.82
2008-12-16,2254.5,43.84,52.37,66.47915649414062,0.17,10.0,2.37,9.83
2008-12-17,2223.3,40.17,49.84,65.8351821899414,0.12,10.0,2.2,9.88
2008-12-18,2173.86,36.73,47.34,64.60517883300781,0.11,10.0,2.08,9.89
2008-12-19,2163.14,33.17,44.93,64.32722473144531,0.11,10.0,2.13,9.89
2008-12-22,2167.35,31.1,44.56,63.50303268432617,0.11,9.5,2.16,9.39
2008-12-23,2169.83,30.28,45.02,62.84653091430664,0.11,9.5,2.18,9.39
2008-12-24,2180.49,32.94,44.21,63.21123123168945,0.11,9.5,2.2,9.39
2008-12-25,2198.09,32.94,44.21,63.21123123168945,0.11,9.5,2.2,9.39
2008-12-26,2198.09,37.58,43.38,63.57596206665039,0.09,9.5,2.16,9.41
2008-12-29,2204.95,39.89,43.9,63.39358901977539,0.1,9.5,2.13,9.4
2008-12-30,2234.0,38.95,41.63,64.89623260498047,0.09,9.5,2.11,9.41
2008-12-31,2243.59,44.6,40.0,65.82255554199219,0.14,9.5,2.25,9.36
2009-01-01,2243.59,44.6,40.0,65.82255554199219,0.14,9.5,2.25,9.36
2009-01-02,2243.59,46.17,39.19,67.80659484863281,0.08,9.5,2.46,9.42
2009-01-05,2234.81,48.61,39.08,67.72634887695312,0.11,9.5,2.49,9.39
2009-01-06,2227.24,48.56,38.56,68.17859649658203,0.09,9.5,2.51,9.41
2009-01-07,2197.72,42.75,43.39,66.13621520996094,0.11,9.5,2.52,9.39
2009-01-08,2214.13,41.68,42.56,66.40606689453125,0.1,9.5,2.47,9.4
2009-01-09,2220.82,40.69,42.82,64.98373413085938,0.09,9.5,2.43,9.41
2009-01-12,2216.23,37.65,45.84,63.42279815673828,0.1,9.5,2.34,9.4
2009-01-13,2216.23,37.77,43.27,63.53948211669922,0.1,9.5,2.33,9.4
2009-01-14,2226.87,37.43,49.14,61.5408821105957,0.15,9.5,2.24,9.35
2009-01-15,2234.4,35.41,51.0,61.562774658203125,0.18,9.5,2.23,9.32
2009-01-16,2249.64,35.38,46.11,62.04416275024414,0.19,9.5,2.36,9.31
2009-01-19,2227.68,35.38,46.11,62.04416275024414,0.19,9.5,2.36,9.31
2009-01-20,2227.68,38.57,56.65,58.76912307739258,0.2,9.5,2.4,9.3
2009-01-21,2245.28,42.56,46.42,61.30746078491211,0.23,9.5,2.56,9.27
2009-01-22,2245.97,42.33,47.29,60.35924530029297,0.21,9.5,2.62,9.29
2009-01-23,2247.87,45.12,47.27,60.62184143066406,0.18,9.5,2.65,9.32
2009-01-26,2280.77,46.5,45.69,61.03757858276367,0.19,9.5,2.7,9.31
2009-01-27,2280.43,41.67,42.25,61.65760040283203,0.18,9.5,2.59,9.32
2009-01-28,2310.83,42.04,39.66,63.74370193481445,0.19,9.5,2.71,9.31
2009-01-29,2341.09,41.58,42.63,61.67217254638672,0.23,9.5,2.87,9.27
2009-01-30,2386.58,41.73,44.84,60.4175910949707,0.23,9.5,2.87,9.27
2009-02-02,2420.26,41.35,45.52,60.235225677490234,0.24,9.0,2.76,8.76
2009-02-03,2450.78,40.87,43.06,61.081329345703125,0.24,9.0,2.89,8.76
2009-02-04,2443.67,40.27,43.85,60.78229904174805,0.24,9.0,2.95,8.76
2009-02-05,2469.02,41.15,43.73,61.68675231933594,0.23,9.0,2.95,8.77
2009-02-06,2472.65,40.24,43.37,63.444671630859375,0.23,9.0,3.05,8.77
2009-02-09,2449.49,39.58,43.64,63.532196044921875,0.22,9.0,3.07,8.78
2009-02-10,2450.6,37.54,46.67,60.62184143066406,0.24,9.0,2.9,8.76
2009-02-11,2494.07,35.93,44.53,60.979244232177734,0.22,9.0,2.78,8.78
2009-02-12,2537.82,34.03,41.25,61.02299118041992,0.23,9.0,2.75,8.77
2009-02-13,2520.06,37.63,42.93,60.36653137207031,0.22,9.0,2.89,8.78
2009-02-16,2509.5,37.63,42.93,60.36653137207031,0.22,9.0,2.89,8.78
2009-02-17,2509.5,34.96,48.66,57.784400939941406,0.25,9.0,2.64,8.75
2009-02-18,2554.4,34.67,48.46,57.64580535888672,0.23,9.0,2.74,8.77
2009-02-19,2558.14,39.6,47.08,57.02580642700195,0.21,9.0,2.85,8.79
2009-02-20,2547.4,39.35,49.3,56.4714469909668,0.2,9.0,2.78,8.8
2009-02-23,2588.31,37.66,52.62,54.45096969604492,0.19,9.0,2.78,8.81
2009-02-24,2572.3,38.86,45.49,56.515201568603516,0.21,9.0,2.8,8.79
2009-02-25,2596.37,41.64,44.67,56.070281982421875,0.21,9.0,2.95,8.79
2009-02-26,2575.5,43.18,44.66,55.15849685668945,0.22,9.0,2.98,8.78
2009-02-27,2555.05,44.15,46.35,53.925777435302734,0.22,9.0,3.02,8.78
2009-03-02,2555.89,40.07,52.65,51.49680709838867,0.22,8.0,2.91,7.78
2009-03-03,2590.97,41.57,50.93,51.11020278930664,0.2,8.0,2.93,7.8
2009-03-04,2588.96,45.28,47.56,52.32107162475586,0.21,8.0,3.01,7.79
2009-03-05,2589.48,43.54,50.17,50.18388748168945,0.2,8.0,2.83,7.8
2009-03-06,2572.92,45.43,49.33,50.271400451660156,0.2,8.0,2.83,7.8
2009-03-09,2548.57,47.01,49.68,49.68057632446289,0.2,8.0,2.89,7.8
2009-03-10,2559.36,45.68,44.37,52.64200973510742,0.2,8.0,2.99,7.8
2009-03-11,2525.06,42.46,43.61,52.9848518371582,0.19,8.0,2.95,7.81
2009-03-12,2506.73,46.91,41.18,55.07096481323242,0.18,8.0,2.89,7.82
2009-03-13,2481.26,46.22,42.36,55.50131607055664,0.15,8.0,2.89,7.85
2009-03-16,2445.3,47.33,43.74,55.33354949951172,0.2,8.0,2.97,7.8
2009-03-17,2390.96,48.97,40.8,57.02580642700195,0.2,8.0,3.02,7.8
2009-03-18,2390.98,48.12,40.06,58.30229949951172,0.18,8.0,2.51,7.82
2009-03-19,2383.15,51.46,43.68,57.580142974853516,0.17,8.0,2.61,7.83
2009-03-20,2335.29,51.55,45.89,56.35405731201172,0.18,8.0,2.65,7.82
2009-03-23,2340.83,53.05,43.23,60.40189743041992,0.17,8.0,2.68,7.83
2009-03-24,2340.83,53.36,42.93,59.2117919921875,0.17,7.0,2.68,6.83
2009-03-25,2353.21,52.24,42.25,59.836204528808594,0.17,7.0,2.81,6.83
2009-03-26,2379.94,53.87,40.36,61.055747985839844,0.16,7.0,2.76,6.84
2009-03-27,2435.81,52.41,41.04,59.953765869140625,0.15,7.0,2.78,6.85
2009-03-30,2485.56,48.49,45.54,57.882080078125,0.16,7.0,2.73,6.84
2009-03-31,2561.21,49.64,44.14,58.41838073730469,0.16,7.0,2.71,6.84
2009-04-01,2544.24,48.46,42.28,59.54972457885742,0.16,7.0,2.68,6.84
2009-04-02,2534.99,52.61,42.04,61.29077911376953,0.16,7.0,2.77,6.84
2009-04-03,2451.72,52.52,39.7,61.90055847167969,0.13,7.0,2.91,6.87
2009-04-06,2422.71,51.1,40.93,61.415706634521484,0.14,7.0,2.95,6.86
2009-04-07,2408.42,49.13,40.39,59.983150482177734,0.14,7.0,2.93,6.86
2009-04-08,2416.63,49.37,38.85,60.629638671875,0.14,7.0,2.86,6.86
2009-04-09,2388.11,52.24,36.53,63.039249420166016,0.14,7.0,2.96,6.86
2009-04-10,2388.11,52.24,36.53,63.039249420166016,0.15,7.0,2.96,6.85
2009-04-13,2388.11,50.22,37.81,63.05397033691406,0.13,7.0,2.88,6.87
2009-04-14,2392.22,49.51,37.67,61.96665954589844,0.16,7.0,2.8,6.84
2009-04-15,2394.27,49.26,36.17,62.627830505371094,0.16,7.0,2.82,6.84
2009-04-16,2380.69,49.97,35.79,63.54616165161133,0.15,7.0,2.86,6.85
2009-04-17,2344.98,50.36,33.94,63.97221755981445,0.13,7.0,2.98,6.87
2009-04-20,2343.34,45.82,39.18,61.29077911376953,0.14,7.0,2.88,6.86
2009-04-21,2376.38,46.65,37.14,62.48823547363281,0.15,7.0,2.94,6.85
2009-04-22,2338.6,47.41,38.1,62.10624313354492,0.15,7.0,2.98,6.85
2009-04-23,2318.83,48.46,37.15,62.71599197387695,0.17,7.0,2.96,6.83
2009-04-24,2300.74,50.65,36.82,63.663665771484375,0.16,7.0,3.03,6.84
2009-04-27,2283.2,49.29,38.32,63.06128692626953,0.17,7.0,2.95,6.83
2009-04-28,2325.02,49.01,37.95,62.8629264831543,0.16,7.0,3.05,6.84
2009-04-29,2332.47,50.19,36.08,64.199951171875,0.18,7.0,3.12,6.82
2009-04-30,2289.73,50.35,36.5,64.22201538085938,0.2,7.0,3.16,6.8
2009-05-01,2288.64,52.18,35.3,64.56729888916016,0.22,7.0,3.21,6.78
2009-05-04,2288.64,54.45,34.53,66.76383972167969,0.22,6.0,3.19,5.78
2009-05-05,2272.55,53.81,33.36,66.53609466552734,0.2,6.0,3.2,5.8
2009-05-06,2256.99,56.29,32.45,67.68949890136719,0.18,6.0,3.18,5.82
2009-05-07,2233.5,56.67,33.44,66.74915313720703,0.18,6.0,3.29,5.82
2009-05-08,2208.98,58.58,32.05,68.30658721923828,0.17,6.0,3.29,5.83
2009-05-11,2210.35,57.79,32.87,67.02831268310547,0.17,6.0,3.17,5.83
2009-05-12,2220.92,58.81,31.8,66.8299789428711,0.16,6.0,3.17,5.84
2009-05-13,2221.4,58.0,33.65,65.14765167236328,0.16,6.0,3.11,5.84
2009-05-14,2257.36,58.58,31.37,65.70597839355469,0.16,6.0,3.1,5.84
2009-05-15,2251.53,56.52,33.12,65.16970825195312,0.17,6.0,3.14,5.83
2009-05-18,2252.8,58.99,30.24,67.0209732055664,0.16,6.0,3.22,5.84
2009-05-19,2255.22,59.52,28.8,66.9401626586914,0.15,6.0,3.25,5.85
2009-05-20,2221.27,61.45,29.03,66.49203491210938,0.14,6.0,3.19,5.86
2009-05-21,2196.21,60.49,31.35,65.53700256347656,0.17,6.0,3.35,5.83
2009-05-22,2206.6,61.15,32.63,65.39741516113281,0.17,6.0,3.45,5.83
2009-05-25,2201.44,61.15,32.63,65.39741516113281,0.17,6.0,3.45,5.83
2009-05-26,2201.44,62.48,30.62,67.07239532470703,0.18,6.0,3.5,5.82
2009-05-27,2213.89,63.41,32.36,65.87495422363281,0.17,6.0,3.71,5.83
2009-05-28,2208.89,65.09,31.67,66.79324340820312,0.17,6.0,3.67,5.83
2009-05-29,2190.45,66.31,28.92,67.97601318359375,0.19,6.0,3.47,5.81
2009-06-01,2140.66,68.59,30.04,69.62161254882812,0.21,5.0,3.71,4.79
2009-06-02,2109.42,68.58,29.63,69.68036651611328,0.2,5.0,3.65,4.8
2009-06-03,2077.02,66.14,31.02,68.79878234863281,0.21,5.0,3.56,4.79
2009-06-04,2073.55,68.8,30.18,69.44528198242188,0.2,5.0,3.72,4.8
2009-06-05,2072.0,68.43,29.62,69.45999145507812,0.21,5.0,3.84,4.79
2009-06-08,2063.1,68.05,29.77,69.17347717285156,0.21,5.0,3.91,4.79
2009-06-09,2091.1,70.02,28.27,69.52609252929688,0.18,5.0,3.86,4.82
2009-06-10,2060.18,71.38,28.46,69.34976959228516,0.18,5.0,3.98,4.82
2009-06-11,2042.19,72.69,28.11,69.6583251953125,0.17,5.0,3.88,4.83
2009-06-12,2026.17,72.13,28.15,69.849365234375,0.17,5.0,3.81,4.83
2009-06-15,2015.4,70.54,30.81,68.2478256225586,0.22,5.0,3.76,4.78
2009-06-16,2015.4,70.47,32.68,67.32219696044922,0.22,5.0,3.67,4.78
2009-06-17,2014.91,71.07,31.54,67.25607299804688,0.24,5.0,3.68,4.76
2009-06-18,2071.29,71.42,30.03,67.7482681274414,0.25,5.0,3.86,4.75
2009-06-19,2074.72,69.6,27.99,67.99801635742188,0.25,5.0,3.79,4.75
2009-06-22,2108.2,67.09,31.17,65.95893859863281,0.24,5.0,3.72,4.76
2009-06-23,2108.2,68.81,30.58,66.01065063476562,0.24,4.5,3.65,4.26
2009-06-24,2165.0,68.14,29.05,66.57953643798828,0.21,4.5,3.72,4.29
2009-06-25,2158.72,69.7,26.36,68.02754211425781,0.19,4.5,3.55,4.31
2009-06-26,2188.5,69.16,25.93,67.8502197265625,0.18,4.5,3.52,4.32
2009-06-29,2158.67,71.47,25.35,68.48558044433594,0.17,4.5,3.51,4.33
2009-06-30,2158.67,69.82,26.35,67.93147277832031,0.22,4.5,3.53,4.28
2009-07-01,2145.21,69.32,26.22,68.21224975585938,0.2,4.5,3.55,4.3
2009-07-02,2111.71,66.68,27.95,66.35049438476562,0.17,4.5,3.51,4.33
2009-07-03,2096.23,66.68,27.95,66.35049438476562,0.16,4.5,3.51,4.34
2009-07-06,2086.36,64.06,29.0,66.34310150146484,0.18,4.5,3.52,4.32
2009-07-07,2109.08,62.88,30.85,65.05757904052734,0.18,4.5,3.47,4.32
2009-07-08,2090.35,60.15,31.3,65.01329040527344,0.16,4.5,3.33,4.34
2009-07-09,2108.2,60.36,29.78,65.13887023925781,0.15,4.5,3.44,4.35
2009-07-10,2105.36,59.93,29.02,64.98375701904297,0.15,4.5,3.32,4.35
2009-07-13,2116.99,59.69,26.31,66.56472778320312,0.13,4.5,3.38,4.37
2009-07-14,2085.74,59.62,25.02,66.94149780273438,0.13,4.5,3.5,4.37
2009-07-15,2054.19,61.49,25.89,68.89930725097656,0.14,4.5,3.63,4.36
2009-07-16,2018.93,62.07,25.42,68.78846740722656,0.15,4.5,3.59,4.35
2009-07-17,2025.71,63.56,24.34,69.54204559326172,0.15,4.5,3.67,4.35
2009-07-20,2006.82,63.93,24.4,70.2808609008789,0.15,4.5,3.61,4.35
2009-07-21,2006.82,64.81,23.87,70.60590362548828,0.14,4.5,3.5,4.36
2009-07-22,1986.35,64.58,23.47,70.59113311767578,0.14,4.5,3.58,4.36
2009-07-23,1975.05,66.1,23.43,72.14998626708984,0.15,4.5,3.72,4.35
2009-07-24,1953.12,66.96,23.09,72.44547271728516,0.15,4.5,3.7,4.35
2009-07-27,1970.11,68.34,24.28,72.65972900390625,0.16,4.5,3.75,4.34
2009-07-28,1982.43,67.24,25.01,72.31989288330078,0.15,4.5,3.72,4.35
2009-07-29,2013.82,63.42,25.61,72.142578125,0.17,4.5,3.69,4.33
2009-07-30,2073.92,66.9,25.4,72.89615631103516,0.17,4.5,3.67,4.33
2009-07-31,2043.37,69.26,25.92,72.99954986572266,0.18,4.5,3.52,4.32
2009-08-03,2040.95,71.59,25.56,74.20378875732422,0.18,4.5,3.66,4.32
2009-08-04,2008.96,71.4,24.89,74.3958740234375,0.17,4.5,3.7,4.33
2009-08-05,1992.98,71.97,24.9,74.18165588378906,0.17,4.5,3.8,4.33
2009-08-06,1987.84,71.96,25.67,73.7974624633789,0.17,4.5,3.79,4.33
2009-08-07,1997.01,70.97,24.76,74.76529693603516,0.17,4.5,3.89,4.33
2009-08-10,1997.01,70.59,24.99,74.61013793945312,0.17,4.5,3.8,4.33
2009-08-11,2022.56,69.46,25.99,73.67926788330078,0.16,4.5,3.71,4.34
2009-08-12,2050.45,70.08,25.45,74.46977996826172,0.15,4.5,3.72,4.35
2009-08-13,2026.45,70.57,24.71,75.03862762451172,0.15,4.5,3.59,4.35
2009-08-14,1999.98,67.51,24.27,74.46237182617188,0.15,4.5,3.55,4.35
2009-08-17,2016.09,66.72,27.89,72.63019561767578,0.17,4.5,3.48,4.33
2009-08-18,2016.09,69.22,26.18,73.20645904541016,0.17,4.5,3.51,4.33
2009-08-19,2037.1,72.54,26.26,73.84917449951172,0.17,4.5,3.45,4.33
2009-08-20,2041.91,72.4,25.09,74.61013793945312,0.17,4.5,3.42,4.33
2009-08-21,2012.67,73.12,25.01,76.07293701171875,0.16,4.5,3.56,4.34
2009-08-24,1997.31,73.68,25.14,76.06556701660156,0.16,4.5,3.48,4.34
2009-08-25,1997.44,71.6,24.92,76.21331024169922,0.15,4.5,3.45,4.35
2009-08-26,2007.2,71.38,24.95,76.22066497802734,0.15,4.5,3.44,4.35
2009-08-27,2044.79,72.49,24.68,76.390625,0.14,4.5,3.47,4.36
2009-08-28,2043.65,72.72,24.76,76.37584686279297,0.14,4.5,3.46,4.36
2009-08-31,2035.0,69.97,26.01,75.6961441040039,0.15,4.5,3.4,4.35
2009-09-01,2057.81,68.11,29.15,74.0264892578125,0.15,4.5,3.38,4.35
2009-09-02,2068.96,68.03,28.9,73.74571990966797,0.16,4.5,3.29,4.34
2009-09-03,2065.73,67.9,27.1,74.35893249511719,0.15,4.5,3.33,4.35
2009-09-04,2029.75,67.95,25.26,75.40066528320312,0.15,4.5,3.45,4.35
2009-09-07,2018.72,67.95,25.26,75.40066528320312,0.15,4.5,3.45,4.35
2009-09-08,2018.72,71.08,25.62,76.05076599121094,0.15,4.5,3.47,4.35
2009-09-09,1994.44,71.27,24.32,76.63442993164062,0.15,4.5,3.48,4.35
2009-09-10,1998.17,71.95,23.55,77.41751098632812,0.16,4.5,3.36,4.34
2009-09-11,2008.95,69.34,24.15,77.40275573730469,0.15,4.5,3.34,4.35
2009-09-14,1985.38,68.86,23.86,77.779541015625,0.16,4.5,3.42,4.34
2009-09-15,1998.99,70.81,23.42,78.10459899902344,0.17,4.5,3.47,4.33
2009-09-16,1986.86,72.5,23.69,79.28665161132812,0.17,4.5,3.48,4.33
2009-09-17,1960.76,72.48,23.65,79.16844940185547,0.16,4.5,3.42,4.34
2009-09-18,1962.6,71.95,23.92,79.21892547607422,0.16,4.5,3.49,4.34
2009-09-21,1951.38,69.74,24.06,79.01851654052734,0.15,4.5,3.49,4.35
2009-09-22,1950.77,71.5,23.08,79.4787368774414,0.15,4.5,3.46,4.35
2009-09-23,1914.47,68.74,23.49,78.81806945800781,0.15,4.5,3.44,4.35
2009-09-24,1911.66,65.74,24.95,77.94959259033203,0.14,4.5,3.4,4.36
2009-09-25,1922.5,65.91,25.61,77.53390502929688,0.13,4.5,3.34,4.37
2009-09-28,1926.59,66.69,24.88,78.92200469970703,0.13,4.0,3.31,3.87
2009-09-29,1921.64,66.56,25.19,78.68444061279297,0.11,4.0,3.31,3.89
2009-09-30,1922.0,70.46,25.61,78.380126953125,0.07,4.0,3.31,3.93
2009-10-01,1925.49,70.67,28.27,76.435302734375,0.11,4.0,3.21,3.89
2009-10-02,1918.87,69.8,28.68,76.07894897460938,0.13,4.0,3.24,3.87
2009-10-05,1919.75,70.26,26.84,77.21470642089844,0.13,4.0,3.24,3.87
2009-10-06,1925.57,70.71,25.7,78.3207778930664,0.12,4.0,3.27,3.88
2009-10-07,1906.59,69.6,24.68,78.5360107421875,0.13,4.0,3.21,3.87
2009-10-08,1897.31,71.69,24.18,79.13724517822266,0.12,4.0,3.27,3.88
2009-10-09,1870.96,71.75,23.12,79.6197738647461,0.12,4.0,3.4,3.88
2009-10-12,1857.21,73.24,23.01,79.93154907226562,0.12,4.0,3.4,3.88
2009-10-13,1857.21,74.1,22.99,79.7682113647461,0.12,4.0,3.34,3.88
2009-10-14,1825.68,75.2,22.86,81.14148712158203,0.12,4.0,3.45,3.88
2009-10-15,1830.38,77.55,21.72,81.43842315673828,0.13,4.0,3.49,3.87
2009-10-16,1838.26,78.54,21.43,80.8297119140625,0.12,4.0,3.43,3.88
2009-10-19,1843.81,79.47,21.49,81.4977798461914,0.12,4.0,3.41,3.88
2009-10-20,1858.4,78.87,20.9,81.06727600097656,0.12,4.0,3.35,3.88
2009-10-21,1913.98,81.03,22.22,80.33980560302734,0.11,4.0,3.42,3.89
2009-10-22,1910.04,80.82,20.69,81.1563720703125,0.11,4.0,3.44,3.89
2009-10-23,1914.89,80.11,22.27,80.22847747802734,0.11,4.0,3.51,3.89
2009-10-26,1924.35,78.61,24.31,79.3599624633789,0.11,4.0,3.59,3.89
2009-10-27,1932.81,79.45,24.83,78.99625396728516,0.11,4.0,3.49,3.89
2009-10-28,1977.26,77.39,27.91,77.50420379638672,0.11,4.0,3.44,3.89
2009-10-29,2006.18,79.84,24.76,79.16696166992188,0.11,4.0,3.53,3.89
2009-10-30,2004.37,77.04,30.69,76.87325286865234,0.11,4.0,3.41,3.89
2009-11-02,1993.8,78.08,29.78,77.43737030029297,0.12,4.0,3.45,3.88
2009-11-03,1993.8,79.58,28.81,77.6823501586914,0.12,4.0,3.5,3.88
2009-11-04,2008.72,80.3,27.72,77.88278198242188,0.13,4.0,3.57,3.87
2009-11-05,1963.7,79.64,25.43,79.31541442871094,0.13,4.0,3.57,3.87
2009-11-06,1958.24,77.4,24.19,79.52326965332031,0.12,4.0,3.54,3.88
2009-11-09,1981.61,79.44,23.15,81.33446502685547,0.12,4.0,3.52,3.88
2009-11-10,1968.45,79.01,22.84,81.349365234375,0.13,4.0,3.5,3.87
2009-11-11,1969.52,79.16,23.04,81.76506042480469,0.13,4.0,3.5,3.87
2009-11-12,1969.52,77.25,24.24,80.93363952636719,0.12,4.0,3.45,3.88
2009-11-13,1976.89,76.34,23.36,81.37162780761719,0.12,4.0,3.43,3.88
2009-11-16,1971.27,78.91,22.89,82.5518798828125,0.12,4.0,3.33,3.88
2009-11-17,1971.27,79.08,22.41,82.64840698242188,0.12,4.0,3.33,3.88
2009-11-18,1966.22,79.55,21.63,82.59642028808594,0.11,4.0,3.36,3.89
2009-11-19,1953.45,77.47,22.63,81.52007293701172,0.11,4.0,3.35,3.89
2009-11-20,1962.33,76.83,22.19,81.23057556152344,0.11,4.0,3.36,3.89
2009-11-23,1974.47,76.49,21.16,82.26236724853516,0.12,4.0,3.37,3.88
2009-11-24,1964.92,74.88,20.47,82.3885726928711,0.12,3.5,3.32,3.38
2009-11-25,1969.01,77.25,20.48,82.67807006835938,0.11,3.5,3.28,3.39
2009-11-26,1974.14,77.25,20.48,82.67807006835938,0.11,3.5,3.28,3.39
2009-11-27,1974.14,75.95,24.85,81.33446502685547,0.12,3.5,3.21,3.38
2009-11-30,1997.47,77.19,24.51,81.6091537475586,0.13,3.5,3.21,3.37
2009-12-01,1998.45,78.39,21.92,82.61872100830078,0.13,3.5,3.28,3.37
2009-12-02,1990.29,76.62,21.12,82.58155822753906,0.13,3.5,3.32,3.37
2009-12-03,1990.8,76.42,22.46,81.93576049804688,0.13,3.5,3.39,3.37
2009-12-04,1989.94,75.41,21.25,82.4034194946289,0.12,3.5,3.48,3.38
2009-12-07,2003.94,73.89,22.1,82.27722930908203,0.12,3.5,3.44,3.38
2009-12-08,2009.45,72.59,23.69,81.36417388916016,0.12,3.5,3.4,3.38
2009-12-09,2009.45,70.67,22.66,81.6685562133789,0.12,3.5,3.45,3.38
2009-12-10,2016.73,70.54,22.32,82.1287612915039,0.12,3.5,3.49,3.38
2009-12-11,2016.17,69.86,21.59,82.4776382446289,0.12,3.5,3.55,3.38
2009-12-14,2000.54,69.48,21.15,83.04183197021484,0.12,3.5,3.56,3.38
2009-12-15,1992.1,70.62,21.49,82.65579986572266,0.13,3.5,3.6,3.37
2009-12-16,2001.86,72.64,20.54,82.78199768066406,0.14,3.5,3.61,3.36
2009-12-17,2005.09,72.58,22.51,81.78729248046875,0.13,3.5,3.5,3.37
2009-12-18,2015.74,73.3,21.68,82.25004577636719,0.12,3.5,3.55,3.38
2009-12-21,2025.85,72.71,20.49,83.08586120605469,0.12,3.5,3.69,3.38
2009-12-22,2030.17,73.48,19.54,83.38441467285156,0.12,3.5,3.76,3.38
2009-12-23,2054.1,76.03,19.71,83.54856872558594,0.11,3.5,3.77,3.39
2009-12-24,2045.07,76.83,19.47,83.94412994384766,0.11,3.5,3.82,3.39
2009-12-25,2043.41,76.83,19.47,83.94412994384766,0.11,3.5,3.82,3.39
2009-12-28,2043.41,78.67,19.93,84.12322998046875,0.12,3.5,3.85,3.38
2009-12-29,2037.92,78.87,20.01,84.00382232666016,0.12,3.5,3.82,3.38
2009-12-30,2046.2,79.35,19.96,83.97399139404297,0.11,3.5,3.8,3.39
2009-12-31,2044.23,79.39,21.68,83.16797637939453,0.05,3.5,3.85,3.45
2010-01-01,2044.23,79.39,21.68,83.16797637939453,0.05,3.5,3.85,3.45
2010-01-04,2044.23,81.52,20.04,84.57847595214844,0.12,3.5,3.85,3.38
2010-01-05,2021.21,81.74,19.35,84.80235290527344,0.12,3.5,3.77,3.38
2010-01-06,1992.78,83.12,19.16,84.86207580566406,0.12,3.5,3.85,3.38
2010-01-07,1971.32,82.6,19.06,85.22028350830078,0.1,3.5,3.85,3.4
2010-01-08,1969.08,82.74,18.13,85.5038833618164,0.11,3.5,3.83,3.39
2010-01-11,1968.24,82.54,17.55,85.623291015625,0.11,3.5,3.85,3.39
2010-01-12,1968.24,80.79,18.25,84.82478332519531,0.11,3.5,3.74,3.39
2010-01-13,1959.43,79.66,17.85,85.54121398925781,0.11,3.5,3.8,3.39
2010-01-14,1965.81,79.35,17.63,85.77256774902344,0.11,3.5,3.76,3.39
2010-01-15,1974.13,77.96,17.91,84.809814453125,0.12,3.5,3.7,3.38
2010-01-18,1967.4,77.96,17.91,84.809814453125,0.12,3.5,3.7,3.38
2010-01-19,1967.4,78.98,17.58,85.86958312988281,0.13,3.5,3.73,3.37
2010-01-20,1957.82,77.42,18.68,84.99639892578125,0.13,3.5,3.68,3.37
2010-01-21,1964.18,75.84,22.27,83.36200714111328,0.12,3.5,3.62,3.38
2010-01-22,1967.08,74.25,27.31,81.50372314453125,0.11,3.5,3.62,3.39
2010-01-25,1981.96,74.9,25.41,81.92161560058594,0.12,3.5,3.66,3.38
2010-01-26,1961.97,74.67,24.55,81.5783462524414,0.12,3.5,3.65,3.38
2010-01-27,1972.22,73.64,23.14,81.96640014648438,0.12,3.5,3.66,3.38
2010-01-28,1988.05,73.62,23.73,81.02605438232422,0.12,3.5,3.68,3.38
2010-01-29,1991.21,72.85,24.62,80.14546203613281,0.12,3.5,3.63,3.38
2010-02-01,1982.29,74.41,22.59,81.39176177978516,0.14,3.5,3.68,3.36
2010-02-02,1972.6,77.21,21.48,82.37689208984375,0.14,3.5,3.67,3.36
2010-02-03,1959.93,76.96,21.6,81.96640014648438,0.13,3.5,3.73,3.37
2010-02-04,1966.02,73.13,26.08,79.43643951416016,0.14,3.5,3.62,3.36
2010-02-05,1984.16,71.15,26.11,79.60064697265625,0.13,3.5,3.59,3.37
2010-02-08,1997.13,71.87,26.51,79.0259780883789,0.13,3.5,3.62,3.37
2010-02-09,2003.76,73.71,26.0,80.0185775756836,0.13,3.5,3.67,3.37
2010-02-10,1981.4,74.48,25.4,79.86184692382812,0.12,3.5,3.72,3.38
2010-02-11,1965.03,75.23,23.96,80.69767761230469,0.12,3.5,3.73,3.38
2010-02-12,1943.6,74.11,22.73,80.63054656982422,0.12,3.5,3.69,3.38
2010-02-15,1936.9,74.11,22.73,80.63054656982422,0.12,3.5,3.69,3.38
2010-02-16,1936.9,76.98,22.25,81.89925384521484,0.13,3.5,3.66,3.37
2010-02-17,1925.79,77.27,21.72,82.28730773925781,0.12,3.5,3.74,3.38
2010-02-18,1928.79,78.97,20.63,82.77245330810547,0.12,3.5,3.79,3.38
2010-02-19,1930.94,79.77,20.02,82.94405364990234,0.13,3.5,3.78,3.37
2010-02-22,1928.86,80.04,19.94,82.95899963378906,0.12,3.5,3.8,3.38
2010-02-23,1914.87,78.61,21.37,81.95148468017578,0.12,3.5,3.69,3.38
2010-02-24,1924.75,79.75,20.27,82.70529174804688,0.11,3.5,3.7,3.39
2010-02-25,1932.15,77.99,20.1,82.59330749511719,0.12,3.5,3.64,3.38
2010-02-26,1941.98,79.72,19.5,82.64556121826172,0.13,3.5,3.61,3.37
2010-03-01,1932.32,78.71,19.26,83.50379943847656,0.14,3.5,3.61,3.36
2010-03-02,1913.86,79.62,19.06,83.73518371582031,0.14,3.5,3.62,3.36
2010-03-03,1895.86,80.91,18.83,83.80976867675781,0.15,3.5,3.63,3.35
2010-03-04,1916.41,80.21,18.72,84.06353759765625,0.16,3.5,3.61,3.34
2010-03-05,1928.33,81.5,17.42,85.26510620117188,0.17,3.5,3.69,3.33
2010-03-08,1902.31,81.85,17.79,85.27998352050781,0.15,3.5,3.72,3.35
2010-03-09,1894.44,81.5,17.92,85.42180633544922,0.14,3.5,3.71,3.36
2010-03-10,1894.3,82.07,18.57,85.80241394042969,0.14,3.5,3.73,3.36
2010-03-11,1888.05,82.1,18.06,86.16064453125,0.15,3.5,3.73,3.35
2010-03-12,1894.79,81.26,17.58,86.1680908203125,0.17,3.5,3.71,3.33
2010-03-15,1892.99,79.79,18.0,86.19049835205078,0.2,3.5,3.71,3.3
2010-03-16,1899.75,81.75,17.69,86.87709045410156,0.2,3.5,3.66,3.3
2010-03-17,1896.15,82.93,16.91,87.39202880859375,0.18,3.5,3.65,3.32
2010-03-18,1893.42,82.16,16.62,87.34724426269531,0.18,3.5,3.68,3.32
2010-03-19,1900.55,80.58,16.97,86.90512084960938,0.18,3.5,3.7,3.32
2010-03-22,1907.06,81.26,16.87,87.36978149414062,0.18,3.5,3.67,3.32
2010-03-23,1907.06,81.68,16.35,87.98422241210938,0.17,3.5,3.69,3.33
2010-03-24,1907.06,80.29,17.55,87.55707550048828,0.17,3.5,3.84,3.33
2010-03-25,1923.41,80.25,18.4,87.41472625732422,0.17,3.5,3.91,3.33
2010-03-26,1922.91,79.75,17.77,87.36225891113281,0.17,3.5,3.86,3.33
2010-03-29,1933.4,81.92,17.59,87.91677856445312,0.16,3.5,3.88,3.34
2010-03-30,1934.21,82.14,17.13,87.97673797607422,0.16,3.5,3.88,3.34
2010-03-31,1928.59,83.45,17.59,87.6769790649414,0.09,3.5,3.84,3.41
2010-04-01,1921.88,84.53,17.47,88.27650451660156,0.17,3.5,3.89,3.33
2010-04-02,1921.88,84.53,17.47,88.27650451660156,0.2,3.5,3.96,3.3
2010-04-05,1921.88,86.36,17.02,88.99588012695312,0.2,3.5,4.01,3.3
2010-04-06,1911.78,86.54,16.23,89.2057113647461,0.2,3.5,3.98,3.3
2010-04-07,1911.07,85.64,16.62,88.6961441040039,0.19,3.5,3.89,3.31
2010-04-08,1920.53,85.17,16.48,89.0033950805664,0.19,3.5,3.91,3.31
2010-04-09,1931.91,84.6,16.14,89.5878677368164,0.19,3.5,3.9,3.31
2010-04-12,1921.32,84.07,15.58,89.73028564453125,0.19,3.5,3.87,3.31
2010-04-13,1926.16,83.8,16.2,89.79776000976562,0.2,3.5,3.84,3.3
2010-04-14,1936.22,85.62,15.59,90.81686401367188,0.2,3.5,3.88,3.3
2010-04-15,1938.24,85.25,15.89,90.89181518554688,0.22,3.5,3.86,3.28
2010-04-16,1943.83,82.97,18.36,89.44552612304688,0.21,3.5,3.79,3.29
2010-04-19,1942.21,81.52,17.34,89.78273010253906,0.2,3.5,3.83,3.3
2010-04-20,1951.04,82.98,15.73,90.5845718383789,0.2,3.5,3.82,3.3
2010-04-21,1947.69,82.78,16.32,90.41969299316406,0.2,3.5,3.77,3.3
2010-04-22,1948.47,82.89,16.47,90.68950653076172,0.2,3.5,3.8,3.3
2010-04-23,1955.84,84.34,16.62,91.281494140625,0.2,3.5,3.84,3.3
2010-04-26,1950.89,84.2,17.47,90.93675231933594,0.2,3.5,3.83,3.3
2010-04-27,1943.41,82.43,22.81,88.78605651855469,0.2,3.5,3.71,3.3
2010-04-28,1961.82,83.22,21.08,89.46046447753906,0.2,3.5,3.8,3.3
2010-04-29,1973.05,85.17,18.44,90.56959533691406,0.19,3.5,3.76,3.31
2010-04-30,1969.75,86.07,22.05,89.03335571289062,0.2,3.5,3.69,3.3
2010-05-03,1950.44,86.19,20.19,90.18738555908203,0.2,3.0,3.72,2.8
2010-05-04,1973.42,82.73,23.84,88.06666564941406,0.21,3.0,3.63,2.79
2010-05-05,1988.47,80.0,24.91,87.54208374023438,0.21,3.0,3.58,2.79
2010-05-06,2003.37,77.18,32.8,84.63453674316406,0.2,3.0,3.41,2.8
2010-05-07,2010.13,75.1,40.95,83.37554168701172,0.2,3.0,3.45,2.8
2010-05-10,2029.54,76.89,28.84,87.04752349853516,0.2,3.0,3.57,2.8
2010-05-11,1988.32,76.37,28.32,86.80023956298828,0.2,3.0,3.56,2.8
2010-05-12,1980.5,75.65,25.52,88.01423645019531,0.2,3.0,3.56,2.8
2010-05-13,1966.36,74.38,26.68,86.92010498046875,0.2,3.0,3.55,2.8
2010-05-14,1959.62,71.61,31.24,85.3464126586914,0.2,3.0,3.44,2.8
2010-05-17,1968.1,70.08,30.84,85.39138793945312,0.21,3.0,3.47,2.79
2010-05-18,1968.1,69.38,33.55,84.22985076904297,0.21,3.0,3.38,2.79
2010-05-19,1976.46,69.91,35.32,83.75027465820312,0.2,3.0,3.36,2.8
2010-05-20,1997.09,68.28,45.79,80.587890625,0.2,3.0,3.25,2.8
2010-05-21,2017.68,68.03,40.1,81.76439666748047,0.2,3.0,3.2,2.8
2010-05-24,1998.42,68.23,38.32,80.71528625488281,0.21,3.0,3.23,2.79
2010-05-25,1975.01,64.78,34.61,80.79771423339844,0.21,3.0,3.18,2.79
2010-05-26,1989.51,71.52,35.02,80.31060791015625,0.2,3.0,3.21,2.8
2010-05-27,1976.4,74.56,29.68,83.00088500976562,0.2,3.0,3.34,2.8
2010-05-28,1966.8,74.0,32.07,81.95926666259766,0.19,3.0,3.31,2.81
2010-05-31,1971.55,74.0,32.07,81.95926666259766,0.19,3.0,3.31,2.81
2010-06-01,1971.55,72.7,35.54,80.58039093017578,0.2,3.0,3.29,2.8
2010-06-02,1971.45,72.88,30.17,82.67862701416016,0.2,3.0,3.35,2.8
2010-06-03,1963.36,74.62,29.46,82.96342468261719,0.19,3.0,3.39,2.81
2010-06-04,1961.47,71.43,35.48,80.04833221435547,0.19,3.0,3.2,2.81
2010-06-07,1965.83,71.55,36.57,79.05166625976562,0.19,3.0,3.17,2.81
2010-06-08,1965.83,71.88,33.7,79.89849090576172,0.19,3.0,3.18,2.81
2010-06-09,1960.5,74.38,33.73,79.47132873535156,0.18,3.0,3.2,2.82
2010-06-10,1943.41,75.48,30.57,81.79438018798828,0.18,3.0,3.33,2.82
2010-06-11,1928.83,73.89,28.79,82.19154357910156,0.18,3.0,3.24,2.82
2010-06-14,1925.35,74.99,28.58,82.06413269042969,0.18,3.0,3.28,2.82
2010-06-15,1925.35,76.84,25.87,83.93013000488281,0.19,3.0,3.32,2.81
2010-06-16,1917.82,77.67,25.92,83.9001235961914,0.19,3.0,3.27,2.81
2010-06-17,1912.29,76.82,25.05,84.03501892089844,0.19,3.0,3.21,2.81
2010-06-18,1902.78,77.18,23.95,84.1261215209961,0.18,3.0,3.24,2.82
2010-06-21,1906.61,77.84,24.88,83.88518524169922,0.17,3.0,3.26,2.83
2010-06-22,1889.51,77.15,27.05,82.49977111816406,0.18,3.0,3.18,2.82
2010-06-23,1886.05,75.9,26.91,82.24376678466797,0.17,3.0,3.13,2.83
2010-06-24,1895.75,75.96,29.74,80.88093566894531,0.16,3.0,3.14,2.84
2010-06-25,1896.87,78.45,28.53,81.21979522705078,0.16,3.0,3.12,2.84
2010-06-28,1900.36,78.26,29.0,80.96376037597656,0.17,3.0,3.05,2.83
2010-06-29,1901.65,75.93,34.13,78.4639892578125,0.15,3.0,2.97,2.85
2010-06-30,1916.46,75.59,34.54,77.71862030029297,0.09,3.0,2.97,2.91
2010-07-01,1913.15,72.95,32.86,77.37225341796875,0.17,3.0,2.96,2.83
2010-07-02,1897.33,72.06,30.12,76.95061492919922,0.18,3.0,3.0,2.82
2010-07-05,1884.31,72.06,30.12,76.95061492919922,0.18,3.0,3.0,2.82
2010-07-06,1884.31,71.96,29.65,77.455078125,0.18,3.0,2.95,2.82
2010-07-07,1882.47,74.05,26.84,79.89460754394531,0.18,3.0,3.0,2.82
2010-07-08,1901.38,75.46,25.71,80.68518829345703,0.17,3.0,3.04,2.83
2010-07-09,1889.61,76.08,24.98,81.28754425048828,0.18,3.0,3.07,2.82
2010-07-12,1877.66,74.93,24.43,81.34025573730469,0.17,3.0,3.08,2.83
2010-07-13,1877.2,77.16,24.56,82.56755065917969,0.17,3.0,3.15,2.83
2010-07-14,1871.19,77.02,24.89,82.55999755859375,0.17,3.0,3.07,2.83
2010-07-15,1873.87,76.67,25.14,82.58259582519531,0.19,3.0,3.0,2.81
2010-07-16,1871.96,75.96,26.25,80.3086929321289,0.19,3.0,2.96,2.81
2010-07-19,1878.77,76.53,25.97,80.7830810546875,0.19,3.0,2.99,2.81
2010-07-20,1872.92,77.32,23.93,81.67906951904297,0.18,3.0,2.98,2.82
2010-07-21,1872.92,76.27,25.64,80.61743927001953,0.18,3.0,2.9,2.82
2010-07-22,1867.07,79.01,24.63,82.41694641113281,0.18,3.0,2.96,2.82
2010-07-23,1864.04,78.68,23.47,83.13224792480469,0.19,3.0,3.02,2.81
2010-07-26,1867.47,78.93,22.73,83.99811553955078,0.19,3.0,3.03,2.81
2010-07-27,1859.5,77.46,23.19,83.9905776977539,0.19,3.0,3.08,2.81
2010-07-28,1852.83,77.06,24.25,83.44850158691406,0.2,3.0,3.03,2.8
2010-07-29,1846.23,78.3,24.13,83.0418701171875,0.19,3.0,3.03,2.81
2010-07-30,1841.35,78.85,23.5,83.02684020996094,0.18,3.0,2.94,2.82
2010-08-02,1842.79,81.25,22.01,84.90168762207031,0.19,3.0,2.99,2.81
2010-08-03,1832.45,82.52,22.63,84.49505615234375,0.19,3.0,2.94,2.81
2010-08-04,1834.58,82.49,22.21,85.0597915649414,0.19,3.0,2.98,2.81
2010-08-05,1824.52,82.0,22.1,84.96943664550781,0.19,3.0,2.94,2.81
2010-08-06,1818.5,80.67,21.74,84.62310028076172,0.18,3.0,2.86,2.82
2010-08-09,1815.46,81.46,22.14,85.07484436035156,0.18,3.0,2.86,2.82
2010-08-10,1808.93,80.24,22.37,84.61553192138672,0.18,3.0,2.79,2.82
2010-08-11,1810.12,78.09,25.39,82.29649353027344,0.17,3.0,2.72,2.83
2010-08-12,1807.55,75.68,25.73,81.79199981689453,0.18,3.0,2.74,2.82
2010-08-13,1812.2,75.39,26.24,81.55107116699219,0.19,3.0,2.68,2.81
2010-08-16,1835.32,75.17,26.1,81.51341247558594,0.2,3.0,2.58,2.8
2010-08-17,1835.32,75.76,24.33,82.51483154296875,0.2,3.0,2.64,2.8
2010-08-18,1810.75,75.39,24.59,82.66541290283203,0.19,3.0,2.64,2.81
2010-08-19,1808.14,74.45,26.44,81.2273178100586,0.19,3.0,2.58,2.81
2010-08-20,1819.13,73.45,25.49,80.96376037597656,0.2,3.0,2.62,2.8
2010-08-23,1820.93,72.71,25.66,80.65509796142578,0.19,3.0,2.6,2.81
2010-08-24,1806.93,71.24,27.46,79.4578628540039,0.19,3.0,2.5,2.81
2010-08-25,1818.86,72.07,26.7,79.76660919189453,0.19,3.0,2.54,2.81
2010-08-26,1820.29,73.36,27.37,79.23202514648438,0.19,3.0,2.5,2.81
2010-08-27,1811.46,75.17,24.45,80.45928192138672,0.19,3.0,2.66,2.81
2010-08-30,1817.68,74.69,27.21,79.29225158691406,0.19,3.0,2.54,2.81
2010-08-31,1823.74,71.93,26.05,79.29225158691406,0.21,3.0,2.47,2.79
2010-09-01,1826.31,73.97,23.89,81.66400146484375,0.19,3.0,2.58,2.81
2010-09-02,1815.09,74.99,23.19,82.42449188232422,0.19,3.0,2.63,2.81
2010-09-03,1810.65,74.52,21.31,83.49365997314453,0.19,3.0,2.72,2.81
2010-09-06,1807.73,74.52,21.31,83.49365997314453,0.19,3.0,2.72,2.81
2010-09-07,1807.73,73.98,23.8,82.552490234375,0.2,3.0,2.61,2.8
2010-09-08,1808.65,74.65,23.25,83.13224792480469,0.19,3.0,2.66,2.81
2010-09-09,1803.0,74.25,22.81,83.51624298095703,0.18,3.0,2.77,2.82
2010-09-10,1802.54,76.4,21.99,83.9378890991211,0.18,3.0,2.81,2.82
2010-09-13,1801.04,77.17,21.21,84.87153625488281,0.18,3.0,2.74,2.82
2010-09-14,1793.28,76.78,21.56,84.81884765625,0.19,3.0,2.68,2.81
2010-09-15,1788.05,75.92,22.1,85.14260864257812,0.21,3.0,2.74,2.79
2010-09-16,1806.78,74.58,21.72,85.1200180053711,0.21,3.0,2.77,2.79
2010-09-17,1811.55,73.63,22.01,85.15180206298828,0.21,3.0,2.75,2.79
2010-09-20,1806.76,74.81,21.5,86.45379638671875,0.21,3.0,2.72,2.79
2010-09-21,1798.73,72.96,22.35,86.27970886230469,0.2,3.0,2.61,2.8
2010-09-22,1805.31,72.98,22.51,85.85576629638672,0.21,3.0,2.56,2.79
2010-09-23,1803.71,73.4,23.87,85.15936279296875,0.2,3.0,2.56,2.8
2010-09-24,1810.72,74.63,21.71,86.91555786132812,0.21,3.0,2.62,2.79
2010-09-27,1809.46,76.51,22.54,86.49922180175781,0.19,3.0,2.54,2.81
2010-09-28,1802.15,76.15,22.6,86.80203247070312,0.19,3.0,2.48,2.81
2010-09-29,1804.06,77.85,23.25,86.65062713623047,0.19,3.0,2.52,2.81
2010-09-30,1799.89,79.95,23.7,86.39321899414062,0.15,3.0,2.53,2.85
2010-10-01,1801.01,81.57,22.5,86.75660705566406,0.2,3.0,2.54,2.8
2010-10-04,1795.93,81.43,23.53,86.10559844970703,0.2,3.0,2.5,2.8
2010-10-05,1802.09,82.83,21.76,87.83908081054688,0.2,3.0,2.5,2.8
2010-10-06,1802.43,83.21,21.49,87.83147430419922,0.19,3.0,2.41,2.81
2010-10-07,1796.29,81.34,21.56,87.72552490234375,0.18,3.0,2.41,2.82
2010-10-08,1786.2,82.66,20.71,88.21752166748047,0.18,3.0,2.41,2.82
2010-10-11,1786.37,82.18,18.96,88.30082702636719,0.18,3.0,2.41,2.82
2010-10-12,1786.37,81.67,18.93,88.57328796386719,0.18,3.0,2.44,2.82
2010-10-13,1786.77,83.03,19.07,89.26214599609375,0.18,3.0,2.46,2.82
2010-10-14,1791.56,82.71,19.88,88.91394805908203,0.19,3.0,2.52,2.81
2010-10-15,1801.2,81.23,19.03,89.09564208984375,0.2,3.0,2.59,2.8
2010-10-18,1807.88,83.06,19.09,89.5346908569336,0.19,3.0,2.52,2.81
2010-10-19,1807.88,79.57,20.63,88.36138153076172,0.19,3.0,2.5,2.81
2010-10-20,1817.45,81.93,19.79,89.22431945800781,0.19,3.0,2.51,2.81
2010-10-21,1812.6,80.03,19.27,89.4211196899414,0.19,3.0,2.57,2.81
2010-10-22,1816.28,81.15,18.78,89.58766174316406,0.19,3.0,2.59,2.81
2010-10-25,1823.05,82.0,19.85,89.85259246826172,0.19,3.0,2.59,2.81
2010-10-26,1830.96,82.6,20.22,89.86772155761719,0.19,3.0,2.67,2.81
2010-10-27,1838.45,81.9,20.71,89.61036682128906,0.19,3.0,2.75,2.81
2010-10-28,1846.41,82.2,20.88,89.62550354003906,0.19,3.0,2.69,2.81
2010-10-29,1839.9,81.45,21.2,89.69361877441406,0.2,3.0,2.63,2.8
2010-11-01,1831.64,82.94,21.83,89.72390747070312,0.2,3.0,2.66,2.8
2010-11-02,1831.64,83.91,21.57,90.43547821044922,0.2,3.0,2.63,2.8
2010-11-03,1845.51,84.45,19.56,90.79882049560547,0.2,3.0,2.67,2.8
2010-11-04,1840.51,86.49,18.52,92.54743194580078,0.19,3.0,2.53,2.81
2010-11-05,1821.05,86.85,18.26,92.8956527709961,0.18,3.0,2.58,2.82
2010-11-08,1817.7,87.07,18.29,92.7215347290039,0.18,3.0,2.6,2.82
2010-11-09,1828.28,87.04,19.08,92.05537414550781,0.17,3.0,2.72,2.83
2010-11-10,1836.27,87.77,18.47,92.42630767822266,0.17,3.0,2.65,2.83
2010-11-11,1858.01,87.77,18.64,92.0781021118164,0.17,3.0,2.65,2.83
2010-11-12,1858.01,84.89,20.61,90.98808288574219,0.19,3.0,2.76,2.81
2010-11-15,1861.74,84.88,20.2,90.85936737060547,0.21,3.0,2.92,2.79
2010-11-16,1861.74,82.33,22.58,89.44383239746094,0.21,3.0,2.85,2.79
2010-11-17,1880.98,80.43,21.76,89.48924255371094,0.2,3.0,2.89,2.8
2010-11-18,1875.78,81.88,18.75,90.806396484375,0.2,3.0,2.9,2.8
2010-11-19,1865.82,81.65,18.04,91.05620574951172,0.21,3.0,2.88,2.79
2010-11-22,1875.39,81.24,18.37,90.9804916381836,0.19,3.0,2.8,2.81
2010-11-23,1882.0,80.79,20.63,89.6633529663086,0.2,3.0,2.77,2.8
2010-11-24,1892.84,83.21,19.56,90.98808288574219,0.2,3.0,2.93,2.8
2010-11-25,1889.11,83.21,19.56,90.98808288574219,0.2,3.0,2.93,2.8
2010-11-26,1889.11,83.87,22.22,89.92829895019531,0.2,3.0,2.87,2.8
2010-11-29,1906.69,85.73,21.53,90.20083618164062,0.2,3.0,2.84,2.8
2010-11-30,1916.96,84.12,23.54,89.69361877441406,0.2,3.0,2.81,2.8
2010-12-01,1932.63,86.75,21.36,91.60120391845703,0.2,3.0,2.97,2.8
2010-12-02,1933.58,87.98,19.39,92.7745132446289,0.19,3.0,3.01,2.81
2010-12-03,1920.0,89.18,18.01,93.02429962158203,0.18,3.0,3.03,2.82
2010-12-06,1896.73,89.33,18.02,92.92591857910156,0.18,3.0,2.95,2.82
2010-12-07,1889.75,88.69,17.99,92.9789047241211,0.17,3.0,3.15,2.83
2010-12-08,1880.82,88.3,17.74,93.31951904296875,0.17,3.0,3.26,2.83
2010-12-09,1880.82,88.35,17.25,93.682861328125,0.16,3.0,3.23,2.84
2010-12-10,1902.72,87.81,17.61,94.22792053222656,0.16,3.0,3.32,2.84
2010-12-13,1911.87,88.62,17.55,94.28846740722656,0.17,3.0,3.29,2.83
2010-12-14,1894.12,88.33,17.61,94.37174987792969,0.19,3.0,3.49,2.81
2010-12-15,1899.89,88.66,17.94,93.94023895263672,0.2,3.0,3.53,2.8
2010-12-16,1905.84,87.71,17.39,94.48527526855469,0.2,3.0,3.47,2.8
2010-12-17,1916.09,88.02,16.11,94.58649444580078,0.2,3.0,3.33,2.8
2010-12-20,1923.13,88.68,16.41,94.81478118896484,0.21,3.0,3.36,2.79
2010-12-21,1928.71,89.3,16.49,95.41593170166016,0.2,3.0,3.35,2.8
2010-12-22,1934.96,89.83,15.45,95.71271514892578,0.19,3.0,3.36,2.81
2010-12-23,1934.44,90.84,16.47,95.5757064819336,0.19,3.0,3.41,2.81
2010-12-24,1928.33,90.84,16.47,95.5757064819336,0.19,3.0,3.41,2.81
2010-12-27,1939.54,90.99,17.67,95.61377716064453,0.19,3.0,3.36,2.81
2010-12-28,1964.57,91.48,17.52,95.75071716308594,0.18,3.0,3.5,2.82
2010-12-29,2027.33,91.13,17.28,95.81919860839844,0.18,3.0,3.35,2.82
2010-12-30,1989.88,89.85,17.52,95.66703033447266,0.19,3.0,3.38,2.81
2010-12-31,1913.98,91.38,17.75,95.68985748291016,0.13,3.0,3.3,2.87
2011-01-03,1913.98,91.59,17.61,96.6791000366211,0.19,3.0,3.36,2.81
2011-01-04,1902.71,89.39,17.38,96.62584686279297,0.18,3.0,3.36,2.82
2011-01-05,1899.86,90.3,17.02,97.12805938720703,0.18,3.0,3.5,2.82
2011-01-06,1894.82,88.37,17.4,96.93780517578125,0.17,3.0,3.44,2.83
2011-01-07,1869.94,88.07,17.14,96.74758911132812,0.17,3.0,3.34,2.83
2011-01-10,1859.97,89.24,17.54,96.62584686279297,0.17,3.0,3.32,2.83
2011-01-11,1859.97,91.11,16.89,96.96826171875,0.17,3.0,3.37,2.83
2011-01-12,1856.79,91.85,16.24,97.84334564208984,0.16,3.0,3.4,2.84
2011-01-13,1855.46,91.39,16.39,97.68354797363281,0.16,3.0,3.34,2.84
2011-01-14,1864.36,91.53,15.46,98.39122009277344,0.16,3.0,3.35,2.84
2011-01-17,1872.46,91.53,15.46,98.39122009277344,0.16,3.0,3.35,2.84
2011-01-18,1872.46,91.38,15.87,98.55865478515625,0.19,3.0,3.39,2.81
2011-01-19,1864.64,90.85,17.31,97.59224700927734,0.18,3.0,3.37,2.82
2011-01-20,1841.9,88.56,17.99,97.46287536621094,0.18,3.0,3.47,2.82
2011-01-21,1849.59,88.22,18.47,97.68354797363281,0.17,3.0,3.44,2.83
2011-01-24,1838.94,86.74,17.65,98.23904418945312,0.18,3.0,3.43,2.82
2011-01-25,1842.43,85.08,17.59,98.29232788085938,0.17,3.0,3.35,2.83
2011-01-26,1853.71,86.15,16.64,98.6728286743164,0.17,3.0,3.45,2.83
2011-01-27,1862.05,84.45,16.15,98.91635131835938,0.17,3.0,3.42,2.83
2011-01-28,1858.7,88.15,20.04,97.1889877319336,0.17,3.0,3.36,2.83
2011-01-31,1857.98,90.99,19.53,97.91947937011719,0.17,3.0,3.42,2.83
2011-02-01,1867.82,89.54,17.63,99.4870376586914,0.18,3.0,3.48,2.82
2011-02-02,1853.33,89.78,17.3,99.29679107666016,0.18,3.0,3.52,2.82
2011-02-03,1852.67,89.42,16.69,99.51744079589844,0.17,3.0,3.58,2.83
2011-02-04,1863.03,87.87,15.93,99.79901123046875,0.17,3.0,3.68,2.83
2011-02-07,1872.01,86.3,16.28,100.42301177978516,0.17,3.0,3.68,2.83
2011-02-08,1871.81,85.85,15.81,100.87955474853516,0.16,3.0,3.75,2.84
2011-02-09,1875.32,85.59,15.87,100.65125274658203,0.15,3.0,3.65,2.85
2011-02-10,1891.54,85.44,16.09,100.68932342529297,0.15,3.0,3.7,2.85
2011-02-11,1889.1,84.39,15.69,101.29048156738281,0.15,3.0,3.64,2.85
2011-02-14,1880.37,83.66,15.95,101.53396606445312,0.15,3.0,3.62,2.85
2011-02-15,1891.84,83.13,16.37,101.21437072753906,0.16,3.0,3.61,2.84
2011-02-16,1902.01,83.8,16.72,101.85360717773438,0.15,3.0,3.62,2.85
2011-02-17,1907.69,85.05,16.59,102.15797424316406,0.15,3.0,3.58,2.85
2011-02-18,1893.46,85.03,16.43,102.37104034423828,0.15,3.0,3.59,2.85
2011-02-21,1879.15,85.03,16.43,102.37104034423828,0.15,3.0,3.59,2.85
2011-02-22,1879.15,92.65,20.8,100.31646728515625,0.15,3.0,3.46,2.85
2011-02-23,1889.69,96.04,22.13,99.70011138916016,0.15,3.0,3.49,2.85
2011-02-24,1898.28,95.83,21.32,99.63159942626953,0.15,3.0,3.46,2.85
2011-02-25,1898.39,96.52,19.22,100.69694519042969,0.15,3.0,3.42,2.85
2011-02-28,1895.56,97.1,18.35,101.3209457397461,0.16,3.25,3.42,3.09
2011-03-01,1907.37,99.63,21.01,99.63159942626953,0.15,3.25,3.41,3.1
2011-03-02,1913.21,102.27,20.7,99.84468841552734,0.16,3.25,3.46,3.09
2011-03-03,1916.05,101.92,18.6,101.56440734863281,0.15,3.25,3.58,3.1
2011-03-04,1904.73,104.34,19.06,100.80345916748047,0.15,3.25,3.49,3.1
2011-03-07,1890.23,105.37,20.66,100.0121078491211,0.14,3.25,3.51,3.11
2011-03-08,1893.17,105.06,19.82,100.88713836669922,0.14,3.25,3.56,3.11
2011-03-09,1889.85,104.39,20.22,100.74261474609375,0.14,3.25,3.48,3.11
2011-03-10,1879.49,102.73,21.88,98.87825012207031,0.14,3.25,3.37,3.11
2011-03-11,1871.97,101.14,20.08,99.56311798095703,0.13,3.25,3.4,3.12
2011-03-14,1866.2,101.2,21.13,98.96195983886719,0.14,3.25,3.36,3.11
2011-03-15,1876.29,97.23,24.32,97.82814025878906,0.14,3.25,3.33,3.11
2011-03-16,1887.67,97.99,29.4,96.0170669555664,0.14,3.25,3.22,3.11
2011-03-17,1892.62,101.47,26.37,97.28787994384766,0.14,3.25,3.25,3.11
2011-03-18,1876.78,101.06,24.44,97.64173126220703,0.15,3.25,3.28,3.1
2011-03-21,1874.79,102.36,20.61,99.15494537353516,0.14,3.25,3.34,3.11
2011-03-22,1874.79,104.53,20.21,98.8110122680664,0.14,3.5,3.34,3.36
2011-03-23,1866.34,105.21,19.17,99.09378814697266,0.14,3.5,3.36,3.36
2011-03-24,1867.74,105.04,18.0,100.04147338867188,0.13,3.5,3.42,3.37
2011-03-25,1865.11,104.89,17.91,100.34720611572266,0.13,3.5,3.46,3.37
2011-03-28,1871.37,103.54,19.44,100.10260772705078,0.13,3.5,3.47,3.37
2011-03-29,1877.84,104.34,18.16,100.77518463134766,0.13,3.5,3.5,3.37
2011-03-30,1888.0,103.8,17.71,101.47068786621094,0.13,3.5,3.47,3.37
2011-03-31,1879.47,106.19,17.74,101.33306121826172,0.1,3.5,3.47,3.4
2011-04-01,1870.6,107.55,17.4,101.76107788085938,0.11,3.5,3.46,3.39
2011-04-04,1858.95,108.14,17.5,101.84510040283203,0.09,3.5,3.45,3.41
2011-04-05,1846.78,107.82,17.25,101.82984924316406,0.09,3.5,3.5,3.41
2011-04-06,1838.29,108.38,16.9,102.1508560180664,0.1,3.5,3.56,3.4
2011-04-07,1826.97,109.82,17.11,101.89100646972656,0.1,3.5,3.58,3.4
2011-04-08,1825.09,112.27,17.87,101.53941345214844,0.09,3.5,3.59,3.41
2011-04-11,1817.35,109.5,16.59,101.2337417602539,0.09,3.5,3.59,3.41
2011-04-12,1815.79,105.75,17.09,100.47710418701172,0.08,3.5,3.52,3.42
2011-04-13,1818.14,106.6,16.92,100.46946716308594,0.08,3.5,3.49,3.42
2011-04-14,1818.91,107.73,16.27,100.5458984375,0.09,3.5,3.51,3.41
2011-04-15,1811.1,109.17,15.32,100.9127426147461,0.12,3.5,3.43,3.38
2011-04-18,1800.63,106.7,16.96,99.7816390991211,0.1,3.5,3.4,3.4
2011-04-19,1799.79,107.18,15.83,100.35485076904297,0.11,3.5,3.39,3.39
2011-04-20,1790.54,110.84,15.07,101.72289276123047,0.1,3.5,3.43,3.4
2011-04-21,1782.59,111.72,14.69,102.24251556396484,0.1,3.5,3.42,3.4
2011-04-22,1782.59,111.72,14.69,102.24251556396484,0.1,3.5,3.42,3.4
2011-04-25,1782.59,111.68,15.77,102.13558197021484,0.1,3.5,3.39,3.4
2011-04-26,1781.56,111.72,15.62,103.01444244384766,0.09,3.5,3.34,3.41
2011-04-27,1787.88,112.31,15.35,103.68699645996094,0.09,3.5,3.39,3.41
2011-04-28,1784.11,112.38,14.62,104.0232925415039,0.09,3.5,3.34,3.41
2011-04-29,1767.54,113.39,14.75,104.26786041259766,0.09,3.5,3.32,3.41
2011-05-02,1768.19,113.03,15.99,104.10737609863281,0.09,3.75,3.31,3.66
2011-05-03,1768.37,110.6,16.7,103.73283386230469,0.09,3.75,3.28,3.66
2011-05-04,1767.05,108.79,17.08,103.04500579833984,0.09,3.75,3.25,3.66
2011-05-05,1763.45,99.89,18.2,102.11263275146484,0.09,3.75,3.18,3.66
2011-05-06,1769.46,96.87,18.4,102.56354522705078,0.09,3.75,3.19,3.66
2011-05-09,1763.12,100.32,17.16,102.96094512939453,0.09,3.75,3.17,3.66
2011-05-10,1779.7,103.39,15.91,103.83984375,0.09,3.75,3.23,3.66
2011-05-11,1791.72,97.88,16.95,102.74696350097656,0.09,3.75,3.19,3.66
2011-05-12,1798.66,98.53,16.03,103.23611450195312,0.09,3.75,3.22,3.66
2011-05-13,1807.86,99.21,17.07,102.4412841796875,0.09,3.75,3.18,3.66
2011-05-16,1805.37,96.91,18.24,101.7916259765625,0.1,3.75,3.15,3.65
2011-05-17,1814.98,96.4,17.55,101.77635955810547,0.09,3.75,3.12,3.66
2011-05-18,1826.03,99.52,16.23,102.6858139038086,0.1,3.75,3.18,3.65
2011-05-19,1824.62,97.99,15.52,102.93042755126953,0.09,3.75,3.17,3.66
2011-05-20,1814.99,99.15,17.43,102.11263275146484,0.1,3.75,3.15,3.65
2011-05-23,1819.86,97.06,18.27,100.92802429199219,0.1,3.75,3.13,3.65
2011-05-24,1828.12,99.13,17.82,100.84396362304688,0.1,3.75,3.12,3.65
2011-05-25,1828.64,100.78,17.07,101.18025207519531,0.09,3.75,3.13,3.66
2011-05-26,1831.58,100.18,16.09,101.64641571044922,0.09,3.75,3.07,3.66
2011-05-27,1829.75,100.58,15.98,102.03621673583984,0.1,3.75,3.07,3.65
2011-05-30,1817.34,100.58,15.98,102.03621673583984,0.1,3.75,3.07,3.65
2011-05-31,1817.34,102.7,15.45,103.0985107421875,0.1,4.0,3.05,3.9
2011-06-01,1797.83,100.3,18.3,100.78282165527344,0.1,4.0,2.96,3.9
2011-06-02,1789.41,100.41,18.09,100.67584228515625,0.1,4.0,3.04,3.9
2011-06-03,1784.12,100.28,17.95,99.67467498779297,0.11,4.0,2.99,3.89
2011-06-06,1785.05,99.07,18.49,98.61995697021484,0.1,4.0,3.01,3.9
2011-06-07,1785.05,99.18,18.07,98.558837890625,0.09,4.0,3.01,3.91
2011-06-08,1770.13,100.77,18.79,98.14611053466797,0.09,4.0,2.98,3.91
2011-06-09,1769.83,101.95,17.77,98.89512634277344,0.09,4.0,3.01,3.91
2011-06-10,1772.59,99.3,18.86,97.51944732666016,0.09,4.0,2.99,3.91
2011-06-13,1774.94,97.2,19.61,97.5958480834961,0.1,4.0,3.0,3.9
2011-06-14,1777.64,99.37,18.26,98.83394622802734,0.1,4.0,3.11,3.9
2011-06-15,1774.24,94.83,21.32,97.07616424560547,0.1,4.0,2.98,3.9
2011-06-16,1781.4,94.95,22.73,97.2901382446289,0.1,4.0,2.93,3.9
2011-06-17,1793.92,93.02,21.85,97.58047485351562,0.1,4.0,2.94,3.9
2011-06-20,1787.8,93.23,19.99,98.07971954345703,0.09,4.25,2.97,4.16
2011-06-21,1789.47,93.7,18.86,99.4238052368164,0.09,4.25,2.99,4.16
2011-06-22,1780.48,94.96,18.52,98.82473754882812,0.09,4.25,3.01,4.16
2011-06-23,1779.1,90.7,19.29,98.54051208496094,0.08,4.25,2.93,4.17
2011-06-24,1788.11,90.89,21.1,97.3961181640625,0.08,4.25,2.88,4.17
2011-06-27,1787.8,90.65,20.56,98.2640380859375,0.08,4.25,2.95,4.17
2011-06-28,1787.8,92.9,19.17,99.54669952392578,0.08,4.25,3.05,4.17
2011-06-29,1786.73,94.85,17.27,100.39922332763672,0.07,4.25,3.14,4.18
2011-06-30,1780.16,95.3,16.52,101.35929870605469,0.07,4.25,3.18,4.18
2011-07-01,1772.32,94.81,15.87,102.85694885253906,0.08,4.25,3.22,4.17
2011-07-04,1762.59,94.81,15.87,102.85694885253906,0.08,4.25,3.22,4.17
2011-07-05,1762.59,96.92,16.06,102.77249908447266,0.08,4.25,3.16,4.17
2011-07-06,1766.57,96.67,16.34,102.8953628540039,0.07,4.25,3.12,4.18
2011-07-07,1767.47,98.7,15.95,103.96295928955078,0.07,4.25,3.17,4.18
2011-07-08,1759.38,96.2,15.95,103.22563171386719,0.07,4.25,3.03,4.18
2011-07-11,1759.41,95.16,18.39,101.35929870605469,0.07,4.25,2.94,4.18
2011-07-12,1768.42,97.41,19.87,100.92151641845703,0.06,4.25,2.92,4.19
2011-07-13,1765.32,98.04,19.91,101.2594223022461,0.06,4.25,2.92,4.19
2011-07-14,1758.25,95.75,20.8,100.56050872802734,0.06,4.25,2.98,4.19
2011-07-15,1748.41,97.24,19.53,101.14418029785156,0.06,4.25,2.94,4.19
2011-07-18,1750.9,95.94,20.95,100.31475067138672,0.06,4.25,2.94,4.19
2011-07-19,1758.99,97.49,19.21,101.9429931640625,0.06,4.25,2.91,4.19
2011-07-20,1757.49,98.11,19.09,101.88158416748047,0.06,4.25,2.96,4.19
2011-07-21,1757.49,98.96,17.56,103.2947769165039,0.06,4.25,3.03,4.19
2011-07-22,1756.38,99.53,17.52,103.36389923095703,0.06,4.25,2.99,4.19
2011-07-25,1757.35,98.97,19.35,102.78784942626953,0.06,4.25,3.03,4.19
2011-07-26,1768.02,99.61,20.23,102.40384674072266,0.06,4.25,2.99,4.19
2011-07-27,1759.88,97.4,22.98,100.30706787109375,0.07,4.25,3.01,4.18
2011-07-28,1764.89,97.48,23.74,100.01520538330078,0.08,4.25,2.98,4.17
2011-07-29,1771.15,95.68,25.25,99.33162689208984,0.11,4.25,2.82,4.14
2011-08-01,1777.82,94.98,23.66,98.90921783447266,0.17,4.5,2.77,4.33
2011-08-02,1771.81,93.78,24.79,96.38233947753906,0.16,4.5,2.66,4.34
2011-08-03,1765.53,91.87,23.38,96.90462493896484,0.12,4.5,2.64,4.38
2011-08-04,1772.52,86.75,31.66,92.3654556274414,0.09,4.5,2.47,4.41
2011-08-05,1781.33,86.89,32.0,92.2271957397461,0.08,4.5,2.58,4.42
2011-08-08,1792.68,81.27,48.0,86.22105407714844,0.11,4.5,2.4,4.39
2011-08-09,1811.18,79.32,35.06,90.23027801513672,0.1,4.5,2.2,4.4
2011-08-10,1811.68,83.05,42.99,86.24409484863281,0.1,4.5,2.17,4.4
2011-08-11,1800.97,85.48,39.0,90.11507415771484,0.09,4.5,2.34,4.41
2011-08-12,1793.47,85.19,36.36,90.7218246459961,0.1,4.5,2.24,4.4
2011-08-15,1783.35,87.88,31.87,92.6419448852539,0.1,4.5,2.29,4.4
2011-08-16,1783.35,86.65,32.85,91.85082244873047,0.09,4.5,2.23,4.41
2011-08-17,1776.66,87.58,31.58,91.91227722167969,0.09,4.5,2.17,4.41
2011-08-18,1767.29,82.38,42.67,87.94916534423828,0.09,4.5,2.08,4.41
2011-08-19,1775.84,82.33,43.05,86.51290130615234,0.09,4.5,2.07,4.41
2011-08-22,1779.05,84.42,42.44,86.58204650878906,0.09,4.5,2.1,4.41
2011-08-23,1779.86,85.35,36.27,89.43147277832031,0.08,4.5,2.15,4.42
2011-08-24,1781.91,84.99,35.9,90.69110107421875,0.08,4.5,2.29,4.42
2011-08-25,1791.61,85.15,39.76,89.30860900878906,0.08,4.5,2.23,4.42
2011-08-26,1791.05,85.37,35.59,90.60660552978516,0.09,4.5,2.19,4.41
2011-08-29,1794.02,87.27,32.28,93.2103042602539,0.09,4.5,2.28,4.41
2011-08-30,1787.52,88.9,32.89,93.45606231689453,0.08,4.5,2.19,4.42
2011-08-31,1783.66,88.81,31.62,93.87079620361328,0.08,4.5,2.23,4.42
2011-09-01,1780.26,88.93,31.82,92.88771057128906,0.08,4.5,2.15,4.42
2011-09-02,1778.51,86.45,33.92,90.51443481445312,0.08,4.5,2.02,4.42
2011-09-05,1782.8,86.45,33.92,90.51443481445312,0.08,4.5,2.02,4.42
2011-09-06,1782.8,85.99,37.0,89.85391998291016,0.09,4.5,1.98,4.41
2011-09-07,1791.89,89.34,33.38,92.38847351074219,0.09,4.5,2.05,4.41
2011-09-08,1789.3,89.05,34.32,91.42840576171875,0.09,4.5,2.0,4.41
2011-09-09,1789.9,87.24,38.52,89.0321044921875,0.09,4.5,1.93,4.41
2011-09-12,1796.58,88.19,38.59,89.6081314086914,0.09,4.5,1.94,4.41
2011-09-13,1811.34,90.21,36.91,90.429931640625,0.09,4.5,2.0,4.41
2011-09-14,1813.42,88.91,34.6,91.681884765625,0.08,4.5,2.03,4.42
2011-09-15,1824.15,89.4,31.97,93.2640380859375,0.09,4.5,2.09,4.41
2011-09-16,1822.04,87.96,30.98,93.8160629272461,0.09,4.5,2.08,4.41
2011-09-19,1820.29,85.7,32.73,92.88190460205078,0.09,4.5,1.97,4.41
2011-09-20,1843.26,86.92,32.86,92.77381896972656,0.09,4.5,1.95,4.41
2011-09-21,1854.96,85.77,37.32,90.04083251953125,0.08,4.5,1.88,4.42
2011-09-22,1882.23,80.29,41.35,87.13037109375,0.08,4.5,1.72,4.42
2011-09-23,1915.63,79.58,41.25,87.65532684326172,0.08,4.5,1.84,4.42
2011-09-26,1902.45,79.97,39.02,89.73977661132812,0.08,4.5,1.91,4.42
2011-09-27,1903.31,84.18,37.71,90.7433853149414,0.08,4.5,2.0,4.42
2011-09-28,1887.38,80.94,41.08,88.89055633544922,0.08,4.5,2.03,4.42
2011-09-29,1907.75,81.87,38.84,89.59310913085938,0.08,4.5,1.99,4.42
2011-09-30,1915.1,78.93,42.96,87.35420989990234,0.06,4.5,1.92,4.44
2011-10-03,1929.01,77.34,45.45,84.86829376220703,0.08,4.5,1.8,4.42
2011-10-04,1943.8,75.4,40.82,86.72887420654297,0.07,4.5,1.81,4.43
2011-10-05,1972.76,79.41,37.81,88.33472442626953,0.07,4.5,1.92,4.43
2011-10-06,1967.56,82.32,36.27,89.93276977539062,0.07,4.5,2.01,4.43
2011-10-07,1952.09,82.7,36.2,89.3305892944336,0.07,4.5,2.1,4.43
2011-10-10,1931.64,85.14,33.02,92.3183364868164,0.07,4.5,2.1,4.43
2011-10-11,1931.64,85.54,32.86,92.4109878540039,0.07,4.5,2.18,4.43
2011-10-12,1913.6,85.3,31.26,93.22161102294922,0.07,4.5,2.24,4.43
2011-10-13,1896.72,83.96,30.7,93.03631591796875,0.07,4.5,2.19,4.43
2011-10-14,1909.12,86.8,28.24,94.62666320800781,0.07,4.5,2.26,4.43
2011-10-17,1895.33,86.38,33.39,92.82015991210938,0.07,4.5,2.18,4.43
2011-10-18,1895.33,88.34,31.56,94.6343765258789,0.07,4.5,2.19,4.43
2011-10-19,1902.47,86.11,34.44,93.51497650146484,0.07,4.5,2.18,4.43
2011-10-20,1900.1,86.07,34.78,93.92414093017578,0.07,4.5,2.2,4.43
2011-10-21,1905.95,87.19,31.32,95.70751190185547,0.07,4.5,2.23,4.43
2011-10-24,1897.45,91.12,29.26,96.8809814453125,0.07,4.5,2.25,4.43
2011-10-25,1878.78,92.98,32.22,94.99723815917969,0.07,4.5,2.14,4.43
2011-10-26,1875.55,90.2,29.86,95.96224212646484,0.08,4.5,2.23,4.42
2011-10-27,1878.1,93.96,25.46,99.30512237548828,0.07,4.5,2.42,4.43
2011-10-28,1862.84,93.32,24.53,99.281982421875,0.07,4.5,2.34,4.43
2011-10-31,1863.06,93.19,29.96,96.88868713378906,0.09,4.5,2.17,4.41
2011-11-01,1871.49,92.19,34.77,94.18663024902344,0.08,4.5,2.01,4.42
2011-11-02,1891.38,92.51,32.74,95.72293853759766,0.08,4.5,2.03,4.42
2011-11-03,1889.66,94.07,30.5,97.46770477294922,0.09,4.5,2.09,4.41
2011-11-04,1905.38,94.26,30.16,96.87325286865234,0.08,4.5,2.06,4.42
2011-11-07,1915.72,95.52,29.85,97.47542572021484,0.08,4.5,2.04,4.42
2011-11-08,1915.72,96.8,27.48,98.7260971069336,0.08,4.5,2.1,4.42
2011-11-09,1908.71,95.74,36.16,95.08218383789062,0.08,4.5,2.0,4.42
2011-11-10,1917.69,97.78,32.81,95.97769927978516,0.08,4.5,2.04,4.42
2011-11-11,1913.65,98.99,30.04,97.78421783447266,0.08,4.5,2.04,4.42
2011-11-14,1913.65,98.14,31.13,96.8577880859375,0.08,4.5,2.04,4.42
2011-11-15,1913.65,99.37,31.22,97.3364486694336,0.09,4.5,2.06,4.41
2011-11-16,1915.41,102.59,33.51,95.79241180419922,0.08,4.5,2.01,4.42
2011-11-17,1912.2,98.82,34.51,94.27155303955078,0.08,4.5,1.96,4.42
2011-11-18,1910.83,97.67,32.0,94.17115020751953,0.08,4.5,2.01,4.42
2011-11-21,1917.45,96.73,32.91,92.3801040649414,0.08,4.5,1.97,4.42
2011-11-22,1928.47,97.76,31.97,92.01722717285156,0.08,4.5,1.94,4.42
2011-11-23,1925.39,96.16,33.98,89.98683166503906,0.09,4.5,1.89,4.41
2011-11-24,1932.63,96.16,33.98,89.98683166503906,0.09,4.5,1.89,4.41
2011-11-25,1932.63,96.91,34.47,89.81694030761719,0.07,4.5,1.97,4.43
2011-11-28,1948.48,98.21,32.13,92.4186782836914,0.08,4.75,1.97,4.67
2011-11-29,1946.28,99.79,30.64,92.68115997314453,0.08,4.75,2.0,4.67
2011-11-30,1967.18,100.36,27.8,96.4949722290039,0.1,4.75,2.08,4.65
2011-12-01,1948.51,100.2,27.41,96.47952270507812,0.08,4.75,2.11,4.67
2011-12-02,1949.56,100.97,27.52,96.39459991455078,0.08,4.75,2.05,4.67
2011-12-05,1938.83,100.94,27.84,97.44456481933594,0.08,4.75,2.04,4.67
2011-12-06,1936.29,101.25,28.13,97.47542572021484,0.08,4.75,2.08,4.67
2011-12-07,1936.11,100.45,28.67,97.83827209472656,0.08,4.75,2.02,4.67
2011-12-08,1930.57,98.35,30.59,95.69202423095703,0.07,4.75,1.99,4.68
2011-12-09,1930.57,99.4,26.38,97.31330108642578,0.07,4.75,2.07,4.68
2011-12-12,1927.1,97.77,25.67,95.89279174804688,0.07,4.75,2.03,4.68
2011-12-13,1932.3,100.24,25.41,94.99723815917969,0.07,4.75,1.96,4.68
2011-12-14,1929.01,94.92,26.04,93.98591613769531,0.07,4.75,1.92,4.68
2011-12-15,1937.6,93.84,25.11,94.32557678222656,0.07,4.75,1.92,4.68
2011-12-16,1935.96,93.55,24.29,94.46543884277344,0.07,4.75,1.86,4.68
2011-12-19,1935.64,93.86,24.92,93.4554214477539,0.07,4.75,1.82,4.68
2011-12-20,1939.39,97.16,23.22,96.28341674804688,0.07,4.75,1.94,4.68
2011-12-21,1932.08,98.54,21.43,96.46987915039062,0.07,4.75,1.98,4.68
2011-12-22,1935.72,99.42,21.16,97.3244857788086,0.07,4.75,1.97,4.68
2011-12-23,1927.71,99.72,20.73,98.19467163085938,0.08,4.75,2.03,4.67
2011-12-26,1920.93,99.72,20.73,98.19467163085938,0.08,4.75,2.03,4.67
2011-12-27,1920.93,101.29,21.91,98.27230072021484,0.07,4.75,2.02,4.68
2011-12-28,1920.16,99.44,23.52,96.9826431274414,0.07,4.75,1.93,4.68
2011-12-29,1938.52,99.68,22.65,97.98483276367188,0.07,4.75,1.91,4.68
2011-12-30,1942.7,98.83,23.4,97.50318908691406,0.04,4.75,1.89,4.71
2012-01-02,1942.7,98.83,23.4,97.50318908691406,0.04,4.75,1.89,4.71
2012-01-03,1942.7,102.96,22.97,99.05702209472656,0.07,4.75,1.97,4.68
2012-01-04,1915.02,103.22,22.22,99.21239471435547,0.07,4.75,2.0,4.68
2012-01-05,1898.24,101.81,21.48,99.47651672363281,0.07,4.75,2.02,4.68
2012-01-06,1884.44,101.56,20.63,99.22013092041016,0.07,4.75,1.98,4.68
2012-01-09,1884.47,101.31,21.07,99.46100616455078,0.08,4.75,1.98,4.67
2012-01-10,1884.47,102.24,20.69,100.32339477539062,0.08,4.75,2.0,4.67
2012-01-11,1865.07,100.89,21.05,100.37777709960938,0.08,4.75,1.93,4.67
2012-01-12,1854.17,99.03,20.47,100.61860656738281,0.08,4.75,1.94,4.67
2012-01-13,1842.47,98.69,20.91,100.09807586669922,0.09,4.75,1.89,4.66
2012-01-16,1841.31,98.69,20.91,100.09807586669922,0.09,4.75,1.89,4.66
2012-01-17,1841.31,100.7,22.2,100.48651123046875,0.09,4.75,1.87,4.66
2012-01-18,1836.34,100.61,20.89,101.5975112915039,0.09,4.75,1.92,4.66
2012-01-19,1827.24,100.32,19.87,102.13357543945312,0.1,4.75,2.01,4.65
2012-01-20,1821.86,98.15,18.28,102.51428985595703,0.09,4.75,2.05,4.66
2012-01-23,1828.75,99.47,18.67,102.25016021728516,0.09,4.75,2.09,4.66
2012-01-24,1811.55,98.84,18.91,102.13357543945312,0.09,4.75,2.08,4.66
2012-01-25,1814.58,99.23,18.31,102.98824310302734,0.08,4.75,2.01,4.67
2012-01-26,1814.69,99.76,18.57,102.45990753173828,0.08,4.75,1.96,4.67
2012-01-27,1801.88,99.47,18.53,102.41329956054688,0.09,4.75,1.93,4.66
2012-01-30,1810.55,98.75,19.4,102.06371307373047,0.09,4.75,1.87,4.66
2012-01-31,1815.08,98.46,19.44,102.02484130859375,0.11,5.0,1.83,4.89
2012-02-01,1805.98,97.63,18.55,102.91828918457031,0.11,5.0,1.87,4.89
2012-02-02,1797.68,96.36,17.98,103.0814437866211,0.11,5.0,1.86,4.89
2012-02-03,1795.55,97.8,17.1,104.52647399902344,0.11,5.0,1.97,4.89
2012-02-06,1784.77,96.89,17.76,104.45658111572266,0.11,5.0,1.93,4.89
2012-02-07,1787.96,98.55,17.65,104.72073364257812,0.11,5.0,2.0,4.89
2012-02-08,1783.34,98.8,18.16,105.0315170288086,0.11,5.0,2.01,4.89
2012-02-09,1778.9,99.88,18.63,105.16357421875,0.11,5.0,2.04,4.89
2012-02-10,1774.96,98.68,20.79,104.38666534423828,0.12,5.0,1.96,4.88
2012-02-13,1785.59,100.39,19.04,105.16357421875,0.12,5.0,1.99,4.88
2012-02-14,1778.12,100.82,19.54,105.0315170288086,0.12,5.0,1.92,4.88
2012-02-15,1785.24,101.82,21.14,104.54206085205078,0.12,5.0,1.93,4.88
2012-02-16,1791.29,102.33,19.22,105.6996078491211,0.11,5.0,1.99,4.89
2012-02-17,1792.92,103.27,17.78,105.97933197021484,0.09,5.0,2.01,4.91
2012-02-20,1779.81,103.27,17.78,105.97933197021484,0.09,5.0,2.01,4.91
2012-02-21,1779.81,105.88,18.19,106.02598571777344,0.1,5.0,2.05,4.9
2012-02-22,1777.59,105.99,18.19,105.68412780761719,0.08,5.0,2.01,4.92
2012-02-23,1781.57,107.44,16.8,106.1502456665039,0.08,5.0,1.99,4.92
2012-02-24,1776.11,109.39,17.31,106.38337707519531,0.09,5.0,1.98,4.91
2012-02-27,1772.42,108.49,18.19,106.56204986572266,0.1,5.25,1.92,5.15
2012-02-28,1777.27,106.59,17.96,106.872802734375,0.1,5.25,1.94,5.15
2012-02-29,1767.83,107.08,18.43,106.4532699584961,0.1,5.25,1.98,5.15
2012-03-01,1766.85,108.76,17.26,107.00486755371094,0.11,5.25,2.03,5.14
2012-03-02,1770.7,106.68,17.29,106.6785659790039,0.11,5.25,1.99,5.14
2012-03-05,1775.69,106.7,18.05,106.24349212646484,0.11,5.25,2.0,5.14
2012-03-06,1774.03,104.71,20.87,104.68964385986328,0.11,5.25,1.96,5.14
2012-03-07,1779.32,106.16,19.07,105.41996002197266,0.11,5.25,1.98,5.14
2012-03-08,1773.88,106.65,17.95,106.46880340576172,0.11,5.25,2.03,5.14
2012-03-09,1765.06,107.4,17.11,106.88056945800781,0.12,5.25,2.04,5.13
2012-03-12,1762.08,106.34,15.64,106.88834381103516,0.12,5.25,2.04,5.13
2012-03-13,1766.1,106.7,14.8,108.81512451171875,0.12,5.25,2.14,5.13
2012-03-14,1760.77,105.49,15.31,108.6985855102539,0.13,5.25,2.29,5.12
2012-03-15,1761.04,105.19,15.42,109.32787322998047,0.14,5.25,2.29,5.11
2012-03-16,1761.02,107.03,14.47,109.47926330566406,0.15,5.25,2.31,5.1
2012-03-19,1758.38,108.09,15.04,109.90841674804688,0.15,5.25,2.39,5.1
2012-03-20,1758.38,105.68,15.58,109.58851623535156,0.15,5.25,2.38,5.1
2012-03-21,1759.78,106.87,15.13,109.40902709960938,0.15,5.25,2.31,5.1
2012-03-22,1758.03,104.98,15.57,108.620849609375,0.14,5.25,2.29,5.11
2012-03-23,1761.87,106.43,14.82,108.9720230102539,0.14,5.25,2.25,5.11
2012-03-26,1760.17,107.07,14.26,110.50145721435547,0.14,5.25,2.26,5.11
2012-03-27,1759.58,107.32,15.59,110.15811920166016,0.14,5.25,2.2,5.11
2012-03-28,1762.93,105.4,15.47,109.61193084716797,0.13,5.25,2.21,5.12
2012-03-29,1771.25,102.79,15.48,109.42462921142578,0.13,5.25,2.18,5.12
2012-03-30,1784.66,103.03,15.5,109.87721252441406,0.09,5.25,2.23,5.16
2012-04-02,1792.07,105.25,15.64,110.68095397949219,0.15,5.25,2.22,5.1
2012-04-03,1779.13,104.02,15.66,110.22832489013672,0.15,5.25,2.3,5.1
2012-04-04,1767.84,101.53,16.44,109.13587951660156,0.15,5.25,2.25,5.1
2012-04-05,1772.58,103.29,16.7,109.08129119873047,0.15,5.25,2.19,5.1
2012-04-06,1772.58,103.29,16.7,109.08129119873047,0.12,5.25,2.07,5.13
2012-04-09,1772.58,102.45,18.81,107.85617065429688,0.16,5.25,2.06,5.09
2012-04-10,1779.53,101.12,20.39,106.04582214355469,0.15,5.25,2.01,5.1
2012-04-11,1793.3,102.66,20.02,106.90418243408203,0.16,5.25,2.05,5.09
2012-04-12,1787.66,103.69,17.2,108.30095672607422,0.15,5.25,2.08,5.1
2012-04-13,1778.78,102.84,19.55,107.01346588134766,0.15,5.25,2.02,5.1
2012-04-16,1777.12,102.92,19.55,106.94322967529297,0.15,5.25,2.0,5.1
2012-04-17,1775.67,104.23,18.46,108.5272216796875,0.16,5.25,2.03,5.09
2012-04-18,1769.07,102.65,18.64,108.16046905517578,0.15,5.25,2.0,5.1
2012-04-19,1774.21,102.38,18.36,107.46601867675781,0.13,5.25,1.98,5.12
2012-04-20,1776.06,103.58,17.44,107.64550018310547,0.12,5.25,1.99,5.13
2012-04-23,1771.13,102.68,18.97,106.74029541015625,0.13,5.25,1.96,5.12
2012-04-24,1774.44,103.1,18.1,107.14608001708984,0.14,5.25,2.0,5.11
2012-04-25,1767.91,103.72,16.82,108.6130599975586,0.15,5.25,2.01,5.1
2012-04-26,1763.85,104.56,16.24,109.37001037597656,0.14,5.25,1.98,5.11
2012-04-27,1764.63,104.86,16.32,109.54949188232422,0.13,5.25,1.96,5.12
2012-04-30,1761.2,104.89,17.15,109.14369201660156,0.16,5.25,1.95,5.09
2012-05-01,1764.0,106.17,16.6,109.82256317138672,0.16,5.25,1.98,5.09
2012-05-02,1764.0,105.25,16.88,109.49486541748047,0.15,5.25,1.96,5.1
2012-05-03,1760.12,102.56,17.56,108.65992736816406,0.15,5.25,1.96,5.1
2012-05-04,1754.89,98.49,19.16,106.90418243408203,0.16,5.25,1.91,5.09
2012-05-07,1757.24,97.86,18.94,106.98224639892578,0.16,5.25,1.92,5.09
2012-05-08,1759.12,97.13,19.05,106.55301666259766,0.16,5.25,1.88,5.09
2012-05-09,1760.6,96.8,20.08,105.92097473144531,0.15,5.25,1.87,5.1
2012-05-10,1775.96,97.1,18.83,106.13948059082031,0.15,5.25,1.89,5.1
2012-05-11,1765.0,96.03,19.89,105.81954193115234,0.15,5.25,1.84,5.1
2012-05-14,1764.69,94.75,21.87,104.64905548095703,0.16,5.25,1.78,5.09
2012-05-15,1771.6,93.97,21.97,104.04815673828125,0.16,5.25,1.76,5.09
2012-05-16,1778.37,92.78,22.27,103.6502456665039,0.16,5.25,1.76,5.09
2012-05-17,1793.61,92.53,24.49,102.11298370361328,0.16,5.25,1.7,5.09
2012-05-18,1804.92,91.51,25.1,101.23902130126953,0.16,5.25,1.71,5.09
2012-05-21,1814.46,92.57,22.01,102.97920227050781,0.16,5.25,1.75,5.09
2012-05-22,1814.46,91.44,22.48,103.15862274169922,0.16,5.25,1.79,5.09
2012-05-23,1824.73,89.4,22.33,103.2132568359375,0.15,5.25,1.73,5.1
2012-05-24,1845.17,90.36,21.54,103.41614532470703,0.15,5.25,1.77,5.1
2012-05-25,1836.45,90.64,21.76,103.08063507080078,0.15,5.25,1.75,5.1
2012-05-28,1840.69,90.64,21.76,103.08063507080078,0.15,5.25,1.75,5.1
2012-05-29,1840.69,90.75,21.03,104.3291015625,0.16,5.25,1.74,5.09
2012-05-30,1818.82,87.79,24.14,102.8153076171875,0.16,5.25,1.63,5.09
2012-05-31,1827.83,86.52,24.06,102.5889663696289,0.16,5.25,1.59,5.09
2012-06-01,1833.8,83.17,26.66,100.00611877441406,0.16,5.25,1.47,5.09
2012-06-04,1834.71,83.95,26.12,99.95931243896484,0.17,5.25,1.53,5.08
2012-06-05,1815.54,84.31,24.68,100.71622467041016,0.17,5.25,1.57,5.08
2012-06-06,1798.85,85.05,22.16,102.97920227050781,0.16,5.25,1.66,5.09
2012-06-07,1782.89,84.78,21.72,103.0416259765625,0.16,5.25,1.66,5.09
2012-06-08,1766.91,84.08,21.23,103.86090850830078,0.17,5.25,1.65,5.08
2012-06-11,1776.26,82.58,23.56,102.54219055175781,0.17,5.25,1.6,5.08
2012-06-12,1776.26,83.35,22.09,103.72045135498047,0.16,5.25,1.67,5.09
2012-06-13,1776.47,82.56,24.27,103.05719757080078,0.17,5.25,1.61,5.08
2012-06-14,1783.45,83.83,21.68,104.14964294433594,0.17,5.25,1.64,5.08
2012-06-15,1787.63,84.03,21.11,105.21479797363281,0.18,5.25,1.6,5.07
2012-06-18,1786.21,83.26,18.32,105.41876220703125,0.17,5.25,1.59,5.08
2012-06-19,1786.21,83.99,18.38,106.43840789794922,0.17,5.25,1.64,5.08
2012-06-20,1773.18,81.06,17.24,106.265869140625,0.16,5.25,1.65,5.09
2012-06-21,1770.38,77.91,20.08,103.88137817382812,0.17,5.25,1.63,5.08
2012-06-22,1775.99,79.33,18.11,104.68144226074219,0.17,5.25,1.69,5.08
2012-06-25,1787.47,78.76,20.38,103.00287628173828,0.17,5.25,1.63,5.08
2012-06-26,1803.37,79.34,19.72,103.52058410644531,0.16,5.25,1.66,5.09
2012-06-27,1805.14,80.27,19.45,104.4539794921875,0.15,5.25,1.65,5.1
2012-06-28,1796.18,77.72,19.71,104.15592956542969,0.15,5.25,1.6,5.1
2012-06-29,1805.6,85.04,17.08,106.75218200683594,0.09,5.25,1.67,5.16
2012-07-02,1784.6,83.72,16.8,107.07372283935547,0.18,5.25,1.61,5.07
2012-07-03,1784.6,87.74,16.66,107.77971649169922,0.17,5.25,1.65,5.08
2012-07-04,1771.53,87.74,16.66,107.77971649169922,0.17,5.25,1.65,5.08
2012-07-05,1771.53,87.11,17.5,107.29339599609375,0.17,5.25,1.62,5.08
2012-07-06,1774.37,84.37,17.1,106.27371215820312,0.17,5.25,1.57,5.08
2012-07-09,1785.25,85.93,17.98,106.14034271240234,0.17,5.25,1.53,5.08
2012-07-10,1790.25,83.92,18.72,105.21479797363281,0.17,5.25,1.53,5.08
2012-07-11,1785.06,85.88,17.95,105.2304916381836,0.17,5.25,1.54,5.08
2012-07-12,1787.72,86.02,18.33,104.72064971923828,0.18,5.25,1.5,5.07
2012-07-13,1790.12,87.15,16.74,106.4776611328125,0.19,5.25,1.52,5.06
2012-07-16,1780.21,88.41,17.11,106.22664642333984,0.18,5.25,1.5,5.07
2012-07-17,1778.42,89.07,16.48,106.95608520507812,0.17,5.25,1.53,5.08
2012-07-18,1778.97,89.88,16.16,107.7482681274414,0.16,5.25,1.52,5.09
2012-07-19,1778.28,92.78,15.45,108.03069305419922,0.13,5.25,1.54,5.12
2012-07-20,1775.8,91.56,16.27,107.04242706298828,0.13,5.25,1.49,5.12
2012-07-23,1775.8,87.77,18.62,105.9599380493164,0.14,5.25,1.47,5.11
2012-07-24,1790.39,88.28,20.47,105.05008697509766,0.15,5.25,1.44,5.1
2012-07-25,1797.33,88.8,19.34,105.07364654541016,0.15,5.25,1.43,5.1
2012-07-26,1799.48,89.4,17.53,106.80706787109375,0.14,5.25,1.45,5.11
2012-07-27,1789.22,90.13,16.7,108.77583312988281,0.14,5.25,1.58,5.11
2012-07-30,1791.12,89.8,18.03,108.77583312988281,0.14,5.0,1.53,4.86
2012-07-31,1789.02,88.08,18.93,108.01497650146484,0.13,5.0,1.51,4.87
2012-08-01,1790.74,88.99,18.96,107.92086791992188,0.14,5.0,1.56,4.86
2012-08-02,1787.51,87.22,17.57,107.17574310302734,0.14,5.0,1.51,4.86
2012-08-03,1790.97,91.4,15.64,109.30132293701172,0.14,5.0,1.6,4.86
2012-08-06,1786.06,92.3,15.95,109.51313018798828,0.14,5.0,1.59,4.86
2012-08-07,1785.29,93.68,15.99,110.06221771240234,0.13,5.0,1.66,4.87
2012-08-08,1785.29,93.39,15.32,110.19552612304688,0.13,5.0,1.68,4.87
2012-08-09,1788.03,93.39,15.28,110.28968048095703,0.13,5.0,1.69,4.87
2012-08-10,1788.08,92.94,14.74,110.47008514404297,0.13,5.0,1.65,4.87
2012-08-13,1791.61,92.76,13.7,110.41515350341797,0.13,5.0,1.65,4.87
2012-08-14,1792.86,93.4,14.85,110.43085479736328,0.13,5.0,1.73,4.87
2012-08-15,1800.81,94.35,14.63,110.55634307861328,0.13,5.0,1.8,4.87
2012-08-16,1817.18,95.66,14.29,111.37210083007812,0.13,5.0,1.83,4.87
2012-08-17,1825.52,96.0,13.45,111.52111053466797,0.13,5.0,1.81,4.87
2012-08-20,1822.59,96.03,14.02,111.5289535522461,0.13,5.0,1.82,4.87
2012-08-21,1822.59,96.55,15.02,111.19168853759766,0.13,5.0,1.8,4.87
2012-08-22,1815.8,96.89,15.11,111.23872375488281,0.13,5.0,1.71,4.87
2012-08-23,1812.88,95.87,15.96,110.32889556884766,0.13,5.0,1.68,4.87
2012-08-24,1808.33,95.78,15.18,110.9955825805664,0.13,5.0,1.68,4.87
2012-08-27,1814.83,95.54,16.35,111.01909637451172,0.13,4.75,1.65,4.62
2012-08-28,1821.44,96.3,16.49,110.90927124023438,0.13,4.75,1.64,4.62
2012-08-29,1828.99,95.5,17.06,110.9955825805664,0.13,4.75,1.66,4.62
2012-08-30,1833.14,94.61,17.83,110.19552612304688,0.14,4.75,1.63,4.61
2012-08-31,1830.5,96.47,17.47,110.72106170654297,0.13,4.75,1.57,4.62
2012-09-03,1825.21,96.47,17.47,110.72106170654297,0.13,4.75,1.57,4.62
2012-09-04,1825.21,95.34,17.98,110.61907196044922,0.14,4.75,1.59,4.61
2012-09-05,1824.81,95.37,17.74,110.5249252319336,0.16,4.75,1.6,4.59
2012-09-06,1814.06,95.58,15.6,112.76826477050781,0.16,4.75,1.68,4.59
2012-09-07,1804.09,96.41,14.38,113.20750427246094,0.15,4.75,1.67,4.6
2012-09-10,1797.35,96.52,16.28,112.5643081665039,0.15,4.75,1.68,4.6
2012-09-11,1802.23,97.03,16.41,112.87806701660156,0.15,4.75,1.7,4.6
2012-09-12,1795.4,97.02,15.8,113.25458526611328,0.15,4.75,1.77,4.6
2012-09-13,1802.22,98.3,14.05,114.98018646240234,0.15,4.75,1.75,4.6
2012-09-14,1799.57,98.94,14.51,115.48998260498047,0.16,4.75,1.88,4.59
2012-09-17,1789.54,96.51,14.59,115.09780883789062,0.16,4.75,1.85,4.59
2012-09-18,1799.77,95.25,14.18,115.003662109375,0.16,4.75,1.82,4.59
2012-09-19,1800.19,91.97,13.88,115.06645965576172,0.15,4.75,1.79,4.6
2012-09-20,1795.66,92.14,14.07,115.07431030273438,0.16,4.75,1.8,4.59
2012-09-21,1798.98,92.64,13.98,115.0262222290039,0.15,4.75,1.77,4.6
2012-09-24,1796.75,91.68,14.15,114.85269927978516,0.16,4.75,1.74,4.59
2012-09-25,1799.29,91.07,15.43,113.63041687011719,0.15,4.75,1.7,4.6
2012-09-26,1795.69,89.92,16.81,112.9917221069336,0.15,4.75,1.64,4.6
2012-09-27,1799.55,91.89,14.84,114.05624389648438,0.14,4.75,1.66,4.61
2012-09-28,1798.08,92.18,15.73,113.5279312133789,0.09,4.75,1.65,4.66
2012-10-01,1800.52,92.44,16.32,113.82759094238281,0.15,4.75,1.64,4.6
2012-10-02,1797.97,91.88,15.71,113.94587707519531,0.16,4.75,1.64,4.59
2012-10-03,1798.86,88.19,15.43,114.41111755371094,0.16,4.75,1.64,4.59
2012-10-04,1800.43,91.69,14.55,115.23121643066406,0.15,4.75,1.7,4.6
2012-10-05,1797.68,89.87,14.33,115.23907470703125,0.15,4.75,1.75,4.6
2012-10-08,1795.4,89.43,15.11,114.84480285644531,0.15,4.75,1.75,4.6
2012-10-09,1795.4,92.42,16.37,113.70932006835938,0.16,4.75,1.74,4.59
2012-10-10,1798.32,91.24,16.29,112.98383331298828,0.16,4.75,1.72,4.59
2012-10-11,1799.78,92.19,15.59,113.04689025878906,0.16,4.75,1.7,4.59
2012-10-12,1797.68,91.83,16.14,112.67632293701172,0.16,4.75,1.69,4.59
2012-10-15,1797.68,91.84,15.27,113.61466979980469,0.16,4.75,1.7,4.59
2012-10-16,1797.68,92.07,15.22,114.76595306396484,0.16,4.75,1.75,4.59
2012-10-17,1797.81,92.04,15.07,115.28641510009766,0.15,4.75,1.83,4.6
2012-10-18,1798.53,92.0,15.03,114.98676300048828,0.15,4.75,1.86,4.6
2012-10-19,1797.66,90.0,17.06,113.07054901123047,0.16,4.75,1.79,4.59
2012-10-22,1798.42,88.3,16.62,113.08634948730469,0.15,4.75,1.83,4.6
2012-10-23,1802.91,86.65,18.83,111.51712799072266,0.15,4.75,1.79,4.6
2012-10-24,1816.6,85.39,18.33,111.20169830322266,0.17,4.75,1.8,4.58
2012-10-25,1817.25,85.59,18.12,111.52503204345703,0.16,4.75,1.86,4.59
2012-10-26,1816.97,85.84,17.81,111.46192932128906,0.16,4.75,1.78,4.59
2012-10-29,1823.18,85.52,17.81,111.46192932128906,0.17,4.75,1.74,4.58
2012-10-30,1830.45,85.65,17.81,111.46192932128906,0.17,4.75,1.74,4.58
2012-10-31,1829.89,86.23,18.6,111.46192932128906,0.18,4.75,1.72,4.57
2012-11-01,1831.25,87.05,16.69,112.62898254394531,0.17,4.75,1.75,4.58
2012-11-02,1825.5,84.9,17.59,111.62749481201172,0.16,4.75,1.75,4.59
2012-11-05,1828.8,85.64,18.42,111.85621643066406,0.17,4.75,1.72,4.58
2012-11-06,1828.8,88.62,17.58,112.73153686523438,0.16,4.75,1.78,4.59
2012-11-07,1814.99,84.5,19.08,110.17660522460938,0.16,4.75,1.68,4.59
2012-11-08,1814.83,85.07,18.49,108.8518295288086,0.16,4.75,1.62,4.59
2012-11-09,1814.21,86.08,18.61,108.94645690917969,0.16,4.75,1.61,4.59
2012-11-12,1816.99,85.56,16.68,109.03318786621094,0.16,4.75,1.61,4.59
2012-11-13,1816.99,85.38,16.65,108.65467834472656,0.16,4.75,1.59,4.59
2012-11-14,1819.3,86.32,17.92,107.18800354003906,0.16,4.75,1.59,4.59
2012-11-15,1818.2,85.45,17.99,107.00658416748047,0.16,4.75,1.58,4.59
2012-11-16,1822.61,86.62,16.41,107.53491973876953,0.16,4.75,1.58,4.59
2012-11-19,1823.46,89.05,15.24,109.7113265991211,0.16,4.75,1.61,4.59
2012-11-20,1817.67,86.46,15.08,109.7586441040039,0.16,4.75,1.66,4.59
2012-11-21,1815.58,87.08,15.31,109.96371459960938,0.16,4.75,1.69,4.59
2012-11-22,1815.76,87.08,15.31,109.96371459960938,0.16,4.75,1.69,4.59
2012-11-23,1815.76,87.01,15.14,111.46192932128906,0.16,4.75,1.7,4.59
2012-11-26,1820.18,87.28,15.5,111.225341796875,0.16,4.5,1.66,4.34
2012-11-27,1824.12,86.81,15.92,110.65760803222656,0.16,4.5,1.64,4.34
2012-11-28,1823.54,86.1,15.51,111.54865264892578,0.16,4.5,1.63,4.34
2012-11-29,1825.08,87.64,15.06,112.069091796875,0.16,4.5,1.62,4.34
2012-11-30,1817.93,88.54,15.87,112.0927963256836,0.16,4.5,1.62,4.34
2012-12-03,1813.72,88.69,16.64,111.540771484375,0.16,4.5,1.63,4.34
2012-12-04,1813.73,88.04,17.12,111.3830795288086,0.17,4.5,1.62,4.33
2012-12-05,1813.57,87.36,16.46,111.58021545410156,0.16,4.5,1.6,4.34
2012-12-06,1811.05,85.47,16.58,111.958740234375,0.16,4.5,1.59,4.34
2012-12-07,1803.69,85.45,15.9,112.29780578613281,0.16,4.5,1.64,4.34
2012-12-10,1797.45,85.14,16.05,112.34508514404297,0.16,4.5,1.63,4.34
2012-12-11,1799.4,85.36,15.57,113.11001586914062,0.17,4.5,1.66,4.33
2012-12-12,1801.5,86.35,15.95,113.16520690917969,0.17,4.5,1.72,4.33
2012-12-13,1796.31,85.39,16.56,112.47128295898438,0.16,4.5,1.74,4.34
2012-12-14,1795.05,86.32,17.0,112.05332946777344,0.17,4.5,1.72,4.33
2012-12-17,1798.37,86.71,16.34,113.37022399902344,0.16,4.5,1.78,4.34
2012-12-18,1796.98,87.46,15.57,114.63191986083984,0.17,4.5,1.84,4.33
2012-12-19,1794.14,89.09,17.36,113.78028106689453,0.17,4.5,1.82,4.33
2012-12-20,1790.46,89.76,17.67,114.43478393554688,0.17,4.5,1.81,4.33
2012-12-21,1788.87,88.2,17.84,113.39603424072266,0.17,4.5,1.77,4.33
2012-12-24,1779.79,88.29,17.84,113.0466537475586,0.18,4.25,1.79,4.07
2012-12-25,1773.44,88.29,17.84,113.0466537475586,0.18,4.25,1.79,4.07
2012-12-26,1773.44,90.71,19.48,112.57012939453125,0.17,4.25,1.77,4.08
2012-12-27,1771.49,90.91,19.47,112.41921997070312,0.17,4.25,1.74,4.08
2012-12-28,1771.54,90.66,22.72,111.20418548583984,0.17,4.25,1.73,4.08
2012-12-31,1768.23,91.83,18.02,113.09428405761719,0.09,4.25,1.78,4.16
2013-01-01,1768.23,91.83,18.02,113.09428405761719,0.09,4.25,1.78,4.16
2013-01-02,1768.23,93.14,14.68,115.99291229248047,0.17,4.25,1.86,4.08
2013-01-03,1759.97,92.97,14.56,115.73080444335938,0.17,4.25,1.92,4.08
2013-01-04,1760.83,93.12,13.83,116.23902130126953,0.16,4.25,1.93,4.09
2013-01-07,1767.54,93.2,13.79,115.9214096069336,0.16,4.25,1.92,4.09
2013-01-08,1767.54,93.21,13.62,115.58784484863281,0.15,4.25,1.89,4.1
2013-01-09,1771.31,93.08,13.81,115.88169860839844,0.14,4.25,1.88,4.11
2013-01-10,1767.96,93.81,13.49,116.80294799804688,0.14,4.25,1.91,4.11
2013-01-11,1761.5,93.6,13.36,116.79498291015625,0.14,4.25,1.89,4.11
2013-01-14,1762.38,94.27,13.52,116.71553802490234,0.14,4.25,1.89,4.11
2013-01-15,1758.45,93.26,13.55,116.79498291015625,0.15,4.25,1.86,4.1
2013-01-16,1769.88,94.28,13.42,116.77908325195312,0.14,4.25,1.84,4.11
2013-01-17,1775.15,95.49,13.57,117.53356170654297,0.14,4.25,1.89,4.11
2013-01-18,1767.78,95.61,12.46,117.79558563232422,0.14,4.25,1.87,4.11
2013-01-21,1767.74,95.61,12.46,117.79558563232422,0.14,4.25,1.87,4.11
2013-01-22,1767.74,96.09,12.43,118.43093872070312,0.14,4.25,1.86,4.11
2013-01-23,1776.96,95.06,12.46,118.62152862548828,0.13,4.25,1.86,4.12
2013-01-24,1778.69,95.35,12.69,118.65322875976562,0.15,4.25,1.88,4.1
2013-01-25,1779.73,95.15,12.89,119.32040405273438,0.14,4.25,1.98,4.11
2013-01-28,1779.25,95.95,13.57,119.17745208740234,0.14,4.25,2.0,4.11
2013-01-29,1779.84,97.62,13.31,119.64593505859375,0.12,4.0,2.03,3.88
2013-01-30,1776.09,97.98,14.32,119.17745208740234,0.12,4.0,2.03,3.88
2013-01-31,1773.24,97.65,14.28,118.8835678100586,0.15,4.0,2.02,3.85
2013-02-01,1775.65,97.46,12.9,120.10651397705078,0.14,4.0,2.04,3.86
2013-02-04,1776.2,96.21,14.67,118.75650787353516,0.13,4.0,2.0,3.87
2013-02-05,1785.92,96.68,13.72,119.95570373535156,0.13,4.0,2.04,3.87
2013-02-06,1789.09,96.44,13.41,120.04302215576172,0.13,4.0,2.0,3.87
2013-02-07,1791.24,95.84,13.5,119.88426971435547,0.13,4.0,1.99,3.87
2013-02-08,1795.21,95.71,13.02,120.55130767822266,0.14,4.0,1.99,3.86
2013-02-11,1790.61,97.01,12.94,120.5274429321289,0.14,4.0,1.99,3.86
2013-02-12,1784.71,97.48,12.64,120.7259750366211,0.13,4.0,2.02,3.87
2013-02-13,1783.2,97.03,12.98,120.82921600341797,0.14,4.0,2.05,3.86
2013-02-14,1777.72,97.3,12.66,120.94041442871094,0.14,4.0,2.0,3.86
2013-02-15,1783.19,95.95,12.46,120.79749298095703,0.16,4.0,2.01,3.84
2013-02-18,1785.41,95.95,12.46,120.79749298095703,0.16,4.0,2.01,3.84
2013-02-19,1785.41,96.69,12.31,121.70279693603516,0.15,4.0,2.03,3.85
2013-02-20,1794.63,94.92,14.68,120.18598175048828,0.15,4.0,2.02,3.85
2013-02-21,1791.33,92.79,15.22,119.45539855957031,0.16,4.0,1.99,3.84
2013-02-22,1798.21,93.12,14.17,120.6227798461914,0.16,4.0,1.97,3.84
2013-02-25,1800.7,92.74,18.99,118.32769012451172,0.15,3.75,1.88,3.6
2013-02-26,1806.11,92.63,16.87,119.13775634765625,0.14,3.75,1.88,3.61
2013-02-27,1818.54,92.84,14.73,120.63863372802734,0.14,3.75,1.91,3.61
2013-02-28,1816.42,92.03,15.51,120.40042114257812,0.14,3.75,1.89,3.61
2013-03-01,1814.28,90.71,15.36,120.79749298095703,0.14,3.75,1.86,3.61
2013-03-04,1816.48,90.13,14.01,121.44075012207031,0.16,3.75,1.88,3.59
2013-03-05,1813.53,90.88,13.48,122.5287094116211,0.15,3.75,1.9,3.6
2013-03-06,1809.65,90.47,13.53,122.69548797607422,0.15,3.75,1.95,3.6
2013-03-07,1808.0,91.53,13.06,122.9178695678711,0.16,3.75,2.0,3.59
2013-03-08,1803.65,92.01,12.59,123.44203186035156,0.15,3.75,2.06,3.6
2013-03-11,1800.45,92.07,11.56,123.9105453491211,0.16,3.75,2.07,3.59
2013-03-12,1801.2,92.44,12.27,123.63257598876953,0.15,3.75,2.03,3.6
2013-03-13,1801.64,92.47,11.83,123.80729675292969,0.14,3.75,2.04,3.61
2013-03-14,1798.56,93.03,11.3,124.4664535522461,0.15,3.75,2.04,3.6
2013-03-15,1797.28,93.49,11.3,124.3021240234375,0.16,3.75,2.01,3.59
2013-03-18,1804.06,93.71,13.36,123.61608123779297,0.16,3.75,1.96,3.59
2013-03-19,1809.58,92.44,14.39,123.32892608642578,0.15,3.75,1.92,3.6
2013-03-20,1809.83,93.21,12.67,124.19044494628906,0.15,3.75,1.96,3.6
2013-03-21,1812.35,92.46,13.99,123.12953186035156,0.16,3.75,1.95,3.59
2013-03-22,1822.78,93.41,13.57,124.11859893798828,0.15,3.75,1.93,3.6
2013-03-25,1825.79,94.55,13.74,123.60010528564453,0.15,3.75,1.93,3.6
2013-03-26,1825.79,95.99,12.77,124.5892562866211,0.14,3.25,1.92,3.11
2013-03-27,1828.95,96.53,13.15,124.5892562866211,0.12,3.25,1.87,3.13
2013-03-28,1832.2,97.24,12.7,124.9721450805664,0.13,3.25,1.87,3.12
2013-03-29,1832.2,97.24,12.7,124.9721450805664,0.09,3.25,1.87,3.16
2013-04-01,1832.2,97.1,13.58,124.47760009765625,0.16,3.25,1.86,3.09
2013-04-02,1823.12,97.23,12.78,125.09178924560547,0.15,3.25,1.88,3.1
2013-04-03,1817.14,95.02,14.21,123.82345581054688,0.14,3.25,1.83,3.11
2013-04-04,1819.93,93.26,13.89,124.32600402832031,0.14,3.25,1.78,3.11
2013-04-05,1829.01,92.76,13.92,123.76765441894531,0.15,3.25,1.72,3.1
2013-04-08,1826.88,93.36,13.19,124.60523986816406,0.15,3.25,1.76,3.1
2013-04-09,1817.66,94.18,12.84,125.03597259521484,0.15,3.25,1.78,3.1
2013-04-10,1813.11,94.59,12.36,126.56753540039062,0.15,3.25,1.84,3.1
2013-04-11,1821.2,93.44,12.24,126.98226165771484,0.15,3.25,1.82,3.1
2013-04-12,1823.84,91.23,12.06,126.67117309570312,0.15,3.25,1.75,3.1
2013-04-15,1827.79,88.75,17.27,123.73575592041016,0.15,3.25,1.72,3.1
2013-04-16,1834.86,88.73,13.96,125.56245422363281,0.15,3.25,1.75,3.1
2013-04-17,1833.98,86.65,16.51,123.72779083251953,0.15,3.25,1.73,3.1
2013-04-18,1846.46,87.83,17.56,122.95406341552734,0.15,3.25,1.72,3.1
2013-04-19,1847.02,88.04,14.97,124.0229263305664,0.15,3.25,1.73,3.1
2013-04-22,1835.57,88.81,14.39,124.57331085205078,0.15,3.25,1.72,3.1
2013-04-23,1841.14,89.21,13.48,125.8575439453125,0.14,3.25,1.74,3.11
2013-04-24,1838.03,91.07,13.61,125.93733215332031,0.13,3.25,1.73,3.12
2013-04-25,1836.79,93.27,13.62,126.44786071777344,0.13,3.25,1.74,3.12
2013-04-26,1830.84,92.63,13.61,126.22447204589844,0.13,3.25,1.7,3.12
2013-04-29,1833.7,94.09,13.71,127.07008361816406,0.13,3.25,1.7,3.12
2013-04-30,1828.79,93.22,13.52,127.37317657470703,0.14,3.25,1.7,3.11
2013-05-01,1825.83,90.74,14.49,126.25637817382812,0.14,3.25,1.66,3.11
2013-05-02,1825.83,93.7,13.59,127.42902374267578,0.15,3.25,1.66,3.1
2013-05-03,1836.34,95.25,12.85,128.72117614746094,0.14,3.25,1.78,3.11
2013-05-06,1835.88,95.8,12.66,129.04823303222656,0.14,3.25,1.8,3.11
2013-05-07,1831.42,95.28,12.83,129.7023468017578,0.12,3.25,1.82,3.13
2013-05-08,1827.13,96.24,12.66,130.29263305664062,0.12,3.25,1.81,3.13
2013-05-09,1830.7,96.09,13.13,129.9257049560547,0.12,3.25,1.81,3.13
2013-05-10,1833.07,95.81,12.59,130.34849548339844,0.12,3.25,1.9,3.13
2013-05-13,1834.83,94.76,12.55,130.45220947265625,0.12,3.25,1.92,3.13
2013-05-14,1834.83,93.96,12.77,131.80029296875,0.11,3.25,1.96,3.14
2013-05-15,1838.63,93.95,12.81,132.51019287109375,0.12,3.25,1.94,3.13
2013-05-16,1843.75,94.85,13.07,131.88803100585938,0.11,3.25,1.87,3.14
2013-05-17,1838.82,95.72,12.45,133.164306640625,0.1,3.25,1.95,3.15
2013-05-20,1841.35,96.29,13.02,133.15631103515625,0.1,3.25,1.97,3.15
2013-05-21,1842.59,95.55,13.37,133.34774780273438,0.09,3.25,1.94,3.16
2013-05-22,1846.76,93.98,13.82,132.35861206054688,0.08,3.25,2.03,3.17
2013-05-23,1850.55,94.12,14.07,131.9757537841797,0.08,3.25,2.02,3.17
2013-05-24,1864.02,93.84,13.99,131.86404418945312,0.09,3.25,2.01,3.16
2013-05-27,1874.1,93.84,13.99,131.86404418945312,0.09,3.25,2.01,3.16
2013-05-28,1874.1,94.65,14.48,132.6537628173828,0.09,3.25,2.15,3.16
2013-05-29,1897.1,93.13,14.83,131.79232788085938,0.08,3.25,2.13,3.17
2013-05-30,1894.13,93.57,14.53,132.2788848876953,0.08,3.25,2.13,3.17
2013-05-31,1891.48,91.93,16.3,130.3804473876953,0.09,3.25,2.16,3.16
2013-06-03,1907.76,93.41,16.28,131.09832763671875,0.1,3.25,2.13,3.15
2013-06-04,1907.76,93.36,16.27,130.46815490722656,0.11,3.25,2.14,3.14
2013-06-05,1894.4,93.66,17.5,128.64141845703125,0.09,3.25,2.1,3.16
2013-06-06,1899.08,94.71,16.63,129.80606079101562,0.1,3.25,2.08,3.15
2013-06-07,1907.88,96.11,15.14,131.4572296142578,0.09,3.25,2.17,3.16
2013-06-10,1898.8,95.82,15.44,131.4572296142578,0.09,3.25,2.22,3.16
2013-06-11,1898.8,95.5,17.07,130.1011962890625,0.09,3.25,2.2,3.16
2013-06-12,1907.12,95.98,18.59,129.0243377685547,0.08,3.25,2.25,3.17
2013-06-13,1897.53,96.66,16.41,130.98663330078125,0.09,3.25,2.19,3.16
2013-06-14,1895.01,97.83,17.15,130.16502380371094,0.1,3.25,2.14,3.15
2013-06-17,1882.38,97.86,16.8,131.1700897216797,0.11,3.25,2.19,3.14
2013-06-18,1883.57,98.46,16.61,132.2070770263672,0.12,3.25,2.2,3.13
2013-06-19,1902.47,98.24,16.64,130.3804473876953,0.1,3.25,2.33,3.15
2013-06-20,1900.87,94.89,20.49,127.14983367919922,0.1,3.25,2.41,3.15
2013-06-21,1937.26,93.81,18.9,127.55799102783203,0.1,3.25,2.52,3.15
2013-06-24,1941.06,95.07,20.11,125.9461898803711,0.1,3.25,2.57,3.15
2013-06-25,1942.97,95.25,18.47,127.15701293945312,0.09,3.25,2.6,3.16
2013-06-26,1928.27,95.47,17.21,128.41598510742188,0.09,3.25,2.55,3.16
2013-06-27,1921.86,97.0,16.86,129.16978454589844,0.09,3.25,2.49,3.16
2013-06-28,1922.63,96.36,16.86,128.64053344726562,0.07,3.25,2.52,3.18
2013-07-01,1929.0,97.94,16.37,129.39431762695312,0.1,3.25,2.5,3.15
2013-07-02,1929.0,99.65,16.44,129.27398681640625,0.1,3.25,2.48,3.15
2013-07-03,1919.42,101.92,16.2,129.3302001953125,0.1,3.25,2.52,3.15
2013-07-04,1915.45,101.92,16.2,129.3302001953125,0.1,3.25,2.52,3.15
2013-07-05,1915.45,103.09,14.89,130.72549438476562,0.1,3.25,2.73,3.15
2013-07-08,1927.4,103.03,14.78,131.47119140625,0.1,3.25,2.65,3.15
2013-07-09,1926.84,103.46,14.35,132.41751098632812,0.1,3.25,2.65,3.15
2013-07-10,1920.12,106.41,14.21,132.46568298339844,0.09,3.25,2.7,3.16
2013-07-11,1920.24,104.77,14.01,134.26988220214844,0.09,3.25,2.6,3.16
2013-07-12,1910.79,105.85,13.84,134.3259735107422,0.09,3.25,2.61,3.16
2013-07-15,1905.25,106.2,13.79,134.83920288085938,0.09,3.25,2.57,3.16
2013-07-16,1893.16,105.88,14.42,134.33396911621094,0.09,3.25,2.55,3.16
2013-07-17,1878.42,106.39,13.78,134.67886352539062,0.09,3.25,2.52,3.16
2013-07-18,1873.25,107.94,13.77,135.4165802001953,0.09,3.25,2.56,3.16
2013-07-19,1883.29,108.0,12.54,135.65711975097656,0.09,3.25,2.5,3.16
2013-07-22,1884.01,106.61,12.29,135.92178344726562,0.09,3.25,2.5,3.16
2013-07-23,1880.87,107.13,12.66,135.63311767578125,0.09,3.25,2.53,3.16
2013-07-24,1886.06,105.41,13.18,135.13589477539062,0.09,3.25,2.61,3.16
2013-07-25,1891.02,105.47,12.97,135.46466064453125,0.09,3.25,2.61,3.16
2013-07-26,1887.4,104.76,12.72,135.60903930664062,0.09,3.25,2.58,3.16
2013-07-29,1886.26,104.61,13.39,135.19204711914062,0.08,3.25,2.61,3.17
2013-07-30,1888.95,103.14,13.39,135.19204711914062,0.09,3.25,2.63,3.16
2013-07-31,1890.33,105.1,13.45,135.2882843017578,0.09,3.25,2.6,3.16
2013-08-01,1896.15,107.93,12.94,136.85198974609375,0.08,3.25,2.74,3.17
2013-08-02,1896.65,106.94,11.98,137.0845489501953,0.09,3.25,2.63,3.16
2013-08-05,1891.67,106.61,11.84,136.88404846191406,0.08,3.25,2.67,3.17
2013-08-06,1883.24,105.32,12.72,136.10614013671875,0.09,3.25,2.67,3.16
2013-08-07,1882.01,104.41,12.98,135.6651611328125,0.09,3.25,2.61,3.16
2013-08-08,1882.01,103.45,12.73,136.162353515625,0.09,3.25,2.58,3.16
2013-08-09,1877.23,106.04,13.41,135.7694091796875,0.08,3.25,2.57,3.17
2013-08-12,1873.92,106.19,12.81,135.60903930664062,0.08,3.25,2.61,3.17
2013-08-13,1868.9,106.78,12.31,136.01002502441406,0.08,3.25,2.71,3.17
2013-08-14,1882.36,106.89,13.04,135.3123016357422,0.09,3.25,2.71,3.16
2013-08-15,1883.15,107.43,14.73,133.41986083984375,0.08,3.25,2.77,3.17
2013-08-16,1901.03,107.58,14.37,132.978759765625,0.09,3.25,2.84,3.16
2013-08-19,1907.06,107.14,15.1,132.1287841796875,0.09,3.25,2.88,3.16
2013-08-20,1907.06,104.9,14.91,132.7783203125,0.09,3.25,2.82,3.16
2013-08-21,1922.73,103.93,15.94,131.96041870117188,0.08,3.25,2.87,3.17
2013-08-22,1929.75,104.93,14.76,133.16323852539062,0.09,3.25,2.9,3.16
2013-08-23,1921.99,106.48,13.98,133.61228942871094,0.08,3.25,2.82,3.17
2013-08-26,1911.16,105.88,14.99,133.11514282226562,0.08,3.25,2.79,3.17
2013-08-27,1922.96,109.11,16.77,130.9740447998047,0.07,3.25,2.72,3.18
2013-08-28,1938.26,110.17,16.49,131.4391326904297,0.07,3.25,2.78,3.18
2013-08-29,1939.85,108.51,16.81,131.64761352539062,0.08,3.25,2.75,3.17
2013-08-30,1943.04,107.98,17.01,131.23068237304688,0.07,3.25,2.78,3.18
2013-09-02,1935.43,107.98,17.01,131.23068237304688,0.07,3.25,2.78,3.18
2013-09-03,1935.43,108.67,16.61,131.8240509033203,0.09,3.25,2.86,3.16
2013-09-04,1946.28,107.29,15.88,132.91468811035156,0.08,3.25,2.9,3.17
2013-09-05,1938.99,108.5,15.77,133.0830535888672,0.08,3.25,2.98,3.17
2013-09-06,1952.11,110.62,15.85,133.1471710205078,0.08,3.25,2.94,3.17
2013-09-09,1947.99,109.62,15.63,134.42222595214844,0.08,3.25,2.9,3.17
2013-09-10,1946.06,107.48,14.53,135.4165802001953,0.08,3.25,2.96,3.17
2013-09-11,1935.55,107.65,13.82,135.84161376953125,0.08,3.25,2.93,3.17
2013-09-12,1923.64,108.72,14.29,135.480712890625,0.08,3.25,2.92,3.17
2013-09-13,1919.25,108.31,14.16,135.78546142578125,0.08,3.25,2.9,3.17
2013-09-16,1919.54,106.54,14.38,136.57131958007812,0.08,3.25,2.88,3.17
2013-09-17,1917.03,105.36,14.53,137.18075561523438,0.08,3.25,2.86,3.17
2013-09-18,1914.12,108.23,13.59,138.7685089111328,0.08,3.25,2.69,3.17
2013-09-19,1911.3,106.26,13.16,138.53594970703125,0.09,3.25,2.76,3.16
2013-09-20,1887.3,104.7,13.12,137.56741333007812,0.08,3.25,2.75,3.17
2013-09-23,1889.12,103.62,14.31,136.9307861328125,0.09,3.25,2.72,3.16
2013-09-24,1892.89,103.22,14.08,136.6084747314453,0.09,3.25,2.67,3.16
2013-09-25,1888.14,102.68,14.01,136.21368408203125,0.08,3.25,2.63,3.17
2013-09-26,1893.42,103.1,14.06,136.7374267578125,0.08,3.25,2.66,3.17
2013-09-27,1899.1,102.86,15.46,136.10891723632812,0.08,3.25,2.64,3.17
2013-09-30,1914.65,102.36,16.6,135.38363647460938,0.06,3.25,2.64,3.19
2013-10-01,1908.29,102.09,15.54,136.4553680419922,0.08,3.25,2.66,3.17
2013-10-02,1893.77,104.15,16.6,136.32647705078125,0.07,3.25,2.63,3.18
2013-10-03,1884.97,103.29,17.67,135.0694122314453,0.08,3.25,2.62,3.17
2013-10-04,1889.95,103.83,16.74,136.09271240234375,0.08,3.25,2.66,3.17
2013-10-07,1886.78,103.07,19.41,134.91624450683594,0.08,3.25,2.65,3.17
2013-10-08,1885.19,103.54,20.34,133.3449249267578,0.08,3.25,2.66,3.17
2013-10-09,1889.17,101.63,19.6,133.4417266845703,0.09,3.25,2.68,3.16
2013-10-10,1894.06,103.08,16.48,136.3184051513672,0.09,3.25,2.71,3.16
2013-10-11,1885.84,102.17,15.72,137.19671630859375,0.1,3.25,2.7,3.15
2013-10-14,1883.65,102.46,16.07,137.74472045898438,0.1,3.25,2.7,3.15
2013-10-15,1883.65,101.15,18.66,136.7454376220703,0.1,3.25,2.75,3.15
2013-10-16,1883.7,102.34,14.71,138.65524291992188,0.11,3.25,2.69,3.14
2013-10-17,1880.91,100.72,13.48,139.58189392089844,0.1,3.25,2.61,3.15
2013-10-18,1879.48,100.87,13.04,140.5247039794922,0.1,3.25,2.6,3.15
2013-10-21,1879.88,99.28,13.16,140.53277587890625,0.09,3.25,2.63,3.16
2013-10-22,1885.52,97.63,13.33,141.34658813476562,0.08,3.25,2.54,3.17
2013-10-23,1879.46,96.9,13.42,140.66969299316406,0.08,3.25,2.51,3.17
2013-10-24,1883.14,96.65,13.2,141.1371307373047,0.08,3.25,2.53,3.17
2013-10-25,1882.11,97.4,13.09,141.7817840576172,0.08,3.25,2.53,3.17
2013-10-28,1882.34,98.74,13.31,142.00735473632812,0.08,3.25,2.54,3.17
2013-10-29,1884.43,98.29,13.41,142.7648468017578,0.08,3.25,2.53,3.17
2013-10-30,1883.42,96.81,13.65,142.0557403564453,0.08,3.25,2.55,3.17
2013-10-31,1884.06,96.29,13.75,141.65283203125,0.07,3.25,2.57,3.18
2013-11-01,1889.16,94.56,13.28,141.99127197265625,0.08,3.25,2.65,3.17
2013-11-04,1901.22,94.58,12.93,142.49087524414062,0.08,3.25,2.63,3.17
2013-11-05,1901.22,93.4,13.27,142.03961181640625,0.08,3.25,2.69,3.17
2013-11-06,1916.22,94.74,12.67,142.7648468017578,0.08,3.25,2.67,3.17
2013-11-07,1916.8,94.25,13.91,140.9598388671875,0.08,3.25,2.63,3.17
2013-11-08,1924.87,94.56,12.9,142.86151123046875,0.08,3.25,2.77,3.17
2013-11-11,1932.77,95.13,12.53,142.88571166992188,0.08,3.25,2.77,3.17
2013-11-12,1932.77,93.12,12.82,142.5956268310547,0.08,3.25,2.8,3.17
2013-11-13,1928.96,93.91,12.52,143.73989868164062,0.08,3.25,2.75,3.17
2013-11-14,1932.03,93.76,12.37,144.4569854736328,0.09,3.25,2.69,3.16
2013-11-15,1929.24,93.8,12.19,145.0856170654297,0.09,3.25,2.71,3.16
2013-11-18,1919.89,93.03,13.1,144.57791137695312,0.09,3.25,2.67,3.16
2013-11-19,1915.37,93.35,13.39,144.263671875,0.09,3.25,2.71,3.16
2013-11-20,1919.2,93.34,13.4,143.8123779296875,0.09,3.25,2.8,3.16
2013-11-21,1923.19,95.35,12.66,144.97276306152344,0.09,3.25,2.79,3.16
2013-11-22,1932.42,94.53,12.26,145.6979522705078,0.09,3.25,2.75,3.16
2013-11-25,1929.13,93.86,12.79,145.55299377441406,0.09,3.25,2.74,3.16
2013-11-26,1926.99,93.41,12.81,145.59323120117188,0.09,3.25,2.71,3.16
2013-11-27,1926.74,92.05,12.98,145.94778442382812,0.09,3.25,2.74,3.16
2013-11-28,1928.25,92.05,12.98,145.94778442382812,0.09,3.25,2.74,3.16
2013-11-29,1928.25,92.55,13.7,145.85108947753906,0.07,3.25,2.75,3.18
2013-12-02,1931.88,93.61,14.23,145.47238159179688,0.09,3.25,2.81,3.16
2013-12-03,1934.16,95.83,14.55,144.8438262939453,0.09,3.25,2.79,3.16
2013-12-04,1941.01,96.97,14.7,144.8277130126953,0.09,3.25,2.84,3.16
2013-12-05,1948.48,97.14,15.08,144.19113159179688,0.09,3.25,2.88,3.16
2013-12-06,1940.26,97.48,13.79,145.802734375,0.09,3.25,2.88,3.16
2013-12-09,1936.33,97.1,13.49,146.1734161376953,0.09,3.25,2.86,3.16
2013-12-10,1932.71,98.32,13.91,145.64959716796875,0.09,3.25,2.81,3.16
2013-12-11,1933.52,97.25,15.42,144.0138397216797,0.08,3.25,2.86,3.17
2013-12-12,1935.61,97.21,15.54,143.53836059570312,0.09,3.25,2.89,3.16
2013-12-13,1935.89,96.27,15.76,143.5222930908203,0.08,3.25,2.88,3.17
2013-12-16,1930.87,97.18,16.03,144.41673278808594,0.09,3.25,2.89,3.16
2013-12-17,1934.95,96.99,16.21,143.95738220214844,0.09,3.25,2.85,3.16
2013-12-18,1936.14,97.59,13.8,146.4151611328125,0.09,3.25,2.89,3.16
2013-12-19,1945.6,98.4,14.15,146.2459259033203,0.09,3.25,2.94,3.16
2013-12-20,1943.46,99.11,13.79,147.09658813476562,0.09,3.25,2.89,3.16
2013-12-23,1935.93,98.62,13.04,147.88250732421875,0.09,3.25,2.94,3.16
2013-12-24,1925.45,98.87,12.48,148.20657348632812,0.08,3.25,2.99,3.17
2013-12-25,1922.76,98.87,12.48,148.20657348632812,0.08,3.25,2.99,3.17
2013-12-26,1922.76,99.18,12.33,148.96006774902344,0.08,3.25,3.0,3.17
2013-12-27,1921.22,99.94,12.46,148.95193481445312,0.08,3.25,3.02,3.17
2013-12-30,1922.56,98.9,13.56,148.92767333984375,0.08,3.25,2.99,3.17
2013-12-31,1926.83,98.17,13.72,149.63253784179688,0.07,3.25,3.04,3.18
2014-01-01,1926.83,98.17,13.72,149.63253784179688,0.07,3.25,3.04,3.18
2014-01-02,1926.83,95.14,14.23,148.1984405517578,0.08,3.25,3.0,3.17
2014-01-03,1938.89,93.66,13.76,148.1741943359375,0.08,3.25,3.01,3.17
2014-01-06,1936.92,93.12,13.55,147.74473571777344,0.08,3.25,2.98,3.17
2014-01-07,1936.92,93.31,12.92,148.6521759033203,0.07,3.25,2.96,3.18
2014-01-08,1930.45,91.9,12.87,148.6845245361328,0.07,3.25,3.01,3.18
2014-01-09,1933.24,91.36,12.89,148.78184509277344,0.07,3.25,2.97,3.18
2014-01-10,1934.88,92.39,12.14,149.18687438964844,0.07,3.25,2.88,3.18
2014-01-13,1926.55,91.45,13.28,147.20191955566406,0.07,3.25,2.84,3.18
2014-01-14,1924.79,92.15,12.28,148.80612182617188,0.07,3.25,2.88,3.18
2014-01-15,1932.59,93.78,12.28,149.60821533203125,0.07,3.25,2.9,3.18
2014-01-16,1941.45,93.54,12.53,149.4137420654297,0.07,3.25,2.86,3.18
2014-01-17,1947.15,93.96,12.44,148.78184509277344,0.07,3.25,2.84,3.18
2014-01-20,1957.86,93.96,12.44,148.78184509277344,0.07,3.25,2.84,3.18
2014-01-21,1957.86,94.51,12.87,149.2193145751953,0.07,3.25,2.85,3.18
2014-01-22,1981.98,96.35,12.84,149.3165283203125,0.07,3.25,2.87,3.18
2014-01-23,1983.48,97.23,13.77,148.0931396484375,0.07,3.25,2.79,3.18
2014-01-24,1993.23,96.66,18.14,144.9335174560547,0.07,3.25,2.75,3.18
2014-01-27,2000.48,95.82,17.42,144.2205047607422,0.07,3.25,2.78,3.18
2014-01-28,1997.91,97.49,15.8,145.07931518554688,0.07,3.25,2.77,3.18
2014-01-29,2000.56,97.34,17.35,143.68582153320312,0.07,3.25,2.69,3.18
2014-01-30,2013.17,98.25,17.29,145.20889282226562,0.07,3.25,2.72,3.18
2014-01-31,2008.26,97.55,18.41,144.35824584960938,0.07,3.25,2.67,3.18
2014-02-03,2021.1,96.44,21.44,141.10943603515625,0.07,3.25,2.61,3.18
2014-02-04,2039.85,97.24,19.11,142.09779357910156,0.07,3.25,2.64,3.18
2014-02-05,2041.34,97.4,19.95,141.91957092285156,0.07,3.25,2.7,3.18
2014-02-06,2048.75,97.84,17.23,143.79107666015625,0.07,3.25,2.73,3.18
2014-02-07,2049.52,99.98,15.29,145.57351684570312,0.06,3.25,2.71,3.19
2014-02-10,2046.06,100.12,15.26,145.84080505371094,0.07,3.25,2.7,3.18
2014-02-11,2048.55,99.96,14.51,147.4368896484375,0.06,3.25,2.75,3.19
2014-02-12,2041.61,100.38,14.3,147.5098114013672,0.07,3.25,2.8,3.18
2014-02-13,2031.75,100.27,14.14,148.27139282226562,0.06,3.25,2.73,3.19
2014-02-14,2032.99,100.31,13.57,149.08966064453125,0.06,3.25,2.75,3.19
2014-02-17,2022.68,100.31,13.57,149.08966064453125,0.06,3.25,2.75,3.19
2014-02-18,2022.68,102.54,13.87,149.2679901123047,0.07,3.25,2.71,3.18
2014-02-19,2028.54,103.46,15.5,148.27951049804688,0.07,3.25,2.73,3.18
2014-02-20,2042.22,103.2,14.79,149.15451049804688,0.07,3.25,2.76,3.18
2014-02-21,2052.46,102.53,14.68,148.98431396484375,0.07,3.25,2.73,3.18
2014-02-24,2043.96,103.17,14.23,149.8107147216797,0.07,3.25,2.75,3.18
2014-02-25,2042.67,102.2,13.67,149.7540283203125,0.07,3.25,2.7,3.18
2014-02-26,2045.45,102.93,14.35,149.7621612548828,0.07,3.25,2.67,3.18
2014-02-27,2053.11,102.68,14.04,150.54800415039062,0.07,3.25,2.65,3.18
2014-02-28,2054.9,102.88,14.0,150.92881774902344,0.06,3.25,2.66,3.19
2014-03-03,2046.75,105.34,16.0,149.86746215820312,0.07,3.25,2.6,3.18
2014-03-04,2052.51,103.64,14.1,151.97393798828125,0.07,3.25,2.7,3.18
2014-03-05,2047.75,101.75,13.89,152.11163330078125,0.08,3.25,2.7,3.17
2014-03-06,2045.14,101.82,14.21,152.4600372314453,0.08,3.25,2.74,3.17
2014-03-07,2030.02,102.82,14.11,152.5248565673828,0.08,3.25,2.8,3.17
2014-03-10,2036.2,101.39,14.2,152.44381713867188,0.08,3.25,2.79,3.17
2014-03-11,2042.78,100.29,14.8,151.69036865234375,0.08,3.25,2.77,3.17
2014-03-12,2043.59,98.29,14.47,151.73085021972656,0.08,3.25,2.73,3.17
2014-03-13,2047.59,98.57,16.22,150.02944946289062,0.08,3.25,2.66,3.17
2014-03-14,2044.48,99.23,17.82,149.60821533203125,0.08,3.25,2.65,3.17
2014-03-17,2044.58,98.43,15.64,150.96121215820312,0.08,3.25,2.7,3.17
2014-03-18,2035.16,100.08,14.52,152.0387725830078,0.08,3.25,2.68,3.17
2014-03-19,2034.86,100.71,15.12,151.2286376953125,0.08,3.25,2.78,3.17
2014-03-20,2017.38,99.68,14.52,152.11163330078125,0.08,3.25,2.79,3.17
2014-03-21,1998.6,99.97,15.0,151.52169799804688,0.08,3.25,2.75,3.17
2014-03-24,1993.85,100.05,15.09,150.8950653076172,0.09,3.25,2.74,3.16
2014-03-25,1993.85,99.66,14.02,151.6112060546875,0.09,3.25,2.75,3.16
2014-03-26,1978.63,100.61,14.93,150.52076721191406,0.08,3.25,2.71,3.17
2014-03-27,1973.03,101.25,14.62,150.20338439941406,0.08,3.25,2.69,3.17
2014-03-28,1965.64,101.73,14.41,150.9439239501953,0.08,3.25,2.73,3.17
2014-03-31,1965.32,101.57,13.88,152.1807861328125,0.06,3.25,2.73,3.19
2014-04-01,1969.45,99.69,13.1,153.1898956298828,0.08,3.25,2.77,3.17
2014-04-02,1966.02,99.6,13.09,153.70257568359375,0.09,3.25,2.82,3.16
2014-04-03,1963.51,100.29,13.37,153.49911499023438,0.08,3.25,2.8,3.17
2014-04-04,1966.4,101.16,13.96,151.6844024658203,0.08,3.25,2.74,3.17
2014-04-07,1951.85,100.43,15.57,150.00808715820312,0.09,3.25,2.71,3.16
2014-04-08,1937.59,102.57,14.89,150.62652587890625,0.08,3.25,2.69,3.17
2014-04-09,1923.95,103.55,13.82,152.24591064453125,0.08,3.25,2.71,3.17
2014-04-10,1931.09,103.37,15.89,149.04783630371094,0.08,3.25,2.65,3.17
2014-04-11,1920.93,103.68,17.03,147.70516967773438,0.09,3.25,2.63,3.16
2014-04-14,1927.28,104.05,16.11,148.86883544921875,0.09,3.25,2.65,3.16
2014-04-15,1926.47,103.7,15.61,149.89413452148438,0.1,3.25,2.64,3.15
2014-04-16,1932.42,103.71,14.18,151.46473693847656,0.09,3.25,2.65,3.16
2014-04-17,1930.62,104.33,13.36,151.67628479003906,0.09,3.25,2.73,3.16
2014-04-18,1930.62,104.33,13.36,151.67628479003906,0.1,3.25,2.73,3.15
2014-04-21,1930.62,104.35,13.25,152.20523071289062,0.1,3.25,2.73,3.15
2014-04-22,1921.75,101.69,13.19,152.8969268798828,0.1,3.25,2.73,3.15
2014-04-23,1929.66,101.47,13.27,152.53884887695312,0.1,3.25,2.7,3.15
2014-04-24,1936.63,102.2,13.32,152.8480987548828,0.1,3.25,2.7,3.15
2014-04-25,1936.07,100.85,14.06,151.5949249267578,0.09,3.25,2.68,3.16
2014-04-28,1942.37,101.13,13.97,152.07504272460938,0.09,3.5,2.7,3.41
2014-04-29,1936.13,101.56,13.71,152.78298950195312,0.1,3.5,2.71,3.4
2014-04-30,1935.14,100.07,13.41,153.2386932373047,0.09,3.5,2.67,3.41
2014-05-01,1933.46,99.69,13.25,153.2550048828125,0.09,3.5,2.63,3.41
2014-05-02,1933.46,100.09,12.91,153.03524780273438,0.09,3.5,2.6,3.41
2014-05-05,1926.3,99.74,13.29,153.3282012939453,0.09,3.5,2.63,3.41
2014-05-06,1923.07,99.81,13.8,151.99365234375,0.09,3.5,2.61,3.41
2014-05-07,1918.2,101.06,13.4,152.8887939453125,0.08,3.5,2.62,3.42
2014-05-08,1912.97,100.52,13.43,152.7260284423828,0.08,3.5,2.61,3.42
2014-05-09,1902.15,100.32,12.92,152.953857421875,0.08,3.5,2.62,3.42
2014-05-12,1901.51,100.89,12.23,154.4430389404297,0.08,3.5,2.66,3.42
2014-05-13,1904.85,102.01,12.13,154.5813446044922,0.09,3.5,2.61,3.41
2014-05-14,1919.7,102.63,12.17,153.8489990234375,0.08,3.5,2.54,3.42
2014-05-15,1925.31,101.74,13.17,152.4981689453125,0.09,3.5,2.5,3.41
2014-05-16,1927.8,102.31,12.44,153.02711486816406,0.09,3.5,2.52,3.41
2014-05-19,1925.41,102.95,12.42,153.58863830566406,0.09,3.5,2.54,3.41
2014-05-20,1921.16,102.8,12.96,152.62026977539062,0.09,3.5,2.52,3.41
2014-05-21,1920.41,104.31,11.91,153.90597534179688,0.09,3.5,2.54,3.41
2014-05-22,1911.33,104.03,12.03,154.28028869628906,0.09,3.5,2.56,3.41
2014-05-23,1905.8,105.01,11.36,154.8988037109375,0.09,3.5,2.54,3.41
2014-05-26,1905.53,105.01,11.36,154.8988037109375,0.09,3.5,2.54,3.41
2014-05-27,1905.53,104.78,11.51,155.8508758544922,0.09,3.5,2.52,3.41
2014-05-28,1917.34,103.37,11.68,155.7368927001953,0.09,3.5,2.44,3.41
2014-05-29,1910.8,104.26,11.57,156.5425567626953,0.09,3.5,2.45,3.41
2014-05-30,1905.96,103.4,11.4,156.7947998046875,0.08,3.5,2.48,3.42
2014-06-02,1900.64,103.07,11.58,156.97384643554688,0.09,3.5,2.54,3.41
2014-06-03,1900.64,103.34,11.87,156.89248657226562,0.1,3.75,2.6,3.65
2014-06-04,1899.74,103.27,12.08,157.2098388671875,0.09,3.75,2.61,3.66
2014-06-05,1897.7,103.17,11.68,158.23512268066406,0.09,3.75,2.59,3.66
2014-06-06,1892.08,103.32,10.73,158.99195861816406,0.09,3.75,2.6,3.66
2014-06-09,1886.09,105.09,11.15,159.15472412109375,0.09,3.75,2.62,3.66
2014-06-10,1883.76,105.02,10.99,159.1710205078125,0.09,3.75,2.64,3.66
2014-06-11,1884.97,105.04,11.6,158.6176300048828,0.09,3.75,2.65,3.66
2014-06-12,1884.63,107.2,12.56,157.4946746826172,0.09,3.75,2.58,3.66
2014-06-13,1877.18,107.49,12.18,157.9747772216797,0.1,3.75,2.6,3.65
2014-06-16,1877.37,107.52,12.65,158.10501098632812,0.1,3.75,2.61,3.65
2014-06-17,1886.62,106.95,12.06,158.54441833496094,0.1,3.75,2.66,3.65
2014-06-18,1899.9,106.64,10.61,159.70811462402344,0.1,3.75,2.61,3.65
2014-06-19,1895.92,107.08,10.62,159.88710021972656,0.1,3.75,2.64,3.65
2014-06-20,1881.34,107.95,10.85,160.21176147460938,0.1,3.75,2.63,3.65
2014-06-23,1884.56,106.83,10.98,160.1626434326172,0.1,3.75,2.63,3.65
2014-06-24,1884.56,106.64,12.13,159.19778442382812,0.1,4.0,2.59,3.9
2014-06-25,1886.85,107.04,11.59,159.9173583984375,0.1,4.0,2.57,3.9
2014-06-26,1880.37,106.49,11.63,159.80287170410156,0.1,4.0,2.53,3.9
2014-06-27,1886.01,106.46,11.26,160.11363220214844,0.1,4.0,2.54,3.9
2014-06-30,1881.19,106.07,11.57,160.0318145751953,0.09,4.0,2.53,3.91
2014-07-01,1881.19,106.06,11.15,161.10293579101562,0.1,4.0,2.58,3.9
2014-07-02,1865.42,105.18,10.82,161.2664794921875,0.1,4.0,2.64,3.9
2014-07-03,1856.73,104.76,10.32,162.0595703125,0.09,4.0,2.65,3.91
2014-07-04,1848.91,104.76,10.32,162.0595703125,0.09,4.0,2.65,3.91
2014-07-07,1848.91,104.19,11.33,161.49545288085938,0.1,4.0,2.63,3.9
2014-07-08,1849.28,104.06,11.98,160.4569854736328,0.09,4.0,2.58,3.91
2014-07-09,1854.24,102.93,11.65,161.17654418945312,0.09,4.0,2.57,3.91
2014-07-10,1859.94,103.61,12.59,160.53880310058594,0.09,4.0,2.55,3.91
2014-07-11,1858.47,101.48,12.08,160.75950622558594,0.09,4.0,2.53,3.91
2014-07-14,1852.57,101.73,11.82,161.56900024414062,0.09,4.0,2.55,3.91
2014-07-15,1857.93,100.56,11.96,161.2664794921875,0.09,4.0,2.56,3.91
2014-07-16,1867.88,101.88,11.0,161.86338806152344,0.09,4.0,2.55,3.91
2014-07-17,1868.41,103.84,14.54,160.02365112304688,0.09,4.0,2.47,3.91
2014-07-18,1872.27,103.83,12.06,161.65895080566406,0.09,4.0,2.5,3.91
2014-07-21,1871.87,105.34,12.81,161.35641479492188,0.1,4.0,2.49,3.9
2014-07-22,1861.28,104.59,12.24,162.0595703125,0.09,4.0,2.48,3.91
2014-07-23,1848.98,103.81,11.52,162.4193878173828,0.09,4.0,2.48,3.91
2014-07-24,1847.85,102.76,11.84,162.42755126953125,0.09,4.0,2.52,3.91
2014-07-25,1846.12,105.23,12.69,161.66717529296875,0.09,4.0,2.48,3.91
2014-07-28,1848.56,105.68,12.56,161.7325439453125,0.09,4.0,2.5,3.91
2014-07-29,1850.61,104.91,13.28,161.0375213623047,0.09,4.0,2.47,3.91
2014-07-30,1853.3,104.29,13.33,161.06207275390625,0.09,4.0,2.57,3.91
2014-07-31,1872.43,98.23,16.95,157.8813934326172,0.08,4.0,2.58,3.92
2014-08-01,1878.75,97.86,17.03,157.39895629882812,0.09,4.25,2.52,4.16
2014-08-04,1873.65,98.26,15.12,158.53549194335938,0.09,4.25,2.51,4.16
2014-08-05,1878.68,97.34,16.87,156.99839782714844,0.09,4.25,2.49,4.16
2014-08-06,1892.35,96.93,16.37,157.04734802246094,0.09,4.25,2.49,4.16
2014-08-07,1888.51,97.34,16.66,156.197021484375,0.09,4.25,2.43,4.16
2014-08-08,1888.51,97.61,15.77,158.0040283203125,0.09,4.25,2.44,4.16
2014-08-11,1891.59,98.09,14.23,158.46192932128906,0.09,4.25,2.44,4.16
2014-08-12,1881.62,97.36,14.13,158.2411651611328,0.09,4.25,2.46,4.16
2014-08-13,1877.4,97.57,12.9,159.3123016357422,0.09,4.25,2.43,4.16
2014-08-14,1883.33,95.54,12.42,160.06451416015625,0.09,4.25,2.4,4.16
2014-08-15,1877.77,97.3,13.15,160.0318145751953,0.09,4.25,2.34,4.16
2014-08-18,1884.81,96.44,12.32,161.37283325195312,0.09,4.25,2.39,4.16
2014-08-19,1884.81,94.35,12.21,162.2149658203125,0.09,4.25,2.4,4.16
2014-08-20,1894.27,96.4,11.78,162.6483612060547,0.09,4.25,2.43,4.16
2014-08-21,1912.43,93.97,11.76,163.12258911132812,0.09,4.25,2.41,4.16
2014-08-22,1919.84,93.61,11.47,162.8690643310547,0.09,4.25,2.4,4.16
2014-08-25,1924.4,95.39,11.7,163.69493103027344,0.09,4.25,2.39,4.16
2014-08-26,1932.39,95.78,11.63,163.80120849609375,0.09,4.25,2.39,4.16
2014-08-27,1928.67,95.82,11.78,163.73577880859375,0.09,4.25,2.37,4.16
2014-08-28,1926.92,96.44,12.05,163.64585876464844,0.09,4.25,2.34,4.16
2014-08-29,1935.04,97.86,11.98,164.11190795898438,0.07,4.25,2.35,4.18
2014-09-01,1918.62,97.86,11.98,164.11190795898438,0.07,4.5,2.35,4.43
2014-09-02,1918.62,92.92,12.25,164.03016662597656,0.09,4.5,2.42,4.41
2014-09-03,1931.49,95.5,12.36,163.940185546875,0.09,4.5,2.41,4.41
2014-09-04,1924.67,94.51,12.64,163.703125,0.09,4.5,2.45,4.41
2014-09-05,1931.45,93.32,12.09,164.43898010253906,0.09,4.5,2.46,4.41
2014-09-08,1935.25,92.64,12.66,164.01377868652344,0.09,4.5,2.48,4.41
2014-09-09,1942.03,92.73,13.5,162.9754180908203,0.09,4.5,2.5,4.41
2014-09-10,1962.84,91.71,12.88,163.58860778808594,0.09,4.5,2.54,4.41
2014-09-11,1975.82,92.89,12.8,163.77667236328125,0.09,4.5,2.54,4.41
2014-09-12,1979.97,92.18,13.31,162.82005310058594,0.09,4.5,2.62,4.41
2014-09-15,1994.97,92.86,14.12,162.69741821289062,0.09,4.5,2.6,4.41
2014-09-16,1987.71,94.91,12.73,163.92385864257812,0.09,4.5,2.6,4.41
2014-09-17,1978.08,94.33,12.65,164.14463806152344,0.09,4.5,2.62,4.41
2014-09-18,1975.47,93.07,12.03,165.01951599121094,0.09,4.5,2.63,4.41
2014-09-19,1975.42,92.43,12.11,164.87088012695312,0.09,4.5,2.59,4.41
2014-09-22,1966.89,91.46,13.69,163.59759521484375,0.09,4.5,2.57,4.41
2014-09-23,1992.68,91.55,14.93,162.66104125976562,0.09,4.5,2.54,4.41
2014-09-24,1997.91,93.6,13.27,163.9343719482422,0.09,4.5,2.57,4.41
2014-09-25,2007.48,93.59,15.64,161.28916931152344,0.09,4.5,2.52,4.41
2014-09-26,2019.76,95.55,14.85,162.5707244873047,0.09,4.5,2.54,4.41
2014-09-29,2023.89,94.53,15.98,162.2749786376953,0.08,4.5,2.5,4.42
2014-09-30,2028.48,91.17,16.31,161.84780883789062,0.07,4.5,2.52,4.43
2014-10-01,2022.0,90.74,16.71,159.65451049804688,0.09,4.5,2.42,4.41
2014-10-02,2025.75,91.02,16.16,159.67910766601562,0.09,4.5,2.44,4.41
2014-10-03,2021.49,89.76,14.55,161.4370880126953,0.09,4.5,2.45,4.41
2014-10-06,2026.2,90.33,15.46,161.24810791015625,0.09,4.5,2.43,4.41
2014-10-07,2028.03,88.89,17.2,158.759033203125,0.09,4.5,2.36,4.41
2014-10-08,2026.9,87.29,15.11,161.53565979003906,0.09,4.5,2.35,4.41
2014-10-09,2040.31,85.76,18.76,158.33192443847656,0.08,4.5,2.34,4.42
2014-10-10,2041.71,85.87,21.24,156.52459716796875,0.09,4.5,2.31,4.41
2014-10-13,2052.96,85.73,24.64,153.953369140625,0.09,4.5,2.31,4.41
2014-10-14,2052.96,81.72,22.79,154.19161987304688,0.09,4.5,2.21,4.41
2014-10-15,2049.66,81.82,26.25,153.1483917236328,0.09,4.5,2.15,4.41
2014-10-16,2057.7,82.33,25.2,153.0169219970703,0.09,4.5,2.17,4.41
2014-10-17,2074.4,82.8,21.99,154.82415771484375,0.09,4.5,2.22,4.41
2014-10-20,2064.43,82.76,18.57,156.32745361328125,0.09,4.5,2.2,4.41
2014-10-21,2065.82,83.25,16.08,159.42445373535156,0.09,4.5,2.23,4.41
2014-10-22,2048.44,80.52,17.87,158.29080200195312,0.09,4.5,2.25,4.41
2014-10-23,2049.9,82.81,16.53,160.1309051513672,0.09,4.5,2.29,4.41
2014-10-24,2053.39,81.27,16.11,161.36312866210938,0.09,4.5,2.29,4.41
2014-10-27,2065.38,81.26,16.04,161.14138793945312,0.09,4.5,2.27,4.41
2014-10-28,2069.72,81.36,14.39,162.98965454101562,0.09,4.5,2.3,4.41
2014-10-29,2055.43,82.25,15.15,162.74325561523438,0.09,4.5,2.34,4.41
2014-10-30,2044.55,81.06,14.52,163.78652954101562,0.09,4.5,2.32,4.41
2014-10-31,2050.52,80.53,14.03,165.65948486328125,0.07,4.5,2.35,4.43
2014-11-03,2061.92,78.77,14.73,165.7498016357422,0.09,4.5,2.36,4.41
2014-11-04,2061.92,77.15,14.89,165.17478942871094,0.1,4.5,2.35,4.4
2014-11-05,2076.99,78.71,14.17,166.21804809570312,0.09,4.5,2.36,4.41
2014-11-06,2081.24,77.87,13.67,166.88348388671875,0.09,4.5,2.39,4.41
2014-11-07,2086.86,78.71,13.12,167.03955078125,0.09,4.5,2.32,4.41
2014-11-10,2103.25,77.43,12.67,167.56533813476562,0.09,4.5,2.38,4.41
2014-11-11,2103.12,77.85,12.92,167.72959899902344,0.09,4.5,2.38,4.41
2014-11-12,2103.12,77.16,13.02,167.5488739013672,0.09,4.5,2.37,4.41
2014-11-13,2115.59,74.13,13.79,167.73779296875,0.09,4.5,2.35,4.41
2014-11-14,2133.03,75.91,13.31,167.7788848876953,0.09,4.5,2.32,4.41
2014-11-17,2160.47,75.64,13.99,167.8856658935547,0.1,4.5,2.34,4.4
2014-11-18,2160.47,74.55,13.86,168.85499572753906,0.11,4.5,2.32,4.39
2014-11-19,2158.58,74.55,13.96,168.58389282226562,0.1,4.5,2.36,4.4
2014-11-20,2156.73,75.63,13.58,168.8796844482422,0.1,4.5,2.34,4.4
2014-11-21,2156.93,76.52,12.9,169.78334045410156,0.1,4.5,2.31,4.4
2014-11-24,2142.02,75.74,12.62,170.259765625,0.1,4.5,2.3,4.4
2014-11-25,2158.12,74.04,12.25,170.13650512695312,0.1,4.5,2.27,4.4
2014-11-26,2162.15,73.7,12.07,170.5718994140625,0.1,4.5,2.24,4.4
2014-11-27,2165.15,73.7,12.07,170.5718994140625,0.1,4.5,2.24,4.4
2014-11-28,2165.15,65.94,13.33,170.21046447753906,0.08,4.5,2.18,4.42
2014-12-01,2206.19,68.98,14.29,169.0274658203125,0.13,4.5,2.22,4.37
2014-12-02,2252.36,66.99,12.85,170.12010192871094,0.12,4.5,2.28,4.38
2014-12-03,2293.47,67.3,12.47,170.7772674560547,0.12,4.5,2.29,4.38
2014-12-04,2286.03,66.73,12.38,170.58834838867188,0.12,4.5,2.25,4.38
2014-12-05,2284.24,65.89,11.82,170.86767578125,0.12,4.5,2.31,4.38
2014-12-08,2304.12,63.13,14.21,169.72573852539062,0.12,4.5,2.26,4.38
2014-12-09,2304.12,63.74,14.89,169.61073303222656,0.12,4.5,2.22,4.38
2014-12-10,2350.01,60.99,18.53,166.8916473388672,0.12,4.5,2.18,4.38
2014-12-11,2381.96,60.01,20.08,167.73779296875,0.12,4.5,2.19,4.38
2014-12-12,2423.56,57.81,21.08,165.02699279785156,0.12,4.5,2.1,4.38
2014-12-15,2405.31,55.96,20.42,163.89329528808594,0.11,4.5,2.12,4.39
2014-12-16,2414.39,55.97,23.57,162.57891845703125,0.12,4.5,2.07,4.38
2014-12-17,2446.35,56.43,19.44,165.76625061035156,0.13,4.5,2.14,4.37
2014-12-18,2412.79,54.18,16.81,169.86544799804688,0.13,4.5,2.22,4.37
2014-12-19,2334.98,56.91,16.49,170.58819580078125,0.13,4.5,2.17,4.37
2014-12-22,2297.14,55.25,15.25,171.37290954589844,0.13,4.5,2.17,4.37
2014-12-23,2316.93,56.78,14.8,171.6041717529297,0.13,4.5,2.26,4.37
2014-12-24,2342.57,55.7,14.37,171.62069702148438,0.13,4.5,2.27,4.37
2014-12-25,2346.9,55.7,14.37,171.62069702148438,0.13,4.5,2.27,4.37
2014-12-26,2346.9,54.59,14.5,172.17413330078125,0.13,4.5,2.25,4.37
2014-12-29,2358.46,53.46,15.06,172.40545654296875,0.13,4.5,2.22,4.37
2014-12-30,2378.56,54.14,15.92,171.48033142089844,0.13,4.5,2.2,4.37
2014-12-31,2392.46,53.45,19.2,169.77871704101562,0.06,4.5,2.17,4.44
2015-01-01,2392.46,53.45,19.2,169.77871704101562,0.06,4.5,2.17,4.44
2015-01-02,2392.46,52.72,17.79,169.68780517578125,0.12,4.5,2.12,4.38
2015-01-05,2383.37,50.05,19.92,166.6233673095703,0.12,4.5,2.04,4.38
2015-01-06,2412.82,47.98,21.12,165.05393981933594,0.12,4.5,1.97,4.38
2015-01-07,2452.11,48.69,19.31,167.1106719970703,0.12,4.5,1.96,4.38
2015-01-08,2434.31,48.8,17.01,170.0760498046875,0.12,4.5,2.03,4.38
2015-01-09,2405.03,48.35,17.55,168.71316528320312,0.12,4.5,1.98,4.38
2015-01-12,2406.71,46.06,19.6,167.39149475097656,0.12,4.5,1.92,4.38
2015-01-13,2406.71,45.92,20.56,166.92068481445312,0.12,4.5,1.91,4.38
2015-01-14,2442.03,48.49,21.48,165.91297912597656,0.12,4.5,1.86,4.38
2015-01-15,2438.79,46.37,22.39,164.39308166503906,0.12,4.5,1.77,4.38
2015-01-16,2398.91,48.49,20.95,166.5489959716797,0.13,4.5,1.83,4.37
2015-01-19,2383.91,48.49,20.95,166.5489959716797,0.13,4.5,1.83,4.37
2015-01-20,2383.91,46.79,19.89,166.9042510986328,0.12,4.5,1.82,4.38
2015-01-21,2373.44,47.85,18.85,167.74667358398438,0.12,4.5,1.87,4.38
2015-01-22,2361.54,45.93,16.4,170.2412872314453,0.12,4.5,1.9,4.38
2015-01-23,2370.75,45.26,16.66,169.30784606933594,0.12,4.5,1.81,4.38
2015-01-26,2386.5,44.8,15.52,169.70433044433594,0.12,4.5,1.83,4.38
2015-01-27,2386.28,45.84,17.22,167.46588134765625,0.11,4.5,1.83,4.39
2015-01-28,2381.11,44.08,20.44,165.31826782226562,0.12,4.5,1.73,4.38
2015-01-29,2362.42,44.12,18.76,166.84637451171875,0.11,4.5,1.77,4.39
2015-01-30,2397.35,47.79,20.97,164.74822998046875,0.06,4.5,1.68,4.44
2015-02-02,2441.1,49.25,19.43,166.78854370117188,0.12,4.5,1.68,4.38
2015-02-03,2407.29,53.04,17.33,169.20046997070312,0.12,4.5,1.79,4.38
2015-02-04,2374.72,48.45,18.33,168.55618286132812,0.11,4.5,1.81,4.39
2015-02-05,2381.91,50.48,16.85,170.25784301757812,0.12,4.5,1.83,4.38
2015-02-06,2384.53,51.66,17.29,169.7869415283203,0.11,4.5,1.95,4.39
2015-02-09,2384.76,52.99,18.55,169.02708435058594,0.12,4.5,1.96,4.38
2015-02-10,2371.31,50.06,17.23,170.82774353027344,0.12,4.5,2.01,4.38
2015-02-11,2380.79,48.8,16.96,170.9268798828125,0.12,4.5,2.0,4.38
2015-02-12,2416.61,51.17,15.34,172.5706329345703,0.12,4.5,1.99,4.38
2015-02-13,2401.03,52.66,14.69,173.28091430664062,0.12,4.5,2.02,4.38
2015-02-16,2376.23,52.66,14.69,173.28091430664062,0.12,4.5,2.02,4.38
2015-02-17,2376.23,53.56,15.8,173.5535888671875,0.12,4.5,2.14,4.38
2015-02-18,2416.37,52.13,15.45,173.57015991210938,0.12,4.5,2.07,4.38
2015-02-19,2429.71,51.12,15.29,173.44618225097656,0.12,4.5,2.11,4.38
2015-02-20,2445.16,49.95,14.3,174.48699951171875,0.12,4.5,2.13,4.38
2015-02-23,2455.54,49.56,14.56,174.4622039794922,0.11,4.5,2.06,4.39
2015-02-24,2489.81,48.48,13.69,174.9578094482422,0.11,4.5,1.99,4.39
2015-02-25,2500.59,50.25,13.84,174.80908203125,0.11,4.5,1.96,4.39
2015-02-26,2489.41,47.65,13.91,174.60263061523438,0.11,4.5,2.03,4.39
2015-02-27,2484.58,49.84,13.34,174.00787353515625,0.06,4.5,2.0,4.44
2015-03-02,2496.99,49.59,13.04,175.10647583007812,0.12,4.5,2.08,4.38
2015-03-03,2522.03,50.43,13.86,174.38787841796875,0.12,4.5,2.12,4.38
2015-03-04,2555.08,51.53,14.23,173.65269470214844,0.11,4.5,2.12,4.39
2015-03-05,2565.9,50.76,14.04,173.8426513671875,0.11,4.5,2.11,4.39
2015-03-06,2543.47,49.61,15.2,171.3976593017578,0.12,4.5,2.24,4.38
2015-03-09,2565.61,49.95,15.06,172.1080322265625,0.12,4.5,2.2,4.38
2015-03-10,2592.86,48.42,16.69,169.316162109375,0.12,4.5,2.14,4.38
2015-03-11,2618.79,48.06,16.87,168.91961669921875,0.11,4.5,2.11,4.39
2015-03-12,2633.65,47.12,15.42,171.06727600097656,0.11,4.5,2.1,4.39
2015-03-13,2610.08,44.88,16.0,170.01821899414062,0.11,4.5,2.13,4.39
2015-03-16,2661.52,43.93,15.61,172.28976440429688,0.12,4.5,2.1,4.38
2015-03-17,2675.08,43.39,15.66,171.77764892578125,0.12,4.5,2.06,4.38
2015-03-18,2677.97,44.63,13.97,173.8426513671875,0.11,4.5,1.93,4.39
2015-03-19,2651.49,44.02,14.07,173.04969787597656,0.12,4.5,1.98,4.38
2015-03-20,2613.38,46.0,13.02,174.57717895507812,0.12,4.5,1.93,4.38
2015-03-23,2587.71,47.4,13.41,174.2369842529297,0.12,4.5,1.92,4.38
2015-03-24,2587.71,47.03,13.62,173.25796508789062,0.11,4.5,1.88,4.39
2015-03-25,2526.79,48.75,15.44,170.71905517578125,0.12,4.5,1.93,4.38
2015-03-26,2535.55,51.41,15.8,170.31256103515625,0.11,4.5,2.01,4.39
2015-03-27,2551.3,48.83,15.07,170.70252990722656,0.12,4.5,1.95,4.38
2015-03-30,2556.85,48.66,14.51,172.78504943847656,0.12,4.5,1.96,4.38
2015-03-31,2576.05,47.72,15.29,171.2750244140625,0.06,4.5,1.94,4.44
2015-04-01,2598.36,50.12,15.11,170.6693115234375,0.12,4.5,1.87,4.38
2015-04-02,2576.41,49.13,14.67,171.28329467773438,0.12,4.5,1.92,4.38
2015-04-03,2576.41,49.13,14.67,171.28329467773438,0.12,4.5,1.85,4.38
2015-04-06,2576.41,52.08,14.74,172.4366455078125,0.13,4.5,1.92,4.37
2015-04-07,2522.71,53.95,14.78,171.98020935058594,0.12,4.5,1.89,4.38
2015-04-08,2518.05,50.44,13.98,172.56100463867188,0.12,4.5,1.92,4.38
2015-04-09,2490.9,50.79,13.09,173.32431030273438,0.12,4.5,1.97,4.38
2015-04-10,2494.77,51.63,12.58,174.27017211914062,0.12,4.5,1.96,4.38
2015-04-13,2516.08,51.95,13.94,173.4819793701172,0.13,4.5,1.94,4.37
2015-04-14,2537.33,53.3,13.67,173.8139190673828,0.13,4.5,1.9,4.37
2015-04-15,2550.83,56.25,12.84,174.5937957763672,0.13,4.5,1.91,4.37
2015-04-16,2534.63,56.69,12.6,174.54396057128906,0.13,4.5,1.9,4.37
2015-04-17,2493.93,55.71,13.89,172.53611755371094,0.13,4.5,1.87,4.37
2015-04-20,2495.01,56.37,13.3,174.11257934570312,0.13,4.5,1.9,4.37
2015-04-21,2487.07,55.58,13.25,173.90516662597656,0.13,4.5,1.92,4.37
2015-04-22,2469.03,56.17,12.71,174.7596893310547,0.13,4.5,1.99,4.37
2015-04-23,2488.5,56.59,12.48,175.19949340820312,0.13,4.5,1.96,4.37
2015-04-24,2471.21,55.98,12.29,175.6060333251953,0.13,4.5,1.93,4.37
2015-04-27,2461.17,55.56,13.12,174.87591552734375,0.13,4.5,1.94,4.37
2015-04-28,2419.81,57.05,12.41,175.4318084716797,0.13,4.5,2.0,4.37
2015-04-29,2393.42,58.55,13.39,174.70994567871094,0.13,4.5,2.06,4.37
2015-04-30,2388.06,59.62,14.55,172.9592742919922,0.08,4.5,2.05,4.42
2015-05-01,2393.58,59.1,12.7,174.8344268798828,0.13,4.5,2.12,4.37
2015-05-04,2393.58,58.92,12.85,175.33226013183594,0.13,4.5,2.16,4.37
2015-05-05,2408.17,60.38,14.31,173.32431030273438,0.13,4.5,2.19,4.37
2015-05-06,2386.72,60.93,15.15,172.61085510253906,0.13,4.5,2.25,4.37
2015-05-07,2362.41,58.99,15.13,173.2994842529297,0.13,4.5,2.18,4.37
2015-05-08,2369.23,59.41,12.86,175.5811004638672,0.13,4.5,2.16,4.37
2015-05-11,2360.58,59.23,13.85,174.74317932128906,0.13,4.5,2.28,4.37
2015-05-12,2381.53,60.72,13.86,174.22039794921875,0.13,4.5,2.28,4.37
2015-05-13,2386.77,60.5,13.76,174.25363159179688,0.13,4.5,2.27,4.37
2015-05-14,2377.87,59.89,12.74,176.07066345214844,0.13,4.5,2.23,4.37
2015-05-15,2389.49,59.73,12.38,176.2615203857422,0.13,4.5,2.14,4.37
2015-05-18,2417.01,59.44,12.73,176.80905151367188,0.13,4.5,2.23,4.37
2015-05-19,2417.01,57.3,12.85,176.75099182128906,0.12,4.5,2.27,4.38
2015-05-20,2475.45,58.96,12.88,176.62657165527344,0.12,4.5,2.26,4.38
2015-05-21,2503.37,60.18,12.11,177.14097595214844,0.12,4.5,2.19,4.38
2015-05-22,2489.39,58.88,12.13,176.71780395507812,0.13,4.5,2.21,4.37
2015-05-25,2500.22,58.88,12.13,176.71780395507812,0.13,4.5,2.21,4.37
2015-05-26,2500.22,57.29,14.06,174.81781005859375,0.12,4.5,2.14,4.38
2015-05-27,2542.53,57.51,13.27,176.47720336914062,0.12,4.5,2.14,4.38
2015-05-28,2548.13,57.69,13.31,176.2781219482422,0.12,4.5,2.13,4.38
2015-05-29,2549.97,60.25,13.84,175.18289184570312,0.08,4.5,2.12,4.42
2015-06-01,2533.79,60.24,13.97,175.53965759277344,0.12,4.5,2.19,4.38
2015-06-02,2549.29,61.3,14.24,175.36541748046875,0.12,4.5,2.27,4.38
2015-06-03,2554.44,59.67,13.66,175.83001708984375,0.13,4.5,2.38,4.37
2015-06-04,2571.92,58.0,14.71,174.34494018554688,0.13,4.5,2.31,4.37
2015-06-05,2588.56,59.11,14.21,174.046142578125,0.13,4.5,2.41,4.37
2015-06-08,2623.66,58.15,15.29,172.97589111328125,0.13,4.5,2.39,4.37
2015-06-09,2623.66,60.15,14.47,172.95095825195312,0.13,4.5,2.42,4.37
2015-06-10,2569.17,61.36,13.22,175.0251922607422,0.13,4.5,2.5,4.37
2015-06-11,2523.0,60.74,12.85,175.58941650390625,0.13,4.5,2.39,4.37
2015-06-12,2538.55,59.96,13.78,174.24530029296875,0.13,4.5,2.39,4.37
2015-06-15,2535.91,59.53,15.39,173.49853515625,0.13,4.5,2.36,4.37
2015-06-16,2535.91,60.01,14.81,174.44444274902344,0.14,4.5,2.32,4.36
2015-06-17,2531.72,59.89,14.5,174.72654724121094,0.14,4.5,2.32,4.36
2015-06-18,2550.43,60.41,13.19,176.54356384277344,0.14,4.5,2.35,4.36
2015-06-19,2528.85,59.62,13.96,175.75985717773438,0.13,4.5,2.26,4.37
2015-06-22,2548.2,60.01,12.74,176.66033935546875,0.13,4.5,2.37,4.37
2015-06-23,2537.68,61.05,12.11,176.7853240966797,0.13,4.5,2.42,4.37
2015-06-24,2550.74,60.01,13.26,175.50146484375,0.13,4.5,2.38,4.37
2015-06-25,2566.66,59.59,14.01,174.9678192138672,0.13,4.5,2.4,4.37
2015-06-26,2556.21,59.41,14.02,174.93447875976562,0.13,4.5,2.49,4.37
2015-06-29,2585.11,58.34,18.85,171.2660369873047,0.14,4.5,2.33,4.36
2015-06-30,2585.11,59.48,18.23,171.6245574951172,0.08,4.5,2.35,4.42
2015-07-01,2598.68,56.94,16.09,173.00015258789062,0.13,4.5,2.43,4.37
2015-07-02,2626.8,56.93,16.79,172.84185791015625,0.13,4.5,2.4,4.37
2015-07-03,2623.91,56.93,16.79,172.84185791015625,0.13,4.5,2.4,4.37
2015-07-06,2642.97,52.48,17.01,172.349853515625,0.13,4.5,2.3,4.37
2015-07-07,2665.41,52.33,16.09,173.43374633789062,0.13,4.5,2.27,4.37
2015-07-08,2690.15,51.61,19.66,170.52403259277344,0.13,4.5,2.22,4.37
2015-07-09,2690.79,52.76,19.97,170.83245849609375,0.13,4.5,2.32,4.37
2015-07-10,2670.79,52.74,16.83,172.98355102539062,0.13,4.5,2.42,4.37
2015-07-13,2667.37,52.19,13.9,174.89280700683594,0.13,4.5,2.44,4.37
2015-07-14,2693.54,53.05,13.37,175.6514892578125,0.13,4.5,2.41,4.37
2015-07-15,2688.2,51.4,13.23,175.5931396484375,0.13,4.5,2.36,4.37
2015-07-16,2713.04,50.9,12.11,177.0021514892578,0.14,4.5,2.36,4.36
2015-07-17,2727.23,50.88,11.95,177.1521759033203,0.13,4.5,2.34,4.37
2015-07-20,2751.88,50.11,12.25,177.24392700195312,0.14,4.5,2.38,4.36
2015-07-21,2751.88,50.59,12.22,176.54359436035156,0.13,4.5,2.35,4.37
2015-07-22,2765.1,49.27,12.12,176.22674560546875,0.13,4.5,2.33,4.37
2015-07-23,2790.26,48.11,12.64,175.23464965820312,0.13,4.5,2.28,4.37
2015-07-24,2807.36,47.98,13.74,173.4170684814453,0.13,4.5,2.27,4.37
2015-07-27,2857.46,47.17,15.6,172.40826416015625,0.14,4.5,2.23,4.36
2015-07-28,2854.13,47.97,13.44,174.5259246826172,0.14,4.5,2.26,4.36
2015-07-29,2855.44,48.77,12.5,175.7265167236328,0.14,4.5,2.29,4.36
2015-07-30,2855.32,48.53,12.13,175.76821899414062,0.14,4.5,2.28,4.36
2015-07-31,2866.04,47.11,12.12,175.50146484375,0.08,4.5,2.2,4.42
2015-08-03,2862.51,45.25,12.56,174.9094696044922,0.14,4.5,2.16,4.36
2015-08-04,2902.98,45.75,13.0,174.567626953125,0.14,4.5,2.23,4.36
2015-08-05,2906.95,45.13,12.51,175.14291381835938,0.14,4.5,2.28,4.36
2015-08-06,2945.97,44.69,13.77,173.70884704589844,0.14,4.5,2.23,4.36
2015-08-07,2955.31,43.87,13.39,173.37542724609375,0.14,4.5,2.18,4.36
2015-08-10,2955.31,44.94,12.23,175.55979919433594,0.14,4.5,2.24,4.36
2015-08-11,2913.45,43.11,13.71,173.97569274902344,0.15,4.5,2.15,4.35
2015-08-12,2943.97,43.22,13.61,174.18411254882812,0.15,4.5,2.14,4.35
2015-08-13,2937.63,42.27,13.49,173.9673614501953,0.15,4.5,2.19,4.35
2015-08-14,2966.12,42.45,12.83,174.60096740722656,0.14,4.5,2.2,4.36
2015-08-17,2983.12,41.93,13.02,175.5764923095703,0.15,4.5,2.16,4.35
2015-08-18,2983.12,42.58,13.79,175.06785583496094,0.15,4.5,2.2,4.35
2015-08-19,3003.35,40.75,15.25,173.683837890625,0.15,4.5,2.12,4.35
2015-08-20,3027.2,41.0,19.14,170.05715942382812,0.15,4.5,2.09,4.35
2015-08-21,3053.65,40.45,28.03,164.93800354003906,0.15,4.5,2.05,4.35
2015-08-24,3102.6,38.22,40.74,157.99298095703125,0.15,4.5,2.01,4.35
2015-08-25,3208.37,39.15,36.02,156.1337432861328,0.15,4.5,2.12,4.35
2015-08-26,3194.24,38.5,30.32,162.12828063964844,0.14,4.5,2.18,4.36
2015-08-27,3238.51,42.47,26.1,166.1385955810547,0.14,4.5,2.18,4.36
2015-08-28,3195.47,45.29,26.05,166.1469268798828,0.14,4.5,2.19,4.36
2015-08-31,3101.1,49.2,28.43,164.8046112060547,0.08,4.5,2.21,4.42
2015-09-01,3079.97,45.38,31.4,159.88552856445312,0.14,4.5,2.17,4.36
2015-09-02,3093.64,46.3,26.09,162.92031860351562,0.14,4.5,2.2,4.36
2015-09-03,3142.34,46.75,25.61,163.03707885742188,0.14,4.5,2.18,4.36
2015-09-04,3119.93,46.02,27.8,160.5691680908203,0.14,4.5,2.13,4.36
2015-09-07,3113.55,46.02,27.8,160.5691680908203,0.14,4.5,2.13,4.36
2015-09-08,3113.55,45.92,24.9,164.60447692871094,0.14,4.5,2.2,4.36
2015-09-09,3138.46,44.13,26.23,162.40345764160156,0.14,4.5,2.21,4.36
2015-09-10,3105.4,45.85,24.37,163.28717041015625,0.14,4.5,2.23,4.36
2015-09-11,3080.57,44.75,23.2,164.02928161621094,0.14,4.5,2.2,4.36
2015-09-14,3012.96,44.07,24.25,163.4205780029297,0.14,4.5,2.18,4.36
2015-09-15,3032.59,44.58,22.54,165.46324157714844,0.14,4.5,2.28,4.36
2015-09-16,3025.28,47.12,21.35,166.89724731445312,0.14,4.5,2.3,4.36
2015-09-17,2989.04,46.93,21.14,166.52210998535156,0.14,4.5,2.21,4.36
2015-09-18,2975.13,44.71,22.28,163.8009033203125,0.14,4.5,2.13,4.36
2015-09-21,2984.9,46.67,20.14,164.6473388671875,0.14,4.5,2.2,4.36
2015-09-22,3001.68,46.17,22.44,162.5101776123047,0.14,4.5,2.14,4.36
2015-09-23,3065.74,44.53,22.13,162.25039672851562,0.14,4.5,2.16,4.36
2015-09-24,3099.28,44.94,23.47,161.6637420654297,0.14,4.5,2.13,4.36
2015-09-25,3135.17,45.55,23.62,161.6219024658203,0.13,4.5,2.17,4.37
2015-09-28,3080.44,44.4,27.63,157.56565856933594,0.13,4.75,2.1,4.62
2015-09-29,3096.98,45.24,26.83,157.65780639648438,0.13,4.75,2.05,4.62
2015-09-30,3121.94,45.06,24.5,160.59947204589844,0.07,4.75,2.06,4.68
2015-10-01,3086.75,44.75,22.55,161.0185089111328,0.13,4.75,2.05,4.62
2015-10-02,3061.85,45.54,20.94,163.42373657226562,0.13,4.75,1.99,4.62
2015-10-05,3034.9,46.28,19.54,166.33184814453125,0.13,4.75,2.07,4.62
2015-10-06,2971.15,48.53,19.4,165.76193237304688,0.13,4.75,2.05,4.62
2015-10-07,2913.74,47.86,18.4,167.11965942382812,0.13,4.75,2.08,4.62
2015-10-08,2891.91,49.46,17.42,168.6281280517578,0.13,4.75,2.12,4.62
2015-10-09,2887.21,49.67,17.08,168.72872924804688,0.13,4.75,2.12,4.62
2015-10-12,2855.74,47.09,16.17,168.88796997070312,0.13,4.75,2.12,4.62
2015-10-13,2855.74,46.7,17.67,167.82357788085938,0.13,4.75,2.06,4.62
2015-10-14,2910.7,46.63,18.03,167.01905822753906,0.13,4.75,1.99,4.62
2015-10-15,2928.69,46.38,16.05,169.58355712890625,0.13,4.75,2.04,4.62
2015-10-16,2908.87,47.3,15.05,170.3546142578125,0.13,4.75,2.04,4.62
2015-10-19,2879.89,45.91,14.98,170.4384002685547,0.13,4.75,2.04,4.62
2015-10-20,2912.99,45.84,15.75,170.22042846679688,0.13,4.75,2.08,4.62
2015-10-21,2929.19,45.22,16.7,169.1645050048828,0.13,4.75,2.04,4.62
2015-10-22,2966.68,44.9,14.45,172.0223388671875,0.12,4.75,2.04,4.63
2015-10-23,2925.36,43.91,14.46,173.90802001953125,0.12,4.75,2.09,4.63
2015-10-26,2912.08,43.19,15.29,173.48057556152344,0.12,4.75,2.07,4.63
2015-10-27,2918.21,43.21,15.43,173.14532470703125,0.12,4.75,2.05,4.63
2015-10-28,2950.87,45.93,14.33,175.1148223876953,0.12,4.75,2.1,4.63
2015-10-29,2926.75,46.02,14.61,175.01422119140625,0.12,4.75,2.19,4.63
2015-10-30,2921.32,46.6,15.07,174.2599334716797,0.07,4.75,2.16,4.68
2015-11-02,2897.83,46.12,14.15,176.32164001464844,0.12,4.75,2.2,4.63
2015-11-03,2897.83,47.88,14.54,176.83287048339844,0.12,5.25,2.23,5.13
2015-11-04,2825.25,46.32,15.51,176.29647827148438,0.12,5.25,2.25,5.13
2015-11-05,2819.63,45.27,15.05,176.12049865722656,0.12,5.25,2.26,5.13
2015-11-06,2853.32,44.32,14.33,176.02830505371094,0.12,5.25,2.34,5.13
2015-11-09,2896.19,43.87,16.52,174.38571166992188,0.12,5.25,2.36,5.13
2015-11-10,2921.15,44.23,15.29,174.78797912597656,0.12,5.25,2.32,5.13
2015-11-11,2935.86,42.95,16.06,174.10073852539062,0.12,5.25,2.32,5.13
2015-11-12,2935.86,41.74,18.37,171.67034912109375,0.12,5.25,2.32,5.13
2015-11-13,3009.36,40.69,20.08,169.7427520751953,0.12,5.25,2.28,5.13
2015-11-16,3073.23,41.68,18.16,172.3240203857422,0.13,5.25,2.27,5.12
2015-11-17,3073.23,40.73,18.84,172.1983642578125,0.13,5.25,2.25,5.12
2015-11-18,3069.24,40.75,16.85,174.93043518066406,0.12,5.25,2.27,5.13
2015-11-19,3108.7,40.55,16.99,174.77957153320312,0.12,5.25,2.24,5.13
2015-11-20,3082.04,39.39,15.47,175.41651916503906,0.12,5.25,2.26,5.13
2015-11-23,3047.31,39.27,15.62,175.2154541015625,0.12,5.25,2.25,5.13
2015-11-24,3086.82,40.89,15.93,175.45005798339844,0.12,5.25,2.24,5.13
2015-11-25,3074.35,41.22,15.19,175.42495727539062,0.12,5.25,2.23,5.13
2015-11-26,3099.75,41.22,15.19,175.42495727539062,0.12,5.25,2.23,5.13
2015-11-27,3099.75,40.57,15.12,175.6260986328125,0.12,5.25,2.22,5.13
2015-11-30,3101.1,40.43,16.13,174.89695739746094,0.08,5.5,2.21,5.42
2015-12-01,3142.11,40.58,14.67,176.564697265625,0.13,5.5,2.15,5.37
2015-12-02,3131.95,39.93,15.91,174.76284790039062,0.13,5.5,2.18,5.37
2015-12-03,3166.67,41.08,18.11,172.31565856933594,0.13,5.5,2.33,5.37
2015-12-04,3149.12,40.0,14.81,175.67633056640625,0.13,5.5,2.28,5.37
2015-12-07,3179.22,37.64,15.84,174.61195373535156,0.13,5.5,2.23,5.37
2015-12-08,3287.03,37.46,17.6,173.43869018554688,0.13,5.5,2.24,5.37
2015-12-09,3287.03,37.16,19.61,172.08938598632812,0.14,5.5,2.22,5.36
2015-12-10,3294.02,36.76,19.34,172.53355407714844,0.14,5.5,2.24,5.36
2015-12-11,3259.56,35.65,24.39,169.1896514892578,0.14,5.5,2.13,5.36
2015-12-14,3299.36,36.31,22.73,170.04449462890625,0.15,5.5,2.23,5.35
2015-12-15,3356.0,37.32,20.95,171.82955932617188,0.15,5.5,2.28,5.35
2015-12-16,3328.08,35.55,17.86,174.34376525878906,0.15,5.5,2.3,5.35
2015-12-17,3317.72,34.98,18.94,171.68710327148438,0.37,5.5,2.24,5.13
2015-12-18,3333.37,34.72,20.7,168.6284942626953,0.37,5.5,2.19,5.13
2015-12-21,3337.68,34.55,18.7,170.01954650878906,0.36,5.75,2.2,5.39
2015-12-22,3332.7,36.12,16.6,171.56228637695312,0.36,5.75,2.24,5.39
2015-12-23,3307.24,36.76,15.57,173.68679809570312,0.36,5.75,2.27,5.39
2015-12-24,3255.19,37.62,15.74,173.4002227783203,0.36,5.75,2.25,5.39
2015-12-25,3172.03,37.62,15.74,173.4002227783203,0.36,5.75,2.25,5.39
2015-12-28,3172.03,36.36,16.91,173.00399780273438,0.36,5.75,2.24,5.39
2015-12-29,3180.87,37.88,16.08,174.85023498535156,0.36,5.75,2.32,5.39
2015-12-30,3155.22,36.59,17.29,173.6109161376953,0.35,5.75,2.31,5.4
2015-12-31,3149.47,37.13,18.21,171.87425231933594,0.2,5.75,2.27,5.55
2016-01-01,3149.47,37.13,18.21,171.87425231933594,0.2,5.75,2.27,5.55
2016-01-04,3149.47,36.81,20.7,169.47157287597656,0.36,5.75,2.24,5.39
2016-01-05,3213.24,35.97,19.34,169.7582244873047,0.36,5.75,2.25,5.39
2016-01-06,3203.86,33.97,20.59,167.61683654785156,0.36,5.75,2.18,5.39
2016-01-07,3250.69,33.29,24.99,163.59544372558594,0.36,5.75,2.16,5.39
2016-01-08,3287.28,33.2,27.01,161.79974365234375,0.36,5.75,2.13,5.39
2016-01-11,3268.37,31.42,24.3,161.95993041992188,0.36,5.75,2.17,5.39
2016-01-12,3268.37,30.42,22.47,163.2666015625,0.36,5.75,2.12,5.39
2016-01-13,3246.51,30.42,25.22,159.19461059570312,0.36,5.75,2.08,5.39
2016-01-14,3235.45,31.22,23.95,161.80813598632812,0.36,5.75,2.1,5.39
2016-01-15,3240.71,29.45,27.02,158.3347930908203,0.36,5.75,2.03,5.39
2016-01-18,3293.94,29.45,27.02,158.3347930908203,0.36,5.75,2.03,5.39
2016-01-19,3293.94,28.47,26.05,158.54551696777344,0.36,5.75,2.06,5.39
2016-01-20,3297.46,26.68,27.59,156.5137481689453,0.37,5.75,2.01,5.38
2016-01-21,3357.67,29.55,26.69,157.39056396484375,0.37,5.75,2.02,5.38
2016-01-22,3368.49,32.07,22.34,160.6194610595703,0.38,5.75,2.07,5.37
2016-01-25,3281.74,30.31,24.15,158.1914825439453,0.38,5.75,2.03,5.37
2016-01-26,3362.38,29.54,22.5,160.3496551513672,0.38,5.75,2.01,5.37
2016-01-27,3375.8,32.32,23.11,158.60455322265625,0.38,5.75,2.02,5.37
2016-01-28,3366.63,33.21,22.42,159.43067932128906,0.38,5.75,2.0,5.37
2016-01-29,3302.92,33.66,20.2,163.31723022460938,0.29,5.75,1.94,5.46
2016-02-01,3287.31,31.62,19.98,163.2581787109375,0.38,6.0,1.97,5.62
2016-02-02,3326.82,29.9,21.98,160.3159637451172,0.38,6.0,1.87,5.62
2016-02-03,3387.69,32.29,21.65,161.27706909179688,0.38,6.0,1.88,5.62
2016-02-04,3382.2,31.63,21.84,161.52996826171875,0.38,6.0,1.87,5.62
2016-02-05,3315.75,30.86,23.38,158.45281982421875,0.38,6.0,1.86,5.62
2016-02-08,3320.49,29.71,26.0,156.31980895996094,0.38,6.0,1.75,5.62
2016-02-09,3367.02,27.96,26.54,156.3282470703125,0.38,6.0,1.74,5.62
2016-02-10,3391.93,27.54,26.29,156.19338989257812,0.38,6.0,1.71,5.62
2016-02-11,3385.65,26.19,28.14,154.16160583496094,0.38,6.0,1.63,5.62
2016-02-12,3434.89,29.32,25.4,157.3399658203125,0.38,6.0,1.74,5.62
2016-02-15,3409.82,29.32,25.4,157.3399658203125,0.38,6.0,1.74,5.62
2016-02-16,3409.82,29.05,24.11,159.99559020996094,0.38,6.0,1.78,5.62
2016-02-17,3406.87,30.68,22.31,162.6090545654297,0.37,6.0,1.81,5.63
2016-02-18,3391.87,30.77,21.64,161.94305419921875,0.38,6.0,1.75,5.62
2016-02-19,3338.03,29.59,20.53,161.8671417236328,0.38,6.0,1.76,5.62
2016-02-22,3356.78,31.37,19.38,164.2108154296875,0.38,6.25,1.77,5.87
2016-02-23,3314.24,31.84,20.98,162.13697814941406,0.38,6.25,1.74,5.87
2016-02-24,3322.54,30.35,20.72,162.87884521484375,0.38,6.25,1.75,5.87
2016-02-25,3341.69,31.4,19.11,164.85162353515625,0.37,6.25,1.71,5.88
2016-02-26,3310.16,31.65,19.81,164.4722137451172,0.37,6.25,1.76,5.88
2016-02-29,3306.0,32.74,20.55,163.18231201171875,0.29,6.25,1.74,5.96
2016-03-01,3319.8,34.39,17.7,167.0182647705078,0.36,6.25,1.83,5.89
2016-03-02,3268.86,34.57,17.09,167.76856994628906,0.37,6.25,1.84,5.88
2016-03-03,3205.6,34.56,16.7,168.4261474609375,0.37,6.25,1.83,5.88
2016-03-04,3203.03,35.91,16.86,168.97410583496094,0.36,6.25,1.88,5.89
2016-03-07,3163.25,37.9,17.35,169.1090545654297,0.36,6.25,1.91,5.89
2016-03-08,3135.28,36.67,18.67,167.26271057128906,0.36,6.25,1.83,5.89
2016-03-09,3155.9,37.62,18.34,168.08892822265625,0.36,6.25,1.9,5.89
2016-03-10,3192.49,37.77,18.05,168.2238006591797,0.36,6.25,1.93,5.89
2016-03-11,3204.27,38.51,16.5,170.93846130371094,0.36,6.25,1.98,5.89
2016-03-14,3164.12,37.2,16.92,170.71925354003906,0.36,6.25,1.97,5.89
2016-03-15,3175.95,36.32,16.84,170.44105529785156,0.37,6.25,1.97,5.88
2016-03-16,3175.88,38.43,14.99,171.42745971679688,0.37,6.25,1.94,5.88
2016-03-17,3155.9,40.17,14.44,172.51502990722656,0.37,6.25,1.91,5.88
2016-03-18,3087.39,39.47,14.02,173.19288635253906,0.37,6.25,1.88,5.88
2016-03-21,3065.79,39.91,13.79,173.43865966796875,0.37,6.25,1.92,5.88
2016-03-22,3065.79,41.45,14.17,173.34542846679688,0.37,6.5,1.94,6.13
2016-03-23,3050.31,38.28,14.94,172.20144653320312,0.37,6.5,1.88,6.13
2016-03-24,3058.8,38.14,14.74,172.12518310546875,0.37,6.5,1.91,6.13
2016-03-25,3058.8,38.14,14.74,172.12518310546875,0.37,6.5,1.91,6.13
2016-03-28,3058.8,37.99,15.24,172.22686767578125,0.37,6.5,1.89,6.13
2016-03-29,3047.85,36.91,13.82,173.82000732421875,0.37,6.5,1.81,6.13
2016-03-30,3052.33,36.91,13.56,174.58265686035156,0.37,6.5,1.83,6.13
2016-03-31,3022.35,36.94,13.95,174.1590576171875,0.25,6.5,1.78,6.25
2016-04-01,3000.63,35.36,13.1,175.3453369140625,0.37,6.5,1.79,6.13
2016-04-04,3038.48,34.3,14.12,174.77755737304688,0.37,6.5,1.78,6.13
2016-04-05,3066.94,34.52,15.42,173.0318145751953,0.37,6.5,1.73,6.13
2016-04-06,3085.82,37.74,14.09,174.9215850830078,0.37,6.5,1.76,6.13
2016-04-07,3081.39,37.3,16.16,172.8285675048828,0.37,6.5,1.7,6.13
2016-04-08,3109.6,39.74,15.36,173.29461669921875,0.37,6.5,1.72,6.13
2016-04-11,3076.29,40.46,16.26,172.8878173828125,0.37,6.5,1.73,6.13
2016-04-12,3057.96,42.12,14.85,174.49790954589844,0.37,6.5,1.79,6.13
2016-04-13,3036.57,41.7,13.84,176.26051330566406,0.37,6.5,1.77,6.13
2016-04-14,3006.35,41.45,13.72,176.2689971923828,0.37,6.5,1.8,6.13
2016-04-15,3000.78,40.4,13.62,176.07408142089844,0.37,6.5,1.76,6.13
2016-04-18,2999.38,39.74,13.35,177.3113555908203,0.37,6.5,1.78,6.13
2016-04-19,2995.86,40.88,13.24,177.87060546875,0.37,6.5,1.79,6.13
2016-04-20,2912.2,42.72,13.28,178.04005432128906,0.37,6.5,1.85,6.13
2016-04-21,2899.92,43.18,13.95,177.0824737548828,0.37,6.5,1.88,6.13
2016-04-22,2928.7,42.76,13.22,177.0824737548828,0.37,6.5,1.89,6.13
2016-04-25,2939.7,41.67,14.08,176.77743530273438,0.37,6.5,1.91,6.13
2016-04-26,2962.08,42.52,13.96,177.04013061523438,0.37,6.5,1.94,6.13
2016-04-27,2945.37,45.29,13.77,177.40457153320312,0.37,6.5,1.87,6.13
2016-04-28,2943.23,46.03,15.22,175.79444885253906,0.37,6.5,1.84,6.13
2016-04-29,2885.72,45.98,15.7,174.84536743164062,0.3,6.5,1.83,6.2
2016-05-02,2851.14,44.75,14.68,176.23512268066406,0.37,7.0,1.88,6.63
2016-05-03,2833.78,43.65,15.6,174.70130920410156,0.37,7.0,1.81,6.63
2016-05-04,2895.51,43.77,16.05,173.7267608642578,0.37,7.0,1.79,6.63
2016-05-05,2942.16,44.33,15.91,173.69290161132812,0.37,7.0,1.76,6.63
2016-05-06,2952.37,44.58,14.72,174.32839965820312,0.37,7.0,1.79,6.63
2016-05-09,2969.62,43.45,14.57,174.4724578857422,0.37,7.0,1.77,6.63
2016-05-10,2969.62,44.68,13.63,176.64187622070312,0.37,7.0,1.77,6.63
2016-05-11,2979.54,46.21,14.69,174.9894561767578,0.37,7.0,1.73,6.63
2016-05-12,2956.82,46.64,14.41,175.0402374267578,0.37,7.0,1.75,6.63
2016-05-13,2934.88,46.22,15.04,173.5149688720703,0.37,7.0,1.71,6.63
2016-05-16,2983.82,47.72,14.68,175.22671508789062,0.37,7.0,1.75,6.63
2016-05-17,3007.74,48.29,15.57,173.59120178222656,0.37,7.0,1.76,6.63
2016-05-18,3020.89,48.12,15.95,173.6420440673828,0.37,7.0,1.87,6.63
2016-05-19,3031.48,48.16,16.33,173.04039001464844,0.37,7.0,1.85,6.63
2016-05-20,3056.06,47.67,15.2,174.1334991455078,0.37,7.0,1.85,6.63
2016-05-23,3047.99,48.12,15.82,173.89630126953125,0.37,7.0,1.84,6.63
2016-05-24,3058.25,48.04,14.42,176.1503448486328,0.37,7.0,1.86,6.63
2016-05-25,3059.92,49.1,13.9,177.34523010253906,0.37,7.0,1.87,6.63
2016-05-26,3061.89,49.0,13.43,177.3960723876953,0.37,7.0,1.83,6.63
2016-05-27,3054.6,49.36,13.12,178.15872192382812,0.37,7.0,1.85,6.63
2016-05-30,3069.17,49.36,13.12,178.15872192382812,0.37,7.0,1.85,6.63
2016-05-31,3069.17,49.1,14.19,177.81976318359375,0.29,7.25,1.84,6.96
2016-06-01,3089.65,49.07,14.2,178.18409729003906,0.37,7.25,1.85,6.88
2016-06-02,3117.83,49.14,13.63,178.72645568847656,0.37,7.25,1.81,6.88
2016-06-03,3110.88,48.69,13.47,178.19256591796875,0.37,7.25,1.71,6.88
2016-06-06,3017.71,49.71,13.65,179.099365234375,0.37,7.25,1.73,6.88
2016-06-07,3017.71,50.37,14.05,179.3789520263672,0.37,7.25,1.72,6.88
2016-06-08,2950.95,51.23,14.08,179.96368408203125,0.37,7.25,1.71,6.88
2016-06-09,2905.23,50.52,14.64,179.71788024902344,0.37,7.25,1.68,6.88
2016-06-10,2942.13,49.09,17.03,178.01467895507812,0.37,7.25,1.64,6.88
2016-06-13,2969.83,48.89,20.97,176.64187622070312,0.37,7.25,1.62,6.88
2016-06-14,2990.35,48.49,20.5,176.29441833496094,0.37,7.25,1.62,6.88
2016-06-15,3003.28,47.92,20.14,176.04869079589844,0.37,7.25,1.6,6.88
2016-06-16,2989.56,46.14,19.37,176.5740509033203,0.38,7.25,1.57,6.87
2016-06-17,3019.12,48.0,19.41,175.91647338867188,0.38,7.25,1.62,6.87
2016-06-20,3010.91,49.4,18.37,177.0493927001953,0.38,7.25,1.67,6.87
2016-06-21,2972.97,48.95,18.48,177.55198669433594,0.38,7.25,1.71,6.87
2016-06-22,2976.29,49.16,21.17,177.26234436035156,0.38,7.25,1.69,6.87
2016-06-23,2944.06,49.34,17.25,179.5707550048828,0.39,7.5,1.74,7.11
2016-06-24,2897.53,46.7,25.76,173.12255859375,0.4,7.5,1.57,7.1
2016-06-27,2972.92,45.8,23.85,170.02188110351562,0.41,7.5,1.46,7.09
2016-06-28,3022.78,47.93,18.75,173.08840942382812,0.41,7.5,1.46,7.09
2016-06-29,3005.18,49.85,16.64,176.03573608398438,0.41,7.5,1.5,7.09
2016-06-30,2916.15,48.27,15.63,178.43788146972656,0.3,7.5,1.49,7.2
2016-07-01,2919.01,49.02,14.77,178.81263732910156,0.41,7.5,1.46,7.09
2016-07-04,2914.38,49.02,14.77,178.81263732910156,0.41,7.5,1.46,7.09
2016-07-05,2914.38,46.73,15.58,177.5264434814453,0.4,7.5,1.37,7.1
2016-07-06,2966.87,47.37,14.96,178.59112548828125,0.4,7.5,1.38,7.1
2016-07-07,3003.2,45.22,14.76,178.48045349121094,0.4,7.5,1.4,7.1
2016-07-08,2986.49,45.37,13.2,181.1381072998047,0.4,7.5,1.37,7.1
2016-07-11,2952.64,44.73,13.54,181.77694702148438,0.4,7.5,1.43,7.1
2016-07-12,2929.81,46.82,13.55,183.0972442626953,0.4,7.5,1.53,7.1
2016-07-13,2911.91,44.87,13.04,183.07168579101562,0.4,7.5,1.48,7.1
2016-07-14,2936.53,45.64,12.82,184.09384155273438,0.4,7.5,1.53,7.1
2016-07-15,2923.07,45.93,12.67,183.84683227539062,0.4,7.5,1.6,7.1
2016-07-18,2923.46,45.23,12.44,184.3408966064453,0.4,7.5,1.59,7.1
2016-07-19,2928.3,44.64,11.97,184.1534881591797,0.4,7.5,1.56,7.1
2016-07-20,2931.08,44.96,11.77,184.9201202392578,0.4,7.5,1.59,7.1
2016-07-21,2931.08,43.96,12.74,184.22161865234375,0.4,7.5,1.57,7.1
2016-07-22,2928.67,43.41,12.02,185.04788208007812,0.4,7.5,1.57,7.1
2016-07-25,2942.65,42.4,12.87,184.5453643798828,0.4,7.5,1.58,7.1
2016-07-26,2997.25,42.16,13.05,184.63052368164062,0.4,7.5,1.57,7.1
2016-07-27,3055.15,41.9,12.83,184.43460083007812,0.4,7.5,1.52,7.1
2016-07-28,3073.52,41.13,12.72,184.64752197265625,0.4,7.5,1.52,7.1
2016-07-29,3091.78,41.54,11.87,184.94573974609375,0.3,7.5,1.46,7.2
2016-08-01,3081.75,40.05,12.44,184.7924346923828,0.4,7.75,1.51,7.35
2016-08-02,3090.28,39.5,13.37,183.6083221435547,0.4,7.75,1.55,7.35
2016-08-03,3084.81,40.8,12.86,184.14498901367188,0.4,7.75,1.55,7.35
2016-08-04,3110.43,41.92,12.42,184.3408966064453,0.4,7.75,1.51,7.35
2016-08-05,3079.83,41.83,11.39,185.84861755371094,0.4,7.75,1.59,7.35
2016-08-08,3052.8,43.06,11.5,185.73788452148438,0.4,7.75,1.59,7.35
2016-08-09,2992.5,42.78,11.66,185.84861755371094,0.4,7.75,1.55,7.35
2016-08-10,2974.31,41.75,12.05,185.38864135742188,0.4,7.75,1.5,7.35
2016-08-11,2954.9,43.51,11.68,186.24899291992188,0.4,7.75,1.57,7.35
2016-08-12,2911.26,44.47,11.55,186.087158203125,0.4,7.75,1.51,7.35
2016-08-15,2908.67,45.72,11.81,186.62379455566406,0.4,7.75,1.55,7.35
2016-08-16,2908.67,46.57,12.64,185.66122436523438,0.4,7.75,1.57,7.35
2016-08-17,2905.3,46.81,12.19,186.0104217529297,0.4,7.75,1.56,7.35
2016-08-18,2918.07,48.2,11.43,186.42784118652344,0.4,7.75,1.53,7.35
2016-08-19,2884.02,48.48,11.34,186.15524291992188,0.4,7.75,1.58,7.35
2016-08-22,2867.37,46.8,12.27,186.14674377441406,0.4,7.75,1.55,7.35
2016-08-23,2883.89,47.54,12.38,186.52154541015625,0.4,7.75,1.55,7.35
2016-08-24,2909.1,46.29,13.45,185.5675506591797,0.4,7.75,1.56,7.35
2016-08-25,2938.28,46.97,13.63,185.43978881835938,0.4,7.75,1.58,7.35
2016-08-26,2915.67,47.64,13.65,185.0904998779297,0.4,7.75,1.62,7.35
2016-08-29,2882.69,46.97,12.94,186.00192260742188,0.4,7.75,1.57,7.35
2016-08-30,2924.29,46.32,13.12,185.69529724121094,0.4,7.75,1.57,7.35
2016-08-31,2933.82,44.68,13.42,185.16714477539062,0.3,7.75,1.58,7.45
2016-09-01,2956.53,43.17,13.48,185.17567443847656,0.4,7.75,1.57,7.35
2016-09-02,2986.36,44.39,11.98,186.0104217529297,0.4,7.75,1.6,7.35
2016-09-05,2957.56,44.39,11.98,186.0104217529297,0.4,7.75,1.6,7.35
2016-09-06,2957.56,44.85,12.02,186.5726776123047,0.4,7.75,1.55,7.35
2016-09-07,2887.64,45.47,11.94,186.55560302734375,0.4,7.75,1.54,7.35
2016-09-08,2840.38,47.63,12.51,186.12969970703125,0.4,7.75,1.61,7.35
2016-09-09,2846.13,45.88,17.5,181.67471313476562,0.4,7.75,1.67,7.35
2016-09-12,2899.29,46.28,15.16,184.28128051757812,0.4,7.75,1.68,7.35
2016-09-13,2942.29,44.91,17.85,181.63214111328125,0.4,7.75,1.73,7.35
2016-09-14,2976.19,43.62,18.14,181.56398010253906,0.4,7.75,1.7,7.35
2016-09-15,2972.65,43.85,16.3,183.3783721923828,0.4,7.75,1.71,7.35
2016-09-16,2938.5,43.04,15.37,182.6694793701172,0.4,7.75,1.7,7.35
2016-09-19,2956.58,43.34,15.53,182.70375061035156,0.4,7.75,1.7,7.35
2016-09-20,2928.18,43.85,15.92,182.71226501464844,0.4,7.75,1.69,7.35
2016-09-21,2911.11,45.33,13.3,184.7669219970703,0.4,7.75,1.66,7.35
2016-09-22,2894.15,46.1,12.02,185.93128967285156,0.4,7.75,1.63,7.35
2016-09-23,2862.52,44.36,12.29,184.91249084472656,0.4,7.75,1.62,7.35
2016-09-26,2917.95,45.6,14.5,183.414306640625,0.4,7.75,1.59,7.35
2016-09-27,2917.58,44.65,13.1,184.5529022216797,0.4,7.75,1.56,7.35
2016-09-28,2921.99,47.07,12.39,185.46902465820312,0.4,7.75,1.57,7.35
2016-09-29,2914.11,47.72,14.02,183.7909698486328,0.4,7.75,1.56,7.35
2016-09-30,2879.95,47.72,13.29,185.17791748046875,0.29,7.75,1.6,7.46
2016-10-03,2880.08,48.8,13.57,184.732666015625,0.4,7.75,1.63,7.35
2016-10-04,2937.23,48.67,13.63,183.7909698486328,0.4,7.75,1.69,7.35
2016-10-05,2963.06,49.75,12.99,184.6043243408203,0.4,7.75,1.72,7.35
2016-10-06,2964.93,50.44,12.84,184.732666015625,0.4,7.75,1.75,7.35
2016-10-07,2924.8,49.76,13.48,184.0991973876953,0.4,7.75,1.73,7.35
2016-10-10,2913.96,49.76,13.38,185.05799865722656,0.4,7.75,1.73,7.35
2016-10-11,2913.96,50.72,15.36,182.72085571289062,0.41,7.75,1.77,7.34
2016-10-12,2919.51,50.14,15.91,182.96055603027344,0.41,7.75,1.79,7.34
2016-10-13,2919.18,50.47,16.69,182.3612823486328,0.41,7.75,1.75,7.34
2016-10-14,2930.78,50.35,16.12,182.4554443359375,0.41,7.75,1.8,7.34
2016-10-17,2915.67,49.97,16.21,181.82196044921875,0.41,7.75,1.77,7.34
2016-10-18,2915.67,50.3,15.28,182.96055603027344,0.41,7.75,1.75,7.34
2016-10-19,2905.93,51.59,14.41,183.44854736328125,0.41,7.75,1.76,7.34
2016-10-20,2914.15,50.31,13.75,183.10609436035156,0.41,7.75,1.76,7.34
2016-10-21,2934.03,50.61,13.34,183.1917266845703,0.41,7.75,1.74,7.34
2016-10-24,2944.25,50.18,13.02,183.9707489013672,0.41,7.75,1.77,7.34
2016-10-25,2929.83,49.45,13.46,183.35433959960938,0.41,7.75,1.77,7.34
2016-10-26,2941.34,48.75,14.24,182.9862823486328,0.41,7.75,1.79,7.34
2016-10-27,2965.18,49.71,15.36,182.49826049804688,0.41,7.75,1.85,7.34
2016-10-28,2966.61,48.72,16.19,181.95887756347656,0.41,7.75,1.86,7.34
2016-10-31,2967.66,46.83,17.06,181.96743774414062,0.31,7.75,1.84,7.44
2016-11-01,2998.55,46.66,18.56,180.64906311035156,0.41,7.75,1.83,7.34
2016-11-02,3026.68,45.32,19.32,179.56179809570312,0.41,7.75,1.81,7.34
2016-11-03,3070.54,44.66,22.08,178.7398223876953,0.41,7.75,1.82,7.34
2016-11-04,3071.12,44.07,22.51,178.54298400878906,0.41,7.75,1.79,7.34
2016-11-07,3070.4,44.88,18.71,182.48114013671875,0.41,7.75,1.83,7.34
2016-11-08,3070.4,44.96,18.74,183.30300903320312,0.41,7.75,1.88,7.34
2016-11-09,2984.78,45.2,14.38,185.24635314941406,0.41,7.75,2.07,7.34
2016-11-10,3012.12,44.62,14.74,185.70870971679688,0.41,7.75,2.15,7.34
2016-11-11,3100.12,43.39,14.17,185.28062438964844,0.41,7.75,2.15,7.34
2016-11-14,3100.12,43.29,14.48,185.42613220214844,0.41,7.75,2.23,7.34
2016-11-15,3100.12,45.86,13.37,186.87301635742188,0.41,7.75,2.23,7.34
2016-11-16,3124.91,45.56,13.72,186.52197265625,0.41,7.75,2.22,7.34
2016-11-17,3131.11,45.37,13.35,187.48085021972656,0.41,7.75,2.29,7.34
2016-11-18,3135.65,45.69,12.85,187.06138610839844,0.41,7.75,2.34,7.34
2016-11-21,3163.49,47.48,12.42,188.47393798828125,0.41,7.75,2.33,7.34
2016-11-22,3144.72,48.07,12.41,188.84207153320312,0.41,7.75,2.31,7.34
2016-11-23,3139.76,46.72,12.43,188.9447784423828,0.41,7.75,2.36,7.34
2016-11-24,3187.97,46.72,12.43,188.9447784423828,0.41,7.75,2.36,7.34
2016-11-25,3187.97,46.72,12.34,189.6468048095703,0.41,7.75,2.36,7.34
2016-11-28,3170.64,45.66,13.15,188.7564697265625,0.41,7.75,2.32,7.34
2016-11-29,3142.2,45.29,12.9,189.12457275390625,0.41,7.75,2.3,7.34
2016-11-30,3165.09,49.41,13.33,188.6708221435547,0.31,7.75,2.37,7.44
2016-12-01,3085.6,51.08,14.07,187.9774169921875,0.41,7.75,2.45,7.34
2016-12-02,3068.34,51.7,14.12,188.07156372070312,0.41,7.75,2.4,7.34
2016-12-05,3061.04,51.72,12.14,189.20167541503906,0.41,7.75,2.39,7.34
2016-12-06,3049.47,50.95,11.79,189.8009490966797,0.41,7.75,2.39,7.34
2016-12-07,3015.47,49.85,12.22,192.28366088867188,0.41,7.75,2.34,7.34
2016-12-08,2989.71,50.84,12.64,192.75450134277344,0.41,7.75,2.4,7.34
2016-12-09,2989.71,51.51,11.75,193.91885375976562,0.41,7.75,2.47,7.34
2016-12-12,3002.8,52.74,12.64,193.69622802734375,0.41,7.75,2.49,7.34
2016-12-13,2984.02,52.99,12.72,194.98895263671875,0.41,7.75,2.48,7.34
2016-12-14,2982.29,51.01,13.19,193.3795166015625,0.41,7.75,2.54,7.34
2016-12-15,2964.56,50.9,12.79,194.17568969726562,0.66,7.75,2.6,7.09
2016-12-16,3000.47,51.93,12.2,193.7958526611328,0.66,7.75,2.6,7.09
2016-12-19,2997.2,52.13,11.71,194.21788024902344,0.66,7.5,2.54,6.84
2016-12-20,3019.44,52.22,11.45,194.96710205078125,0.66,7.5,2.57,6.84
2016-12-21,2988.06,51.44,11.27,194.42457580566406,0.66,7.5,2.55,6.84
2016-12-22,2989.14,51.98,11.43,194.0886993408203,0.66,7.5,2.55,6.84
2016-12-23,2996.03,52.01,11.44,194.3729248046875,0.66,7.5,2.55,6.84
2016-12-26,2996.6,52.01,11.44,194.3729248046875,0.66,7.5,2.55,6.84
2016-12-27,2996.6,52.82,11.99,194.85511779785156,0.66,7.5,2.57,6.84
2016-12-28,2992.81,54.01,12.95,193.24476623535156,0.66,7.5,2.51,6.84
2016-12-29,3019.72,53.8,13.37,193.20176696777344,0.66,7.5,2.49,6.84
2016-12-30,3000.71,53.75,14.04,192.4955596923828,0.55,7.5,2.45,6.95
2017-01-02,3000.71,53.75,14.04,192.4955596923828,0.55,7.5,2.45,6.95
2017-01-03,3000.71,52.36,12.85,193.96817016601562,0.66,7.5,2.45,6.84
2017-01-04,2981.06,53.26,11.85,195.12213134765625,0.66,7.5,2.46,6.84
2017-01-05,2965.36,53.77,11.67,194.96710205078125,0.66,7.5,2.37,6.84
2017-01-06,2941.08,53.98,11.32,195.6645965576172,0.66,7.5,2.42,6.84
2017-01-09,2919.01,51.95,11.56,195.0187530517578,0.66,7.5,2.38,6.84
2017-01-10,2919.01,50.82,11.49,195.0187530517578,0.66,7.5,2.38,6.84
2017-01-11,2949.6,52.19,11.26,195.5699005126953,0.66,7.5,2.38,6.84
2017-01-12,2980.8,53.01,11.54,195.0790557861328,0.66,7.5,2.36,6.84
2017-01-13,2930.19,52.36,11.23,195.52684020996094,0.66,7.5,2.4,6.84
2017-01-16,2935.96,52.36,11.23,195.52684020996094,0.66,7.5,2.4,6.84
2017-01-17,2935.96,52.45,11.87,194.83790588378906,0.66,7.5,2.33,6.84
2017-01-18,2924.77,51.12,12.48,195.26852416992188,0.66,7.5,2.42,6.84
2017-01-19,2934.58,51.39,12.78,194.54513549804688,0.66,7.5,2.47,6.84
2017-01-20,2938.24,52.33,11.54,195.25991821289062,0.66,7.5,2.48,6.84
2017-01-23,2927.91,52.77,11.77,194.7517547607422,0.66,7.5,2.41,6.84
2017-01-24,2908.53,52.38,11.07,196.00051879882812,0.66,7.5,2.47,6.84
2017-01-25,2932.01,52.14,10.81,197.69700622558594,0.66,7.5,2.53,6.84
2017-01-26,2927.53,53.24,10.63,197.4902801513672,0.66,7.5,2.51,6.84
2017-01-27,2936.72,53.18,10.58,197.18026733398438,0.66,7.5,2.49,6.84
2017-01-30,2930.17,52.63,11.88,195.95742797851562,0.66,7.5,2.49,6.84
2017-01-31,2936.66,52.75,11.99,195.9402313232422,0.56,7.5,2.45,6.9399999999999995
2017-02-01,2921.9,53.9,11.81,196.01771545410156,0.66,7.5,2.48,6.84
2017-02-02,2906.78,53.55,11.93,196.14688110351562,0.66,7.5,2.48,6.84
2017-02-03,2882.2,53.81,10.97,197.4989013671875,0.66,7.5,2.49,6.84
2017-02-06,2855.8,53.01,11.37,197.145751953125,0.66,7.5,2.42,6.84
2017-02-07,2853.99,52.19,11.29,197.1544952392578,0.66,7.5,2.4,6.84
2017-02-08,2867.76,52.37,11.45,197.41281127929688,0.66,7.5,2.34,6.84
2017-02-09,2879.49,52.99,10.88,198.5839385986328,0.66,7.5,2.4,6.84
2017-02-10,2862.63,53.84,10.85,199.3676300048828,0.66,7.5,2.41,6.84
2017-02-13,2851.98,52.96,11.07,200.45269775390625,0.66,7.5,2.43,6.84
2017-02-14,2875.46,53.21,10.74,201.2535858154297,0.66,7.5,2.47,6.84
2017-02-15,2867.64,53.11,11.97,202.30419921875,0.66,7.5,2.51,6.84
2017-02-16,2876.03,53.41,11.76,202.1319580078125,0.66,7.5,2.45,6.84
2017-02-17,2875.68,53.41,11.49,202.45057678222656,0.66,7.5,2.42,6.84
2017-02-20,2902.81,53.41,11.49,202.45057678222656,0.66,7.5,2.42,6.84
2017-02-21,2902.81,54.02,11.57,203.65625,0.66,7.5,2.43,6.84
2017-02-22,2902.68,53.61,11.74,203.4753875732422,0.66,7.5,2.42,6.84
2017-02-23,2893.55,54.48,11.71,203.61318969726562,0.66,7.5,2.38,6.84
2017-02-24,2871.67,53.99,11.47,203.87149047851562,0.66,7.5,2.31,6.84
2017-02-27,2886.52,54.04,12.09,204.19015502929688,0.66,7.25,2.36,6.59
2017-02-28,2896.27,54.0,12.92,203.6389923095703,0.57,7.25,2.36,6.68
2017-03-01,2919.17,53.82,12.54,206.48941040039062,0.66,7.25,2.46,6.59
2017-03-02,2935.75,52.63,11.81,205.18905639648438,0.66,7.25,2.49,6.59
2017-03-03,2960.91,53.33,10.96,205.31825256347656,0.66,7.25,2.49,6.59
2017-03-06,2977.43,53.19,11.24,204.70680236816406,0.66,7.25,2.49,6.59
2017-03-07,2966.67,52.68,11.45,204.09544372558594,0.66,7.25,2.52,6.59
2017-03-08,2972.44,49.83,11.86,203.7164764404297,0.66,7.25,2.57,6.59
2017-03-09,2987.88,48.75,12.3,203.97488403320312,0.66,7.25,2.6,6.59
2017-03-10,3004.43,48.05,11.66,204.68959045410156,0.66,7.25,2.58,6.59
2017-03-13,2980.83,47.95,11.35,204.79296875,0.66,7.25,2.62,6.59
2017-03-14,2987.93,47.24,12.3,204.0093231201172,0.66,7.25,2.6,6.59
2017-03-15,2997.73,48.34,11.63,205.77467346191406,0.66,7.25,2.51,6.59
2017-03-16,2972.61,48.3,11.21,205.3699188232422,0.91,7.25,2.53,6.34
2017-03-17,2923.96,48.34,11.28,205.00926208496094,0.91,7.25,2.5,6.34
2017-03-20,2912.53,47.79,11.34,204.78440856933594,0.91,7.25,2.47,6.34
2017-03-21,2912.53,47.02,12.47,202.155029296875,0.91,7.25,2.43,6.34
2017-03-22,2904.87,47.29,12.81,202.63076782226562,0.91,7.25,2.4,6.34
2017-03-23,2936.82,47.0,13.12,202.41455078125,0.91,7.25,2.41,6.34
2017-03-24,2921.25,47.3,12.96,202.2675323486328,0.91,7.25,2.4,6.34
2017-03-27,2899.94,47.02,12.5,202.05990600585938,0.91,7.0,2.38,6.09
2017-03-28,2913.48,48.36,11.53,203.5302734375,0.91,7.0,2.42,6.09
2017-03-29,2911.99,49.47,11.42,203.72056579589844,0.91,7.0,2.39,6.09
2017-03-30,2888.02,50.3,11.54,204.36920166015625,0.91,7.0,2.42,6.09
2017-03-31,2880.24,50.54,12.37,203.8935089111328,0.82,7.0,2.4,6.18
2017-04-03,2885.57,50.25,12.38,203.53892517089844,0.91,7.0,2.35,6.09
2017-04-04,2866.87,50.99,11.79,203.6686553955078,0.91,7.0,2.36,6.09
2017-04-05,2869.32,51.14,12.89,203.06321716308594,0.91,7.0,2.34,6.09
2017-04-06,2857.65,51.69,12.39,203.6340789794922,0.91,7.0,2.34,6.09
2017-04-07,2853.1,52.25,12.87,203.42649841308594,0.91,7.0,2.38,6.09
2017-04-10,2858.0,53.06,14.05,203.54757690429688,0.91,7.0,2.37,6.09
2017-04-11,2867.13,53.38,15.07,203.30535888671875,0.91,7.0,2.32,6.09
2017-04-12,2868.6,53.12,15.77,202.41455078125,0.91,7.0,2.28,6.09
2017-04-13,2872.55,53.19,15.96,201.099853515625,0.91,7.0,2.24,6.09
2017-04-14,2872.55,53.19,15.96,201.099853515625,0.91,7.0,2.24,6.09
2017-04-17,2872.55,52.62,14.66,202.8815460205078,0.91,7.0,2.26,6.09
2017-04-18,2854.89,52.46,14.42,202.27613830566406,0.91,7.0,2.18,6.09
2017-04-19,2837.9,50.49,14.93,201.9042205810547,0.91,7.0,2.21,6.09
2017-04-20,2856.48,50.26,14.15,203.54757690429688,0.91,7.0,2.24,6.09
2017-04-21,2863.39,49.64,14.63,202.89892578125,0.91,7.0,2.24,6.09
2017-04-24,2868.89,48.9,10.84,205.13037109375,0.91,7.0,2.28,6.09
2017-04-25,2871.98,49.22,10.76,206.3239288330078,0.91,7.0,2.35,6.09
2017-04-26,2899.13,49.22,10.85,206.19412231445312,0.91,7.0,2.32,6.09
2017-04-27,2928.07,48.96,10.36,206.3671875,0.91,7.0,2.3,6.09
2017-04-28,2944.31,49.31,10.82,205.9174041748047,0.83,7.0,2.29,6.17
2017-05-01,2947.85,48.83,10.11,206.4363555908203,0.91,7.0,2.33,6.09
2017-05-02,2947.85,47.65,10.59,206.5142059326172,0.91,6.5,2.29,5.59
2017-05-03,2945.53,47.79,10.68,206.2633819580078,0.91,6.5,2.33,5.59
2017-05-04,2930.17,45.55,10.46,206.5055389404297,0.91,6.5,2.36,5.59
2017-05-05,2967.44,46.23,10.57,207.3185577392578,0.91,6.5,2.36,5.59
2017-05-08,2961.78,46.46,9.77,207.2839813232422,0.91,6.5,2.39,5.59
2017-05-09,2959.26,45.84,9.96,207.0936737060547,0.91,6.5,2.42,5.59
2017-05-10,2967.24,47.28,10.21,207.465576171875,0.91,6.5,2.41,5.59
2017-05-11,2949.35,47.81,10.6,207.04177856445312,0.91,6.5,2.39,5.59
2017-05-12,2933.92,47.83,10.4,206.69581604003906,0.91,6.5,2.33,5.59
2017-05-15,2918.69,48.86,10.42,207.83749389648438,0.91,6.5,2.34,5.59
2017-05-16,2883.87,48.64,10.65,207.64720153808594,0.91,6.5,2.33,5.59
2017-05-17,2873.22,49.04,15.59,203.96273803710938,0.91,6.5,2.22,5.59
2017-05-18,2893.4,49.36,14.66,204.78440856933594,0.91,6.5,2.23,5.59
2017-05-19,2932.16,50.32,12.04,206.1163787841797,0.91,6.5,2.23,5.59
2017-05-22,2889.45,50.81,10.93,207.16293334960938,0.91,6.5,2.25,5.59
2017-05-23,2895.12,51.12,10.72,207.62132263183594,0.91,6.5,2.29,5.59
2017-05-24,2904.61,50.99,10.02,208.10565185546875,0.91,6.5,2.26,5.59
2017-05-25,2905.29,48.57,9.99,209.1002655029297,0.91,6.5,2.25,5.59
2017-05-26,2911.66,49.58,9.81,209.05706787109375,0.91,6.5,2.25,5.59
2017-05-29,2913.47,49.58,9.81,209.05706787109375,0.91,6.5,2.25,5.59
2017-05-30,2913.47,49.63,10.38,208.8754425048828,0.91,6.25,2.21,5.34
2017-05-31,2920.42,48.29,10.41,208.82351684570312,0.83,6.25,2.21,5.42
2017-06-01,2921.0,48.32,9.89,210.48411560058594,0.91,6.25,2.21,5.34
2017-06-02,2895.73,47.68,9.75,211.1846923828125,0.91,6.25,2.15,5.34
2017-06-05,2894.72,47.4,10.07,211.02903747558594,0.91,6.25,2.18,5.34
2017-06-06,2895.85,48.13,10.45,210.35438537597656,0.91,6.25,2.14,5.34
2017-06-07,2893.76,45.8,10.39,210.74363708496094,0.91,6.25,2.18,5.34
2017-06-08,2907.1,45.68,10.16,210.8473663330078,0.91,6.25,2.19,5.34
2017-06-09,2919.82,45.82,10.7,210.52737426757812,0.91,6.25,2.21,5.34
2017-06-12,2919.58,46.1,11.46,210.48411560058594,0.91,6.25,2.21,5.34
2017-06-13,2929.2,46.41,10.42,211.51341247558594,0.91,6.25,2.21,5.34
2017-06-14,2933.13,44.79,10.64,211.2452850341797,0.91,6.25,2.15,5.34
2017-06-15,2924.75,44.47,10.9,210.8387451171875,1.16,6.25,2.16,5.09
2017-06-16,2953.83,44.73,10.38,210.8848114013672,1.16,6.25,2.16,5.09
2017-06-19,2961.68,44.24,10.37,212.6404571533203,1.16,6.25,2.19,5.09
2017-06-20,2961.68,43.34,10.86,211.20639038085938,1.16,6.25,2.16,5.09
2017-06-21,3029.53,42.48,10.75,211.1542205810547,1.16,6.25,2.16,5.09
2017-06-22,3053.9,42.53,10.48,211.05859375,1.16,6.25,2.15,5.09
2017-06-23,3035.83,42.86,10.02,211.31069946289062,1.16,6.25,2.15,5.09
2017-06-26,3010.68,43.24,9.9,211.44972229003906,1.16,6.25,2.14,5.09
2017-06-27,3010.68,44.25,11.06,209.7462615966797,1.16,6.25,2.21,5.09
2017-06-28,3025.28,44.74,10.03,211.62353515625,1.16,6.25,2.22,5.09
2017-06-29,3023.64,44.88,11.44,209.76364135742188,1.16,6.25,2.27,5.09
2017-06-30,3038.26,46.02,11.18,210.15476989746094,1.06,6.25,2.31,5.1899999999999995
2017-07-03,3050.43,46.02,11.22,210.51112365722656,1.16,6.25,2.35,5.09
2017-07-04,3050.43,46.02,11.22,210.51112365722656,1.16,5.75,2.35,4.59
2017-07-05,3050.43,45.11,11.07,210.99778747558594,1.16,5.75,2.33,4.59
2017-07-06,3068.93,45.52,12.54,209.0683135986328,1.16,5.75,2.37,4.59
2017-07-07,3084.19,44.25,11.19,210.42416381835938,1.16,5.75,2.39,4.59
2017-07-10,3092.65,44.4,11.11,210.65013122558594,1.16,5.75,2.38,4.59
2017-07-11,3067.33,45.06,10.89,210.49368286132812,1.16,5.75,2.37,4.59
2017-07-12,3067.73,45.48,10.3,212.0754852294922,1.16,5.75,2.33,4.59
2017-07-13,3052.3,46.06,9.9,212.4318389892578,1.16,5.75,2.35,4.59
2017-07-14,3043.6,46.53,9.51,213.42266845703125,1.16,5.75,2.33,4.59
2017-07-17,3019.56,46.02,9.82,213.3966064453125,1.16,5.75,2.31,4.59
2017-07-18,3030.6,46.4,9.89,213.5095672607422,1.16,5.75,2.27,4.59
2017-07-19,3013.26,47.1,9.79,214.66551208496094,1.16,5.75,2.27,4.59
2017-07-20,3010.0,46.73,9.58,214.76112365722656,1.16,5.75,2.27,4.59
2017-07-21,3010.0,45.78,9.36,214.56993103027344,1.16,5.75,2.24,4.59
2017-07-24,3010.77,46.21,9.43,214.51776123046875,1.16,5.75,2.26,4.59
2017-07-25,3023.67,47.77,9.43,215.03919982910156,1.16,5.75,2.33,4.59
2017-07-26,3026.55,48.58,9.6,215.04794311523438,1.16,5.75,2.29,4.59
2017-07-27,3026.22,49.05,10.11,214.8480224609375,1.16,5.75,2.32,4.59
2017-07-28,3002.94,49.72,10.29,214.5959930419922,1.16,5.5,2.3,4.34
2017-07-31,2995.23,50.21,10.26,214.4742889404297,1.07,5.5,2.3,4.43
2017-08-01,2997.59,49.19,10.09,214.9523162841797,1.16,5.5,2.26,4.34
2017-08-02,2973.03,49.6,10.28,215.05665588378906,1.16,5.5,2.27,4.34
2017-08-03,2964.66,49.03,10.44,214.639404296875,1.16,5.5,2.24,4.34
2017-08-04,2954.54,49.57,10.03,215.03057861328125,1.16,5.5,2.27,4.34
2017-08-07,2974.39,49.37,9.93,215.4303741455078,1.16,5.5,2.26,4.34
2017-08-08,2974.39,49.07,10.96,214.90020751953125,1.16,5.5,2.29,4.34
2017-08-09,2994.62,49.59,11.11,214.89146423339844,1.16,5.5,2.24,4.34
2017-08-10,3011.14,48.54,16.04,211.8582000732422,1.16,5.5,2.2,4.34
2017-08-11,2994.85,48.81,15.51,212.1710968017578,1.16,5.5,2.19,4.34
2017-08-14,2984.99,47.59,12.33,214.27438354492188,1.16,5.5,2.22,4.34
2017-08-15,2966.54,47.57,12.04,214.2483367919922,1.16,5.5,2.27,4.34
2017-08-16,2974.7,46.8,11.74,214.62205505371094,1.16,5.5,2.23,4.34
2017-08-17,2967.32,47.07,15.55,211.27590942382812,1.16,5.5,2.19,4.34
2017-08-18,2980.03,48.59,14.26,210.94569396972656,1.16,5.5,2.19,4.34
2017-08-21,2994.39,47.39,13.19,211.11080932617188,1.16,5.5,2.18,4.34
2017-08-22,2994.39,47.65,11.35,213.318359375,1.16,5.5,2.22,4.34
2017-08-23,2986.83,48.45,12.25,212.55352783203125,1.16,5.5,2.17,4.34
2017-08-24,2986.88,47.24,12.23,212.05813598632812,1.16,5.5,2.19,4.34
2017-08-25,2972.98,47.65,11.28,212.55352783203125,1.16,5.5,2.17,4.34
2017-08-28,2933.96,46.4,11.32,212.562255859375,1.16,5.5,2.16,4.34
2017-08-29,2934.23,46.46,11.7,212.8055877685547,1.16,5.5,2.13,4.34
2017-08-30,2940.35,45.96,11.22,213.81375122070312,1.16,5.5,2.15,4.34
2017-08-31,2937.09,47.26,10.59,215.10008239746094,1.07,5.5,2.12,4.43
2017-09-01,2948.09,47.32,10.13,215.4042510986328,1.16,5.25,2.16,4.09
2017-09-04,2936.07,47.32,10.13,215.4042510986328,1.16,5.25,2.16,4.09
2017-09-05,2936.07,48.63,12.23,213.85726928710938,1.16,5.25,2.07,4.09
2017-09-06,2923.49,49.13,11.63,214.58721923828125,1.16,5.25,2.1,4.09
2017-09-07,2919.5,49.1,11.55,214.56124877929688,1.16,5.25,2.05,4.09
2017-09-08,2907.96,47.44,12.12,214.30917358398438,1.16,5.25,2.06,4.09
2017-09-11,2909.15,48.06,10.73,216.59494018554688,1.16,5.25,2.14,4.09
2017-09-12,2916.1,48.21,10.58,217.32504272460938,1.16,5.25,2.17,4.09
2017-09-13,2923.03,49.3,10.5,217.4293670654297,1.16,5.25,2.2,4.09
2017-09-14,2909.52,49.86,10.44,217.35980224609375,1.16,5.25,2.2,4.09
2017-09-15,2905.98,49.9,10.17,217.65237426757812,1.16,5.25,2.2,4.09
2017-09-18,2897.83,49.88,10.15,218.11532592773438,1.16,5.25,2.23,4.09
2017-09-19,2906.06,49.54,10.18,218.3336639404297,1.16,5.25,2.24,4.09
2017-09-20,2904.6,50.29,9.78,218.4123077392578,1.16,5.25,2.28,4.09
2017-09-21,2893.18,50.58,9.67,217.82705688476562,1.16,5.25,2.27,4.09
2017-09-22,2913.96,50.33,9.59,217.8707733154297,1.16,5.25,2.26,4.09
2017-09-25,2900.73,51.85,10.21,217.42535400390625,1.16,5.25,2.22,4.09
2017-09-26,2924.57,51.59,10.17,217.55638122558594,1.16,5.25,2.24,4.09
2017-09-27,2930.7,52.14,9.87,218.40354919433594,1.16,5.25,2.31,4.09
2017-09-28,2940.66,51.62,9.55,218.66555786132812,1.16,5.25,2.31,4.09
2017-09-29,2941.07,51.67,9.51,219.4342041015625,1.06,5.25,2.33,4.1899999999999995
2017-10-02,2936.67,50.59,9.45,220.38632202148438,1.16,5.25,2.34,4.09
2017-10-03,2949.33,50.44,9.51,220.85791015625,1.16,5.25,2.33,4.09
2017-10-04,2953.81,50.0,9.63,221.11997985839844,1.16,5.25,2.33,4.09
2017-10-05,2945.59,50.79,9.19,222.43016052246094,1.16,5.25,2.35,4.09
2017-10-06,2926.82,49.34,9.65,222.17681884765625,1.16,5.25,2.37,4.09
2017-10-09,2942.19,49.58,10.33,221.80999755859375,1.16,5.25,2.37,4.09
2017-10-10,2942.19,50.93,10.08,222.3951873779297,1.16,5.25,2.35,4.09
2017-10-11,2947.06,51.3,9.85,222.74452209472656,1.16,5.25,2.35,4.09
2017-10-12,2953.77,50.61,9.91,222.41265869140625,1.16,5.25,2.33,4.09
2017-10-13,2949.69,51.43,9.61,222.68344116210938,1.16,5.25,2.28,4.09
2017-10-16,2932.05,51.86,9.91,222.9803466796875,1.16,5.25,2.3,4.09
2017-10-17,2932.05,51.87,10.31,223.13755798339844,1.16,5.25,2.3,4.09
2017-10-18,2944.27,52.05,10.07,223.35597229003906,1.16,5.25,2.34,4.09
2017-10-19,2935.66,51.29,10.05,223.4171142578125,1.16,5.25,2.33,4.09
2017-10-20,2921.92,51.63,9.97,224.5700225830078,1.16,5.25,2.39,4.09
2017-10-23,2936.66,51.91,11.07,223.69659423828125,1.16,5.25,2.38,4.09
2017-10-24,2947.69,52.32,11.16,224.08966064453125,1.16,5.25,2.42,4.09
2017-10-25,2971.36,51.97,11.23,222.9803466796875,1.16,5.25,2.44,4.09
2017-10-26,2989.39,52.41,11.3,223.2686309814453,1.16,5.25,2.46,4.09
2017-10-27,3008.8,53.92,9.8,225.09413146972656,1.16,5.25,2.42,4.09
2017-10-30,3009.85,54.11,10.5,224.255615234375,1.16,5.0,2.37,3.84
2017-10-31,3011.44,54.36,10.18,224.6049346923828,1.07,5.0,2.38,3.9299999999999997
2017-11-01,3039.19,54.32,10.2,224.9019317626953,1.16,5.0,2.37,3.84
2017-11-02,3038.56,54.55,9.93,224.98931884765625,1.16,5.0,2.35,3.84
2017-11-03,3054.38,55.63,9.14,225.74044799804688,1.16,5.0,2.34,3.84
2017-11-06,3055.57,57.34,9.4,226.08985900878906,1.16,5.0,2.32,3.84
2017-11-07,3055.57,57.19,9.89,225.93267822265625,1.16,5.0,2.32,3.84
2017-11-08,3026.94,56.82,9.78,226.31687927246094,1.16,5.0,2.32,3.84
2017-11-09,3017.78,57.16,10.5,225.49595642089844,1.16,5.0,2.33,3.84
2017-11-10,3015.52,56.75,11.29,225.42599487304688,1.16,5.0,2.4,3.84
2017-11-13,3004.88,56.77,11.5,225.63568115234375,1.16,5.0,2.4,3.84
2017-11-14,3004.88,55.67,11.59,225.11158752441406,1.16,5.0,2.38,3.84
2017-11-15,3016.7,55.28,13.13,223.98483276367188,1.16,5.0,2.33,3.84
2017-11-16,3023.88,55.14,11.76,225.88897705078125,1.16,5.0,2.37,3.84
2017-11-17,3015.79,56.21,11.43,225.22509765625,1.16,5.0,2.35,3.84
2017-11-20,3003.19,56.21,10.65,225.60943603515625,1.16,5.0,2.37,3.84
2017-11-21,3011.32,56.84,9.73,227.0854949951172,1.16,5.0,2.36,3.84
2017-11-22,3001.07,57.88,9.88,226.8847198486328,1.16,5.0,2.32,3.84
2017-11-23,2982.73,57.88,9.88,226.8847198486328,1.16,5.0,2.32,3.84
2017-11-24,2982.73,58.94,9.67,227.40872192382812,1.16,5.0,2.34,3.84
2017-11-27,2976.39,58.1,9.87,227.295166015625,1.16,4.75,2.32,3.59
2017-11-28,2986.84,57.96,10.03,229.60107421875,1.16,4.75,2.34,3.59
2017-11-29,3003.94,57.25,10.7,229.46131896972656,1.16,4.75,2.37,3.59
2017-11-30,3006.09,57.4,11.28,231.47024536132812,1.07,4.75,2.42,3.6799999999999997
2017-12-01,3006.04,58.35,11.43,230.98980712890625,1.16,4.75,2.37,3.59
2017-12-04,3005.76,57.48,11.68,230.7103271484375,1.16,4.75,2.37,3.59
2017-12-05,2993.49,57.66,11.33,229.88058471679688,1.16,4.75,2.36,3.59
2017-12-06,2996.53,55.79,11.02,229.92430114746094,1.16,4.75,2.33,3.59
2017-12-07,3007.07,56.5,10.16,230.649169921875,1.16,4.75,2.37,3.59
2017-12-08,3016.18,57.15,9.58,231.90692138671875,1.16,4.75,2.38,3.59
2017-12-11,3016.18,57.84,9.34,232.6056671142578,1.16,4.75,2.39,3.59
2017-12-12,3013.99,57.12,9.92,233.01622009277344,1.17,4.75,2.4,3.58
2017-12-13,3029.75,56.59,10.18,232.99005126953125,1.17,4.75,2.36,3.58
2017-12-14,3015.41,57.0,10.49,232.03793334960938,1.41,4.75,2.35,3.34
2017-12-15,2999.07,57.29,9.42,233.97030639648438,1.41,4.75,2.35,3.34
2017-12-18,2996.61,57.17,9.53,235.4539031982422,1.42,4.75,2.39,3.33
2017-12-19,2975.59,57.49,10.03,234.5496826171875,1.42,4.75,2.46,3.33
2017-12-20,2972.05,58.09,9.72,234.4267578125,1.42,4.75,2.49,3.33
2017-12-21,2965.77,58.34,9.62,234.9095916748047,1.42,4.75,2.48,3.33
2017-12-22,2963.58,58.25,9.9,234.84811401367188,1.42,4.75,2.48,3.33
2017-12-25,2962.14,58.25,9.9,234.84811401367188,1.42,4.75,2.48,3.33
2017-12-26,2962.14,59.55,10.25,234.5672149658203,1.42,4.75,2.47,3.33
2017-12-27,2962.26,59.67,10.47,234.68136596679688,1.42,4.75,2.42,3.33
2017-12-28,2971.63,59.84,10.18,235.16412353515625,1.42,4.75,2.43,3.33
2017-12-29,2984.0,60.46,11.04,234.27748107910156,1.33,4.75,2.4,3.42
2018-01-01,2984.0,60.46,11.04,234.27748107910156,1.33,4.75,2.4,3.42
2018-01-02,2984.0,60.37,9.77,235.9542236328125,1.42,4.75,2.46,3.33
2018-01-03,2940.94,61.61,9.15,237.44679260253906,1.42,4.75,2.44,3.33
2018-01-04,2908.68,61.98,9.22,238.44749450683594,1.42,4.75,2.46,3.33
2018-01-05,2885.76,61.49,9.22,240.0365753173828,1.42,4.75,2.47,3.33
2018-01-08,2898.32,61.73,9.52,240.47547912597656,1.42,4.75,2.49,3.33
2018-01-09,2898.32,62.92,10.08,241.01986694335938,1.42,4.75,2.55,3.33
2018-01-10,2914.37,63.6,9.82,240.651123046875,1.42,4.75,2.55,3.33
2018-01-11,2895.69,63.81,9.88,242.4069061279297,1.42,4.75,2.54,3.33
2018-01-12,2865.79,64.22,10.16,243.98716735839844,1.42,4.75,2.55,3.33
2018-01-15,2855.86,64.22,10.16,243.98716735839844,1.42,4.75,2.55,3.33
2018-01-16,2855.86,63.82,11.66,243.153076171875,1.42,4.75,2.54,3.33
2018-01-17,2868.03,63.92,11.91,245.4707489013672,1.42,4.75,2.57,3.33
2018-01-18,2851.13,63.96,12.22,245.0581817626953,1.42,4.75,2.62,3.33
2018-01-19,2836.85,63.38,11.27,246.17311096191406,1.42,4.75,2.64,3.33
2018-01-22,2851.75,63.66,11.03,248.1748046875,1.42,4.75,2.66,3.33
2018-01-23,2854.2,64.45,11.1,248.70147705078125,1.42,4.75,2.63,3.33
2018-01-24,2858.5,65.69,11.47,248.6048583984375,1.42,4.75,2.65,3.33
2018-01-25,2820.53,65.62,11.58,248.71018981933594,1.42,4.75,2.63,3.33
2018-01-26,2783.13,66.27,11.08,251.58978271484375,1.42,4.75,2.66,3.33
2018-01-29,2805.12,65.71,13.84,249.92172241210938,1.42,4.75,2.7,3.33
2018-01-30,2842.67,64.64,14.79,247.35838317871094,1.42,4.5,2.73,3.08
2018-01-31,2844.14,64.82,13.54,247.481201171875,1.34,4.5,2.72,3.16
2018-02-01,2835.05,65.92,13.47,247.2002716064453,1.42,4.5,2.78,3.08
2018-02-02,2806.67,65.5,17.31,241.81869506835938,1.42,4.5,2.84,3.08
2018-02-05,2832.13,64.18,37.32,231.70523071289062,1.42,4.5,2.77,3.08
2018-02-06,2843.6,63.48,29.98,236.27032470703125,1.42,4.5,2.79,3.08
2018-02-07,2844.83,61.91,27.73,234.98861694335938,1.42,4.5,2.84,3.08
2018-02-08,2830.89,61.3,33.46,226.17442321777344,1.42,4.5,2.85,3.08
2018-02-09,2862.78,59.2,29.06,229.57196044921875,1.42,4.5,2.83,3.08
2018-02-12,2908.7,59.41,25.61,232.94309997558594,1.42,4.5,2.86,3.08
2018-02-13,2904.29,59.33,24.97,233.52255249023438,1.42,4.5,2.83,3.08
2018-02-14,2904.71,60.7,19.26,236.67420959472656,1.42,4.5,2.91,3.08
2018-02-15,2895.79,61.48,19.13,239.69419860839844,1.42,4.5,2.9,3.08
2018-02-16,2851.74,61.89,19.46,239.7644500732422,1.42,4.5,2.87,3.08
2018-02-19,2853.16,61.89,19.46,239.7644500732422,1.42,4.5,2.87,3.08
2018-02-20,2853.16,61.91,20.6,238.26312255859375,1.42,4.5,2.88,3.08
2018-02-21,2862.01,61.73,20.02,237.07798767089844,1.42,4.5,2.94,3.08
2018-02-22,2877.94,62.72,18.72,237.38523864746094,1.42,4.5,2.92,3.08
2018-02-23,2877.04,63.52,16.49,241.1690216064453,1.42,4.5,2.88,3.08
2018-02-26,2849.59,63.81,15.8,243.96963500976562,1.42,4.5,2.86,3.08
2018-02-27,2849.91,62.94,18.59,240.9232177734375,1.42,4.5,2.9,3.08
2018-02-28,2855.93,61.43,19.85,238.48260498046875,1.35,4.5,2.87,3.15
2018-03-01,2867.94,60.98,22.47,235.01492309570312,1.42,4.5,2.81,3.08
2018-03-02,2879.05,61.19,19.59,236.22645568847656,1.42,4.5,2.86,3.08
2018-03-05,2879.15,62.49,18.73,238.95675659179688,1.42,4.5,2.88,3.08
2018-03-06,2859.09,62.54,18.36,239.56246948242188,1.42,4.5,2.88,3.08
2018-03-07,2845.05,61.09,17.76,239.47471618652344,1.42,4.5,2.89,3.08
2018-03-08,2858.88,60.13,16.54,240.63348388671875,1.42,4.5,2.86,3.08
2018-03-09,2871.36,62.02,14.64,244.82119750976562,1.42,4.5,2.9,3.08
2018-03-12,2866.93,61.35,15.78,244.51385498046875,1.42,4.5,2.87,3.08
2018-03-13,2851.84,60.69,16.35,242.93356323242188,1.42,4.5,2.84,3.08
2018-03-14,2848.38,60.89,17.23,241.68695068359375,1.42,4.5,2.81,3.08
2018-03-15,2845.76,61.16,16.59,241.42367553710938,1.43,4.5,2.82,3.0700000000000003
2018-03-16,2850.04,62.29,15.8,241.6853790283203,1.43,4.5,2.85,3.0700000000000003
2018-03-19,2852.48,62.01,19.02,238.41539001464844,1.43,4.5,2.85,3.0700000000000003
2018-03-20,2852.48,63.37,18.2,238.82086181640625,1.44,4.5,2.89,3.06
2018-03-21,2866.92,65.1,17.86,238.36244201660156,1.44,4.5,2.89,3.06
2018-03-22,2850.69,64.25,23.34,232.40411376953125,1.68,4.5,2.83,2.8200000000000003
2018-03-23,2857.88,65.8,24.87,227.4505157470703,1.68,4.5,2.82,2.8200000000000003
2018-03-26,2849.01,65.49,21.03,233.6732635498047,1.68,4.5,2.85,2.8200000000000003
2018-03-27,2816.33,65.21,22.5,229.69808959960938,1.68,4.5,2.78,2.8200000000000003
2018-03-28,2780.04,64.3,22.87,229.0194091796875,1.68,4.5,2.77,2.8200000000000003
2018-03-29,2780.47,64.87,19.97,231.9457244873047,1.68,4.5,2.74,2.8200000000000003
2018-03-30,2780.47,64.87,19.97,231.9457244873047,1.67,4.5,2.74,2.83
2018-04-02,2780.47,63.05,23.62,226.9392547607422,1.68,4.5,2.73,2.8200000000000003
2018-04-03,2792.96,63.41,21.1,229.84796142578125,1.69,4.5,2.79,2.81
2018-04-04,2778.27,63.35,20.06,232.30712890625,1.69,4.5,2.79,2.81
2018-04-05,2791.57,63.53,18.94,234.14048767089844,1.69,4.5,2.83,2.81
2018-04-06,2787.36,62.03,21.49,228.9224853515625,1.69,4.5,2.77,2.81
2018-04-09,2791.88,63.4,21.77,230.05067443847656,1.69,4.5,2.78,2.81
2018-04-10,2781.95,65.48,20.47,233.70855712890625,1.69,4.5,2.8,2.81
2018-04-11,2767.82,66.81,20.24,232.48338317871094,1.69,4.5,2.79,2.81
2018-04-12,2733.24,67.07,18.49,234.3960723876953,1.69,4.5,2.83,2.81
2018-04-13,2710.03,67.35,17.41,233.70855712890625,1.69,4.5,2.82,2.81
2018-04-16,2705.34,66.23,16.56,235.63009643554688,1.69,4.5,2.83,2.81
2018-04-17,2726.47,66.5,15.25,238.1509552001953,1.69,4.5,2.82,2.81
2018-04-18,2725.66,68.44,15.6,238.32716369628906,1.69,4.5,2.87,2.81
2018-04-19,2705.64,68.3,15.96,237.00509643554688,1.69,4.5,2.92,2.81
2018-04-20,2724.47,68.26,16.88,234.9954071044922,1.7,4.5,2.96,2.8
2018-04-23,2757.96,67.61,16.34,234.96026611328125,1.7,4.5,2.98,2.8
2018-04-24,2799.45,67.66,18.02,231.79592895507812,1.7,4.5,3.0,2.8
2018-04-25,2785.22,68.0,17.84,232.3688201904297,1.7,4.5,3.03,2.8
2018-04-26,2820.29,68.18,16.24,234.73098754882812,1.7,4.5,3.0,2.8
2018-04-27,2812.83,68.11,15.41,234.9513702392578,1.7,4.5,2.96,2.8
2018-04-30,2806.28,68.56,15.93,233.14451599121094,1.69,4.25,2.95,2.56
2018-05-01,2809.92,67.28,15.49,233.55874633789062,1.7,4.25,2.97,2.55
2018-05-02,2809.92,67.91,15.97,231.98977661132812,1.7,4.25,2.97,2.55
2018-05-03,2831.99,68.45,15.9,231.47854614257812,1.7,4.25,2.94,2.55
2018-05-04,2857.85,69.71,14.77,234.47540283203125,1.7,4.25,2.95,2.55
2018-05-07,2843.41,70.74,14.75,235.2686767578125,1.7,4.25,2.95,2.55
2018-05-08,2817.2,68.83,14.71,235.2686767578125,1.7,4.25,2.97,2.55
2018-05-09,2866.0,71.16,13.42,237.54275512695312,1.7,4.25,3.0,2.55
2018-05-10,2859.51,71.36,13.23,239.7638702392578,1.7,4.25,2.97,2.55
2018-05-11,2822.37,70.69,12.65,240.49551391601562,1.7,4.25,2.97,2.55
2018-05-14,2824.05,71.01,12.93,240.61004638671875,1.7,4.25,3.0,2.55
2018-05-15,2824.05,71.34,14.63,238.95301818847656,1.7,4.25,3.08,2.55
2018-05-16,2889.87,71.43,13.42,239.9578399658203,1.7,4.25,3.09,2.55
2018-05-17,2865.37,71.47,13.43,239.75521850585938,1.7,4.25,3.11,2.55
2018-05-18,2886.23,71.23,13.42,239.15577697753906,1.7,4.25,3.06,2.55
2018-05-21,2925.67,72.26,13.08,240.95387268066406,1.7,4.25,3.06,2.55
2018-05-22,2897.37,72.09,13.22,240.28390502929688,1.7,4.25,3.06,2.55
2018-05-23,2851.42,71.85,12.58,240.94505310058594,1.7,4.25,3.01,2.55
2018-05-24,2863.24,70.77,12.53,240.45143127441406,1.7,4.25,2.98,2.55
2018-05-25,2863.12,67.92,13.22,239.8784637451172,1.7,4.25,2.93,2.55
2018-05-28,2887.16,67.92,13.22,239.8784637451172,1.7,4.25,2.93,2.55
2018-05-29,2887.16,66.8,17.02,237.11973571777344,1.7,4.25,2.77,2.55
2018-05-30,2893.82,68.24,14.94,240.28390502929688,1.7,4.25,2.84,2.55
2018-05-31,2879.32,66.98,15.43,238.81204223632812,1.7,4.25,2.83,2.55
2018-06-01,2889.32,65.81,13.46,241.1565704345703,1.7,4.25,2.89,2.55
2018-06-04,2868.22,64.76,12.74,242.3024444580078,1.7,4.25,2.94,2.55
2018-06-05,2868.22,65.51,12.4,242.47869873046875,1.7,4.25,2.92,2.55
2018-06-06,2865.37,64.75,11.64,244.5059051513672,1.7,4.25,2.97,2.55
2018-06-07,2828.42,65.96,12.13,244.47947692871094,1.7,4.25,2.93,2.55
2018-06-08,2835.78,65.77,12.18,245.20233154296875,1.7,4.25,2.93,2.55
2018-06-11,2855.8,66.1,12.35,245.5284423828125,1.7,4.25,2.96,2.55
2018-06-12,2855.8,66.38,12.34,245.84576416015625,1.7,4.25,2.96,2.55
2018-06-13,2857.11,66.63,12.94,245.0613250732422,1.7,4.25,2.98,2.55
2018-06-14,2859.17,66.91,12.12,245.67832946777344,1.9,4.25,2.94,2.35
2018-06-15,2859.78,65.01,11.98,245.36483764648438,1.9,4.25,2.93,2.35
2018-06-18,2890.06,65.91,12.31,244.86016845703125,1.9,4.25,2.92,2.35
2018-06-19,2919.14,65.09,13.35,243.9216766357422,1.91,4.25,2.89,2.34
2018-06-20,2931.78,65.92,12.79,244.33779907226562,1.92,4.25,2.93,2.33
2018-06-21,2916.49,65.68,14.64,242.80612182617188,1.92,4.25,2.9,2.33
2018-06-22,2944.82,69.02,13.77,243.2486572265625,1.92,4.25,2.9,2.33
2018-06-25,2918.22,69.91,17.33,239.93743896484375,1.92,4.25,2.87,2.33
2018-06-26,2927.67,75.23,15.92,240.4686279296875,1.92,4.25,2.88,2.33
2018-06-27,2924.1,77.41,17.91,238.47662353515625,1.91,4.25,2.83,2.34
2018-06-28,2934.91,73.45,16.85,239.84010314941406,1.91,4.25,2.84,2.34
2018-06-29,2945.09,74.13,16.09,240.18539428710938,1.91,4.25,2.85,2.34
2018-07-02,2930.8,73.89,15.6,240.6988525390625,1.91,4.25,2.87,2.34
2018-07-03,2930.8,74.19,16.14,239.848876953125,1.91,4.25,2.83,2.34
2018-07-04,2909.83,74.19,16.14,239.848876953125,1.91,4.25,2.83,2.34
2018-07-05,2909.83,73.05,14.97,241.80563354492188,1.91,4.25,2.84,2.34
2018-07-06,2885.53,73.78,13.37,243.85084533691406,1.91,4.25,2.82,2.34
2018-07-09,2867.94,73.93,12.69,246.0465850830078,1.91,4.25,2.86,2.34
2018-07-10,2881.09,74.11,12.64,246.93194580078125,1.91,4.25,2.87,2.34
2018-07-11,2872.62,70.47,13.63,245.12576293945312,1.91,4.25,2.85,2.34
2018-07-12,2880.1,70.28,12.58,247.34803771972656,1.91,4.25,2.85,2.34
2018-07-13,2882.02,71.03,12.18,247.54286193847656,1.91,4.25,2.83,2.34
2018-07-16,2861.7,68.22,12.83,247.32147216796875,1.91,4.25,2.85,2.34
2018-07-17,2868.96,68.03,12.06,248.32205200195312,1.91,4.25,2.86,2.34
2018-07-18,2878.28,68.78,12.1,248.8442840576172,1.91,4.25,2.88,2.34
2018-07-19,2876.93,69.42,12.87,247.90589904785156,1.91,4.25,2.84,2.34
2018-07-20,2883.81,70.31,12.86,247.6225128173828,1.91,4.25,2.89,2.34
2018-07-23,2883.81,67.9,12.62,248.0830535888672,1.91,4.25,2.96,2.34
2018-07-24,2897.73,70.77,12.41,249.33132934570312,1.91,4.25,2.95,2.34
2018-07-25,2898.36,71.13,12.29,251.45619201660156,1.91,4.25,2.94,2.34
2018-07-26,2882.84,71.59,12.14,250.8629608154297,1.91,4.25,2.98,2.34
2018-07-27,2886.21,68.66,13.03,249.16305541992188,1.91,4.25,2.96,2.34
2018-07-30,2880.79,71.19,14.26,247.86155700683594,1.91,4.25,2.98,2.34
2018-07-31,2875.72,69.88,12.83,249.0834503173828,1.91,4.25,2.96,2.34
2018-08-01,2886.8,68.8,13.15,248.66717529296875,1.91,4.25,3.0,2.34
2018-08-02,2892.62,68.95,12.19,250.02195739746094,1.91,4.25,2.98,2.34
2018-08-03,2904.9,68.49,11.64,251.0931396484375,1.91,4.25,2.95,2.34
2018-08-06,2898.99,69.01,11.27,252.0139923095703,1.91,4.25,2.94,2.34
2018-08-07,2898.86,69.17,10.93,252.84632873535156,1.91,4.25,2.98,2.34
2018-08-08,2898.86,66.92,10.85,252.74000549316406,1.91,4.25,2.96,2.34
2018-08-09,2908.9,66.81,11.27,252.39474487304688,1.91,4.25,2.93,2.34
2018-08-10,2919.44,67.61,13.16,250.70367431640625,1.91,4.25,2.87,2.34
2018-08-13,2940.95,67.25,14.78,249.76519775390625,1.91,4.25,2.88,2.34
2018-08-14,2983.93,67.04,13.31,251.35890197753906,1.91,4.25,2.89,2.34
2018-08-15,3002.66,65.07,14.64,249.4818572998047,1.91,4.25,2.86,2.34
2018-08-16,3046.76,65.44,13.45,251.50048828125,1.92,4.25,2.87,2.33
2018-08-17,3019.55,65.93,12.64,252.3859100341797,1.92,4.25,2.87,2.33
2018-08-20,3024.02,66.5,12.49,252.9259796142578,1.92,4.25,2.82,2.33
2018-08-21,3024.02,67.32,12.86,253.5192108154297,1.92,4.25,2.85,2.33
2018-08-22,2990.78,67.85,12.25,253.36868286132812,1.92,4.25,2.82,2.33
2018-08-23,2965.45,69.13,12.41,253.03231811523438,1.92,4.25,2.82,2.33
2018-08-24,2980.64,69.71,11.99,254.55511474609375,1.92,4.25,2.82,2.33
2018-08-27,2958.45,69.97,12.16,256.5648498535156,1.92,4.25,2.85,2.33
2018-08-28,2934.31,68.54,12.5,256.6888732910156,1.92,4.25,2.88,2.33
2018-08-29,2966.0,69.68,12.25,258.0700378417969,1.92,4.25,2.89,2.33
2018-08-30,2999.57,70.25,13.53,257.02520751953125,1.92,4.25,2.86,2.33
2018-08-31,3027.39,69.84,12.86,257.03411865234375,1.91,4.25,2.86,2.34
2018-09-03,3053.14,69.84,12.86,257.03411865234375,1.91,4.25,2.86,2.34
2018-09-04,3053.14,69.82,13.16,256.5914001464844,1.92,4.25,2.9,2.33
2018-09-05,3088.47,68.69,13.91,255.90077209472656,1.92,4.25,2.9,2.33
2018-09-06,3100.37,67.81,14.65,255.13052368164062,1.92,4.25,2.88,2.33
2018-09-07,3089.47,67.73,14.88,254.63473510742188,1.92,4.25,2.94,2.33
2018-09-10,3070.15,67.55,14.16,255.0775909423828,1.92,4.25,2.94,2.33
2018-09-11,3069.49,69.29,13.22,255.91851806640625,1.92,4.25,2.98,2.33
2018-09-12,3087.73,70.37,13.14,255.98052978515625,1.92,4.25,2.97,2.33
2018-09-13,3055.01,68.6,12.37,257.4944763183594,1.92,4.25,2.97,2.33
2018-09-14,3019.38,68.98,12.07,257.53875732421875,1.92,4.25,2.99,2.33
2018-09-17,3026.05,68.86,13.68,256.1753845214844,1.92,4.25,2.99,2.33
2018-09-18,3013.38,69.87,12.79,257.56536865234375,1.92,4.25,3.05,2.33
2018-09-19,3007.03,71.08,11.75,257.8398742675781,1.92,4.25,3.08,2.33
2018-09-20,3018.63,70.77,11.8,259.9293212890625,1.92,4.25,3.07,2.33
2018-09-21,3014.18,70.8,11.68,259.69189453125,1.92,4.25,3.07,2.33
2018-09-24,3006.96,73.23,12.2,258.8291320800781,1.93,4.25,3.08,2.3200000000000003
2018-09-25,2991.9,73.4,12.42,258.58892822265625,1.93,4.25,3.1,2.3200000000000003
2018-09-26,3001.88,72.22,12.89,257.8152160644531,1.93,4.25,3.06,2.3200000000000003
2018-09-27,3000.14,72.18,12.41,258.53558349609375,2.18,4.25,3.06,2.07
2018-09-28,2989.58,73.16,12.12,258.5622863769531,2.18,4.25,3.05,2.07
2018-10-01,2972.18,75.37,12.0,259.46063232421875,2.18,4.25,3.09,2.07
2018-10-02,2993.74,75.16,12.05,259.3093566894531,2.18,4.25,3.05,2.07
2018-10-03,3005.5,76.4,11.61,259.45172119140625,2.18,4.25,3.15,2.07
2018-10-04,3012.65,74.44,14.22,257.42388916015625,2.18,4.25,3.19,2.07
2018-10-05,3028.16,74.26,14.82,255.9829864501953,2.18,4.25,3.23,2.07
2018-10-08,3031.31,74.27,15.69,255.9829864501953,2.18,4.25,3.23,2.07
2018-10-09,3031.31,74.95,15.95,255.6095733642578,2.18,4.25,3.21,2.07
2018-10-10,3057.55,73.18,22.96,247.51617431640625,2.18,4.25,3.22,2.07
2018-10-11,3090.3,70.97,24.98,242.06422424316406,2.18,4.25,3.14,2.07
2018-10-12,3087.34,71.41,21.31,245.42605590820312,2.18,4.25,3.15,2.07
2018-10-15,3088.78,71.84,21.3,244.0475616455078,2.18,4.25,3.16,2.07
2018-10-16,3088.78,71.93,17.62,249.3838348388672,2.18,4.25,3.16,2.07
2018-10-17,3055.93,69.63,17.4,249.42828369140625,2.19,4.25,3.19,2.06
2018-10-18,3056.37,68.63,20.06,245.8262481689453,2.19,4.25,3.17,2.06
2018-10-19,3088.47,69.16,19.89,245.69287109375,2.19,4.25,3.2,2.06
2018-10-22,3079.88,69.25,19.64,244.59014892578125,2.19,4.25,3.2,2.06
2018-10-23,3087.58,66.49,20.71,243.34490966796875,2.2,4.25,3.17,2.05
2018-10-24,3110.2,66.56,25.23,235.9718780517578,2.2,4.25,3.1,2.05
2018-10-25,3149.7,67.25,24.22,240.205322265625,2.2,4.25,3.14,2.05
2018-10-26,3167.18,67.58,24.16,235.98081970214844,2.2,4.25,3.08,2.05
2018-10-29,3185.26,67.0,24.7,234.67335510253906,2.2,4.25,3.08,2.05
2018-10-30,3188.69,66.18,23.35,238.1508331298828,2.2,4.25,3.12,2.05
2018-10-31,3202.44,65.31,21.23,240.69456481933594,2.2,4.25,3.15,2.05
2018-11-01,3219.85,63.67,19.34,243.25599670410156,2.2,4.25,3.14,2.05
2018-11-02,3193.8,63.12,19.51,241.81517028808594,2.19,4.25,3.22,2.06
2018-11-05,3177.57,63.12,19.96,243.14927673339844,2.2,4.25,3.2,2.05
2018-11-06,3177.57,62.16,19.91,244.68788146972656,2.2,4.25,3.22,2.05
2018-11-07,3154.55,61.69,16.36,249.9263458251953,2.2,4.25,3.22,2.05
2018-11-08,3140.25,60.71,16.72,249.47271728515625,2.2,4.25,3.24,2.05
2018-11-09,3145.39,60.19,17.36,247.03591918945312,2.19,4.25,3.19,2.06
2018-11-12,3176.89,59.85,20.45,242.41993713378906,2.19,4.25,3.19,2.06
2018-11-13,3176.89,55.63,20.02,241.96636962890625,2.2,4.25,3.14,2.05
2018-11-14,3197.2,56.16,21.25,240.31214904785156,2.2,4.25,3.12,2.05
2018-11-15,3194.7,56.45,19.98,242.82012939453125,2.2,4.25,3.11,2.05
2018-11-16,3198.29,56.49,18.14,243.45164489746094,2.2,4.25,3.08,2.05
2018-11-19,3173.59,57.16,20.1,239.33384704589844,2.2,4.25,3.06,2.05
2018-11-20,3178.81,53.39,22.48,234.90463256835938,2.2,4.25,3.06,2.05
2018-11-21,3189.51,54.41,20.8,235.70516967773438,2.2,4.25,3.06,2.05
2018-11-22,3196.26,54.41,20.8,235.70516967773438,2.2,4.25,3.06,2.05
2018-11-23,3196.26,54.41,21.52,234.13095092773438,2.2,4.25,3.05,2.05
2018-11-26,3223.95,51.46,18.9,237.9107666015625,2.2,4.25,3.07,2.05
2018-11-27,3240.65,51.31,19.02,238.71116638183594,2.2,4.25,3.06,2.05
2018-11-28,3250.56,50.06,18.49,244.2075958251953,2.2,4.25,3.06,2.05
2018-11-29,3274.47,51.46,18.79,243.67393493652344,2.2,4.25,3.03,2.05
2018-11-30,3240.02,50.78,18.07,245.1592254638672,2.2,4.25,3.01,2.05
2018-12-03,3235.27,52.98,16.44,248.405517578125,2.19,4.25,2.98,2.06
2018-12-04,3196.15,53.21,20.74,240.35653686523438,2.2,4.25,2.91,2.05
2018-12-05,3174.11,52.64,20.74,240.35653686523438,2.2,4.25,2.91,2.05
2018-12-06,3162.29,51.54,21.19,239.99197387695312,2.2,4.25,2.87,2.05
2018-12-07,3187.86,52.76,23.23,234.41551208496094,2.19,4.25,2.85,2.06
2018-12-10,3153.29,51.07,22.64,234.86016845703125,2.2,4.25,2.85,2.05
2018-12-11,3176.12,51.65,21.76,234.9135284423828,2.19,4.25,2.89,2.06
2018-12-12,3184.7,51.04,21.46,236.0963897705078,2.19,4.25,2.91,2.06
2018-12-13,3169.36,52.69,20.65,236.01638793945312,2.19,4.25,2.91,2.06
2018-12-14,3178.4,51.26,21.63,231.65835571289062,2.19,4.25,2.89,2.06
2018-12-17,3196.3,49.8,24.52,227.11361694335938,2.2,4.25,2.86,2.05
2018-12-18,3188.66,46.12,25.58,226.86465454101562,2.2,4.25,2.82,2.05
2018-12-19,3198.45,47.96,25.58,223.46717834472656,2.2,4.25,2.77,2.05
2018-12-20,3216.55,45.64,28.38,219.8295440673828,2.4,4.25,2.79,1.85
2018-12-21,3246.86,45.38,30.11,215.32530212402344,2.4,4.25,2.79,1.85
2018-12-24,3285.34,45.38,36.07,209.63580322265625,2.4,4.25,2.74,1.85
2018-12-25,3285.51,45.38,36.07,209.63580322265625,2.4,4.25,2.74,1.85
2018-12-26,3285.51,46.04,30.41,220.22760009765625,2.4,4.25,2.81,1.85
2018-12-27,3289.69,44.48,29.96,221.91839599609375,2.4,4.25,2.77,1.85
2018-12-28,3275.01,45.15,28.34,221.6321258544922,2.4,4.25,2.72,1.85
2018-12-31,3249.75,45.15,25.42,223.57333374023438,2.4,4.25,2.69,1.85
2019-01-01,3249.75,45.15,25.42,223.57333374023438,2.4,4.25,2.69,1.85
2019-01-02,3249.75,46.31,23.22,223.80593872070312,2.4,4.25,2.66,1.85
2019-01-03,3250.01,46.92,25.45,218.46530151367188,2.4,4.25,2.56,1.85
2019-01-04,3241.2,47.76,21.38,225.782958984375,2.4,4.25,2.67,1.85
2019-01-07,3208.56,48.27,21.4,227.56321716308594,2.4,4.25,2.7,1.85
2019-01-08,3208.56,49.58,20.47,229.7012481689453,2.4,4.25,2.73,1.85
2019-01-09,3164.75,52.19,19.98,230.7747344970703,2.4,4.25,2.74,1.85
2019-01-10,3128.07,52.42,19.5,231.5887908935547,2.4,4.25,2.74,1.85
2019-01-11,3136.49,51.44,18.19,231.6782989501953,2.4,4.25,2.71,1.85
2019-01-14,3151.49,50.31,19.07,230.2647705078125,2.4,4.25,2.71,1.85
2019-01-15,3143.22,51.8,18.6,232.90383911132812,2.4,4.25,2.72,1.85
2019-01-16,3137.66,52.08,19.04,233.46742248535156,2.4,4.25,2.73,1.85
2019-01-17,3124.96,51.83,18.06,235.23867797851562,2.4,4.25,2.75,1.85
2019-01-18,3140.19,53.6,17.8,238.36973571777344,2.4,4.25,2.79,1.85
2019-01-21,3120.56,53.6,17.8,238.36973571777344,2.4,4.25,2.79,1.85
2019-01-22,3120.56,52.59,20.8,235.14920043945312,2.4,4.25,2.74,1.85
2019-01-23,3136.59,52.44,19.52,235.64126586914062,2.4,4.25,2.76,1.85
2019-01-24,3146.14,52.94,18.89,235.76646423339844,2.4,4.25,2.72,1.85
2019-01-25,3160.52,53.53,17.42,237.76141357421875,2.4,4.25,2.76,1.85
2019-01-28,3150.58,51.79,18.87,235.9542999267578,2.4,4.25,2.75,1.85
2019-01-29,3167.86,53.07,19.13,235.64126586914062,2.4,4.25,2.72,1.85
2019-01-30,3157.52,54.18,17.66,239.37159729003906,2.4,4.25,2.7,1.85
2019-01-31,3163.46,53.84,16.57,241.47386169433594,2.4,4.25,2.63,1.85
2019-02-01,3115.7,55.29,16.14,241.5902099609375,2.4,4.25,2.7,1.85
2019-02-04,3102.61,54.57,15.73,243.28994750976562,2.4,4.25,2.73,1.85
2019-02-05,3089.4,53.69,15.57,244.3097686767578,2.4,4.25,2.71,1.85
2019-02-06,3094.05,53.94,15.38,243.9876251220703,2.4,4.25,2.7,1.85
2019-02-07,3108.54,52.68,16.37,241.66180419921875,2.4,4.25,2.65,1.85
2019-02-08,3110.46,52.75,15.72,241.95706176757812,2.4,4.25,2.63,1.85
2019-02-11,3115.94,52.43,15.97,242.0911865234375,2.4,4.25,2.65,1.85
2019-02-12,3132.61,53.14,15.43,245.20425415039062,2.4,4.25,2.68,1.85
2019-02-13,3131.1,53.84,15.65,246.00047302246094,2.4,4.25,2.71,1.85
2019-02-14,3135.56,54.4,16.22,245.45477294921875,2.4,4.25,2.66,1.85
2019-02-15,3155.27,55.58,14.91,248.12948608398438,2.4,4.25,2.66,1.85
2019-02-18,3141.4,55.58,14.91,248.12948608398438,2.4,4.25,2.66,1.85
2019-02-19,3141.4,56.12,14.88,248.55897521972656,2.4,4.25,2.65,1.85
2019-02-20,3118.36,56.9,14.02,249.05996704101562,2.4,4.25,2.65,1.85
2019-02-21,3112.18,56.95,14.46,248.1743621826172,2.4,4.25,2.69,1.85
2019-02-22,3119.42,57.01,13.51,249.7130126953125,2.4,4.25,2.65,1.85
2019-02-25,3110.29,55.32,14.85,250.05287170410156,2.4,4.25,2.67,1.85
2019-02-26,3101.41,55.4,15.17,249.8739776611328,2.4,4.25,2.64,1.85
2019-02-27,3095.29,56.92,14.7,249.76666259765625,2.4,4.25,2.69,1.85
2019-02-28,3072.01,57.21,14.78,249.30148315429688,2.4,4.25,2.73,1.85
2019-03-01,3077.35,55.76,13.57,250.85800170898438,2.4,4.25,2.76,1.85
2019-03-04,3091.49,56.6,14.63,249.94558715820312,2.4,4.25,2.72,1.85
2019-03-05,3093.79,56.55,14.74,249.60560607910156,2.4,4.25,2.72,1.85
2019-03-06,3099.12,56.22,15.74,248.09381103515625,2.4,4.25,2.69,1.85
2019-03-07,3106.16,56.6,16.59,246.01846313476562,2.4,4.25,2.64,1.85
2019-03-08,3120.04,55.77,16.05,245.52638244628906,2.4,4.25,2.62,1.85
2019-03-11,3162.4,56.79,14.33,249.08677673339844,2.4,4.25,2.64,1.85
2019-03-12,3168.35,56.89,13.77,250.0260772705078,2.4,4.25,2.61,1.85
2019-03-13,3153.2,58.27,13.41,251.68113708496094,2.4,4.25,2.61,1.85
2019-03-14,3145.53,58.59,13.5,251.52003479003906,2.4,4.25,2.63,1.85
2019-03-15,3144.42,58.51,12.88,252.76268005371094,2.4,4.25,2.59,1.85
2019-03-18,3123.28,59.09,13.1,253.67921447753906,2.4,4.25,2.6,1.85
2019-03-19,3102.25,59.12,13.56,253.7421417236328,2.4,4.25,2.61,1.85
2019-03-20,3095.39,60.12,13.91,252.9783477783203,2.41,4.25,2.54,1.8399999999999999
2019-03-21,3092.39,59.98,13.63,255.8355712890625,2.41,4.25,2.54,1.8399999999999999
2019-03-22,3082.45,58.87,16.48,250.9116973876953,2.41,4.25,2.44,1.8399999999999999
2019-03-25,3126.19,58.71,16.33,250.72305297851562,2.4,4.25,2.43,1.85
2019-03-26,3126.19,59.87,14.68,252.59197998046875,2.4,4.25,2.41,1.85
2019-03-27,3145.55,59.39,15.15,251.27110290527344,2.41,4.25,2.39,1.8399999999999999
2019-03-28,3186.43,59.29,14.43,252.22348022460938,2.41,4.25,2.39,1.8399999999999999
2019-03-29,3190.94,60.19,13.71,253.81398010253906,2.43,4.25,2.41,1.8199999999999998
2019-04-01,3174.79,61.59,13.4,256.823974609375,2.41,4.25,2.49,1.8399999999999999
2019-04-02,3146.81,62.53,13.36,256.9498291015625,2.41,4.25,2.48,1.8399999999999999
2019-04-03,3143.36,62.46,13.74,257.3541564941406,2.41,4.25,2.52,1.8399999999999999
2019-04-04,3128.47,62.12,13.58,258.0369567871094,2.41,4.25,2.51,1.8399999999999999
2019-04-05,3132.78,63.1,12.82,259.285888671875,2.41,4.25,2.5,1.8399999999999999
2019-04-08,3126.2,64.37,13.18,259.483642578125,2.41,4.25,2.52,1.8399999999999999
2019-04-09,3115.22,64.05,14.28,258.1537780761719,2.41,4.25,2.51,1.8399999999999999
2019-04-10,3105.2,64.62,13.3,259.0343017578125,2.41,4.25,2.48,1.8399999999999999
2019-04-11,3095.66,63.61,13.02,258.9625244140625,2.41,4.25,2.51,1.8399999999999999
2019-04-12,3113.91,63.86,12.01,260.71453857421875,2.41,4.25,2.56,1.8399999999999999
2019-04-15,3109.32,63.43,12.32,260.5438232421875,2.41,4.25,2.55,1.8399999999999999
2019-04-16,3136.69,64.01,12.18,260.71453857421875,2.41,4.25,2.6,1.8399999999999999
2019-04-17,3160.87,63.74,12.6,260.07666015625,2.42,4.25,2.59,1.83
2019-04-18,3160.48,64.02,12.09,260.5887451171875,2.43,4.25,2.57,1.8199999999999998
2019-04-19,3160.48,64.02,12.09,260.5887451171875,2.44,4.25,2.57,1.81
2019-04-22,3160.48,65.66,12.42,260.8134765625,2.44,4.25,2.59,1.81
2019-04-23,3149.99,66.24,12.28,263.1585388183594,2.44,4.25,2.57,1.81
2019-04-24,3177.94,65.96,13.14,262.5744934082031,2.44,4.25,2.53,1.81
2019-04-25,3213.23,65.23,13.25,262.41278076171875,2.44,4.25,2.54,1.81
2019-04-26,3237.98,63.29,12.73,263.6347961425781,2.44,4.25,2.51,1.81
2019-04-29,3227.79,63.39,13.11,264.0480651855469,2.45,4.25,2.54,1.7999999999999998
2019-04-30,3247.72,63.83,13.12,264.1828918457031,2.45,4.25,2.51,1.7999999999999998
2019-05-01,3233.97,63.55,14.8,262.1971740722656,2.45,4.25,2.52,1.7999999999999998
2019-05-02,3233.97,61.75,14.42,261.6310729980469,2.41,4.25,2.55,1.8399999999999999
2019-05-03,3262.17,61.98,12.87,264.19189453125,2.4,4.25,2.54,1.85
2019-05-06,3240.44,62.3,15.44,263.10467529296875,2.4,4.25,2.51,1.85
2019-05-07,3254.03,61.41,19.32,258.7109069824219,2.4,4.25,2.45,1.85
2019-05-08,3288.81,62.13,19.4,258.3514099121094,2.39,4.25,2.49,1.8599999999999999
2019-05-09,3290.12,61.58,19.1,257.56976318359375,2.38,4.25,2.45,1.87
2019-05-10,3293.62,61.65,16.04,258.8636169433594,2.38,4.25,2.47,1.87
2019-05-13,3274.3,60.97,20.55,252.35824584960938,2.38,4.25,2.4,1.87
2019-05-14,3299.01,61.82,18.06,254.64060974121094,2.38,4.25,2.42,1.87
2019-05-15,3285.14,62.03,16.44,256.1321716308594,2.4,4.25,2.37,1.85
2019-05-16,3295.51,62.93,15.29,258.5042724609375,2.39,4.25,2.4,1.8599999999999999
2019-05-17,3290.27,62.77,15.96,256.83294677734375,2.39,4.25,2.39,1.8599999999999999
2019-05-20,3313.72,63.12,16.31,255.1348114013672,2.39,4.25,2.41,1.8599999999999999
2019-05-21,3342.21,63.02,14.95,257.4349670410156,2.39,4.25,2.43,1.8599999999999999
2019-05-22,3344.45,61.42,14.75,256.644287109375,2.38,4.25,2.39,1.87
2019-05-23,3340.96,57.65,16.92,253.50851440429688,2.38,4.25,2.31,1.87
2019-05-24,3368.76,58.4,15.85,254.0835418701172,2.38,4.25,2.32,1.87
2019-05-27,3358.84,58.4,15.85,254.0835418701172,2.38,4.25,2.32,1.87
2019-05-28,3358.84,58.91,17.5,251.72036743164062,2.39,4.25,2.26,1.8599999999999999
2019-05-29,3362.48,58.84,17.9,250.0311737060547,2.39,4.25,2.25,1.8599999999999999
2019-05-30,3375.29,56.47,17.3,250.7140655517578,2.39,4.25,2.22,1.8599999999999999
2019-05-31,3357.82,53.49,18.71,247.33560180664062,2.4,4.25,2.14,1.85
2019-06-03,3377.16,53.25,18.86,246.7067413330078,2.38,4.25,2.07,1.87
2019-06-04,3377.16,53.5,16.97,252.0618438720703,2.38,4.25,2.12,1.87
2019-06-05,3306.37,51.57,16.09,254.24526977539062,2.38,4.25,2.12,1.87
2019-06-06,3296.87,52.59,15.93,255.89854431152344,2.37,4.25,2.12,1.88
2019-06-07,3288.69,53.95,16.3,258.45941162109375,2.37,4.25,2.09,1.88
2019-06-10,3274.72,53.33,15.94,259.64532470703125,2.37,4.25,2.15,1.88
2019-06-11,3257.06,53.3,15.99,259.5824890136719,2.37,4.25,2.15,1.88
2019-06-12,3249.56,51.13,15.91,259.1242370605469,2.37,4.25,2.13,1.88
2019-06-13,3264.47,52.38,15.82,260.1934509277344,2.37,4.25,2.1,1.88
2019-06-14,3266.72,52.47,15.28,259.9059143066406,2.36,4.25,2.09,1.8900000000000001
2019-06-17,3270.7,51.94,15.35,260.0047607421875,2.38,4.25,2.09,1.87
2019-06-18,3286.63,53.86,15.15,262.727294921875,2.37,4.25,2.06,1.88
2019-06-19,3264.98,53.74,14.33,263.3204040527344,2.37,4.25,2.03,1.88
2019-06-20,3248.91,56.88,14.75,265.836181640625,2.37,4.25,2.01,1.88
2019-06-21,3202.01,57.35,15.4,265.4497375488281,2.38,4.25,2.07,1.87
2019-06-24,3191.17,57.73,15.26,265.12469482421875,2.38,4.25,2.02,1.87
2019-06-25,3191.17,57.63,16.28,262.5244140625,2.38,4.25,2.0,1.87
2019-06-26,3187.15,59.17,16.21,262.2624206542969,2.38,4.25,2.05,1.87
2019-06-27,3177.94,59.18,15.82,263.1924743652344,2.38,4.25,2.01,1.87
2019-06-28,3197.23,58.2,15.08,264.54681396484375,2.4,4.25,2.0,1.85
2019-07-01,3205.67,58.91,14.06,266.9485778808594,2.39,4.25,2.03,1.8599999999999999
2019-07-02,3205.67,56.0,12.93,267.6437072753906,2.4,4.25,1.98,1.85
2019-07-03,3211.06,57.06,12.57,269.7836608886719,2.41,4.25,1.96,1.8399999999999999
2019-07-04,3206.92,57.06,12.57,269.7836608886719,2.41,4.25,1.96,1.8399999999999999
2019-07-05,3206.92,57.06,13.28,269.4765930175781,2.42,4.25,2.04,1.83
2019-07-08,3217.18,57.35,13.96,267.99591064453125,2.41,4.25,2.05,1.8399999999999999
2019-07-09,3207.66,57.57,14.09,268.3299865722656,2.41,4.25,2.07,1.8399999999999999
2019-07-10,3223.67,60.28,13.03,269.6120300292969,2.41,4.25,2.07,1.8399999999999999
2019-07-11,3212.91,59.93,12.93,270.2441101074219,2.4,4.25,2.13,1.85
2019-07-12,3197.5,59.99,12.39,271.4539794921875,2.38,4.25,2.12,1.87
2019-07-15,3190.33,59.3,12.68,271.5442199707031,2.4,4.25,2.09,1.85
2019-07-16,3190.66,57.44,12.86,270.6684265136719,2.41,4.25,2.13,1.8399999999999999
2019-07-17,3199.72,56.5,13.97,268.82647705078125,2.41,4.25,2.06,1.8399999999999999
2019-07-18,3189.21,55.08,13.53,269.8106384277344,2.41,4.25,2.04,1.8399999999999999
2019-07-19,3183.01,55.42,14.45,268.31195068359375,2.41,4.25,2.05,1.8399999999999999
2019-07-22,3169.51,55.87,13.53,268.97088623046875,2.4,4.25,2.05,1.85
2019-07-23,3177.76,56.58,12.61,270.894287109375,2.4,4.25,2.08,1.85
2019-07-24,3188.01,55.9,12.07,272.16729736328125,2.4,4.25,2.05,1.85
2019-07-25,3194.67,55.88,12.74,270.8671569824219,2.4,4.25,2.08,1.85
2019-07-26,3213.09,56.04,12.16,272.681884765625,2.4,4.25,2.08,1.85
2019-07-29,3233.26,56.85,12.83,272.1852111816406,2.4,4.25,2.06,1.85
2019-07-30,3262.81,58.04,13.94,271.51715087890625,2.39,4.25,2.06,1.8599999999999999
2019-07-31,3296.85,58.53,16.12,268.54669189453125,2.4,4.25,2.02,1.85
2019-08-01,3291.79,53.64,17.87,266.2080993652344,2.14,4.25,1.9,2.11
2019-08-02,3329.23,55.67,17.61,264.2037048339844,2.14,4.25,1.86,2.11
2019-08-05,3365.78,54.63,24.59,256.25836181640625,2.13,4.25,1.75,2.12
2019-08-06,3459.47,53.6,20.17,259.8517761230469,2.13,4.25,1.73,2.12
2019-08-07,3431.28,51.14,19.49,260.0052185058594,2.12,4.25,1.71,2.13
2019-08-08,3431.28,52.6,16.91,265.1066589355469,2.12,4.25,1.72,2.13
2019-08-09,3394.61,54.41,17.97,263.3008728027344,2.12,4.25,1.74,2.13
2019-08-12,3382.71,54.98,21.09,260.0955810546875,2.12,4.25,1.65,2.13
2019-08-13,3436.26,57.05,17.52,264.1405334472656,2.12,4.25,1.68,2.13
2019-08-14,3407.76,55.16,22.1,256.3305358886719,2.12,4.25,1.59,2.13
2019-08-15,3449.27,54.51,21.18,257.0076904296875,2.13,4.25,1.52,2.12
2019-08-16,3447.76,54.83,18.47,260.7997131347656,2.13,4.25,1.55,2.12
2019-08-19,3441.4,56.24,16.88,263.94183349609375,2.13,4.25,1.6,2.12
2019-08-20,3441.4,56.18,17.5,261.9194030761719,2.13,4.25,1.55,2.12
2019-08-21,3420.99,55.65,15.8,264.0502624511719,2.12,4.25,1.59,2.13
2019-08-22,3385.28,55.33,16.68,263.968994140625,2.12,4.25,1.62,2.13
2019-08-23,3376.99,54.08,19.87,257.18829345703125,2.12,4.25,1.52,2.13
2019-08-26,3399.95,53.54,19.32,260.0323486328125,2.12,4.25,1.54,2.13
2019-08-27,3432.85,54.99,20.31,259.0121765136719,2.12,4.25,1.49,2.13
2019-08-28,3457.89,55.76,19.35,260.83599853515625,2.12,4.25,1.47,2.13
2019-08-29,3477.53,56.67,17.88,264.16766357421875,2.12,4.25,1.5,2.13
2019-08-30,3464.15,55.07,18.98,264.0502624511719,2.13,4.25,1.5,2.12
2019-09-02,3427.29,55.07,18.98,264.0502624511719,2.13,4.25,1.5,2.12
2019-09-03,3427.29,53.91,19.66,262.5063171386719,2.13,4.25,1.47,2.12
2019-09-04,3438.61,56.22,17.33,265.4858703613281,2.13,4.25,1.47,2.12
2019-09-05,3401.04,56.33,16.27,268.89874267578125,2.13,4.25,1.57,2.12
2019-09-06,3377.39,56.45,15.0,269.1064147949219,2.12,4.25,1.55,2.13
2019-09-09,3361.7,57.88,15.27,269.2418518066406,2.13,4.25,1.63,2.12
2019-09-10,3368.8,57.37,15.2,269.17864990234375,2.13,4.25,1.72,2.12
2019-09-11,3373.75,55.66,14.61,271.09283447265625,2.13,4.25,1.75,2.12
2019-09-12,3372.48,55.13,14.22,272.0318603515625,2.13,4.25,1.79,2.12
2019-09-13,3359.2,54.76,13.74,271.8511962890625,2.14,4.25,1.9,2.11
2019-09-16,3356.15,63.1,14.67,271.0115051269531,2.25,4.25,1.84,2.0
2019-09-17,3364.43,59.26,14.44,271.69769287109375,2.3,4.25,1.81,1.9500000000000002
2019-09-18,3380.92,58.19,13.95,271.8602600097656,2.25,4.25,1.8,2.0
2019-09-19,3377.79,58.19,14.05,271.8421936035156,1.9,4.25,1.79,2.35
2019-09-20,3377.72,57.92,15.32,270.5577697753906,1.9,4.25,1.74,2.35
2019-09-23,3402.32,58.69,14.91,270.49432373046875,1.9,4.25,1.72,2.35
2019-09-24,3437.78,57.22,17.05,268.37176513671875,1.9,4.25,1.64,2.35
2019-09-25,3438.66,56.38,15.96,269.9590759277344,1.9,4.25,1.73,2.35
2019-09-26,3451.02,56.24,16.07,269.396728515625,1.85,4.25,1.7,2.4
2019-09-27,3435.71,55.95,17.22,267.94549560546875,1.83,4.25,1.69,2.42
2019-09-30,3462.01,54.09,16.24,269.18804931640625,1.9,4.25,1.68,2.35
2019-10-01,3477.45,53.6,18.56,265.9861755371094,1.88,4.25,1.65,2.37
2019-10-02,3491.29,52.67,20.56,261.2876892089844,1.85,4.25,1.6,2.4
2019-10-03,3497.34,52.41,19.12,263.42828369140625,1.83,4.25,1.54,2.42
2019-10-04,3467.6,52.84,17.04,266.9930725097656,1.82,4.25,1.52,2.4299999999999997
2019-10-07,3430.28,52.76,17.86,265.841064453125,1.82,4.25,1.56,2.4299999999999997
2019-10-08,3445.76,52.64,20.28,261.71392822265625,1.82,4.25,1.54,2.4299999999999997
2019-10-09,3452.57,52.63,18.64,264.1993103027344,1.82,4.25,1.59,2.4299999999999997
2019-10-10,3454.56,53.57,17.57,265.9861755371094,1.82,4.25,1.67,2.4299999999999997
2019-10-11,3458.42,54.76,15.58,268.7436828613281,1.82,4.25,1.76,2.4299999999999997
2019-10-14,3431.46,53.57,14.57,268.4443054199219,1.82,4.25,1.76,2.4299999999999997
2019-10-15,3431.46,52.81,13.54,271.10198974609375,1.9,4.25,1.77,2.35
2019-10-16,3451.33,53.42,13.68,270.6665954589844,1.9,4.25,1.75,2.35
2019-10-17,3459.55,53.89,13.79,271.4648132324219,1.85,4.25,1.76,2.4
2019-10-18,3465.35,53.75,14.25,270.276611328125,1.85,4.25,1.76,2.4
2019-10-21,3428.63,53.28,14.0,272.10888671875,1.85,4.25,1.8,2.4
2019-10-22,3442.78,54.21,14.46,271.219970703125,1.85,4.25,1.78,2.4
2019-10-23,3430.3,55.9,14.01,272.0091247558594,1.85,4.25,1.77,2.4
2019-10-24,3409.29,56.11,13.71,272.4535217285156,1.85,4.25,1.77,2.4
2019-10-25,3387.72,56.52,12.65,273.5692138671875,1.83,4.25,1.8,2.42
2019-10-28,3395.25,55.6,13.11,275.1112365722656,1.83,4.25,1.85,2.42
2019-10-29,3382.19,55.34,13.2,275.02960205078125,1.82,4.25,1.84,2.4299999999999997
2019-10-30,3380.9,54.85,12.33,275.8731994628906,1.82,4.25,1.78,2.4299999999999997
2019-10-31,3389.94,54.02,13.22,275.1384582519531,1.58,4.25,1.69,2.67
2019-11-01,3383.29,56.04,12.3,277.68731689453125,1.57,4.25,1.73,2.6799999999999997
2019-11-04,3339.19,56.33,12.83,278.8028869628906,1.56,4.25,1.79,2.69
2019-11-05,3339.19,57.04,13.1,278.49456787109375,1.56,4.25,1.86,2.69
2019-11-06,3318.47,56.15,12.62,278.5581359863281,1.55,4.25,1.81,2.7
2019-11-07,3319.64,56.91,12.73,279.5376892089844,1.55,4.25,1.92,2.7
2019-11-08,3327.02,57.02,12.07,280.22711181640625,1.55,4.25,1.94,2.7
2019-11-11,3341.01,57.02,12.69,279.6919250488281,1.55,4.25,1.94,2.7
2019-11-12,3341.01,56.67,12.68,280.28155517578125,1.55,4.25,1.92,2.7
2019-11-13,3384.21,56.88,13.0,280.3721618652344,1.55,4.25,1.88,2.7
2019-11-14,3441.89,56.57,13.05,280.7802734375,1.55,4.25,1.82,2.7
2019-11-15,3452.67,57.54,12.05,282.8122253417969,1.55,4.25,1.84,2.7
2019-11-18,3421.26,56.82,12.46,283.02081298828125,1.55,4.25,1.81,2.7
2019-11-19,3447.74,54.93,12.86,282.9391784667969,1.55,4.25,1.79,2.7
2019-11-20,3434.49,56.71,12.78,281.886962890625,1.55,4.25,1.73,2.7
2019-11-21,3445.95,58.36,13.13,281.4333190917969,1.55,4.25,1.77,2.7
2019-11-22,3440.66,57.68,12.34,282.059326171875,1.55,4.25,1.77,2.7
2019-11-25,3410.77,57.79,11.87,284.2452697753906,1.55,4.25,1.76,2.7
2019-11-26,3433.94,58.25,11.54,284.8893127441406,1.55,4.25,1.74,2.7
2019-11-27,3469.01,58.12,11.75,286.1591491699219,1.55,4.25,1.77,2.7
2019-11-28,3502.92,58.12,11.75,286.1591491699219,1.55,4.25,1.77,2.7
2019-11-29,3502.92,58.12,12.62,285.0979309082031,1.56,4.25,1.78,2.69
2019-12-02,3522.48,55.97,14.91,282.67620849609375,1.56,4.25,1.83,2.69
2019-12-03,3508.39,56.15,15.96,280.7802734375,1.55,4.25,1.72,2.7
2019-12-04,3506.67,58.46,14.8,282.51287841796875,1.55,4.25,1.77,2.7
2019-12-05,3478.57,58.42,14.52,283.02081298828125,1.55,4.25,1.8,2.7
2019-12-06,3459.97,59.2,13.62,285.6058654785156,1.55,4.25,1.84,2.7
2019-12-09,3430.31,58.99,15.86,284.7079162597656,1.55,4.25,1.83,2.7
2019-12-10,3418.48,59.22,15.68,284.39044189453125,1.55,4.25,1.85,2.7
2019-12-11,3418.61,58.74,14.99,285.19775390625,1.55,4.25,1.79,2.7
2019-12-12,3387.73,59.18,13.94,287.65582275390625,1.55,4.25,1.9,2.7
2019-12-13,3372.23,60.11,12.63,287.8282165527344,1.55,4.25,1.82,2.7
2019-12-16,3374.29,60.21,12.14,289.80560302734375,1.56,4.25,1.89,2.69
2019-12-17,3364.24,60.88,12.29,289.86907958984375,1.55,4.25,1.89,2.7
2019-12-18,3347.86,60.93,12.58,289.8872375488281,1.55,4.25,1.92,2.7
2019-12-19,3329.98,61.3,12.5,291.07550048828125,1.55,4.25,1.92,2.7
2019-12-20,3322.38,60.43,12.51,292.3515930175781,1.55,4.25,1.92,2.7
2019-12-23,3325.47,60.51,12.61,292.79827880859375,1.55,4.25,1.93,2.7
2019-12-24,3316.92,61.17,12.67,292.8073425292969,1.55,4.25,1.9,2.7
2019-12-25,3305.84,61.17,12.67,292.8073425292969,1.55,4.25,1.9,2.7
2019-12-26,3305.84,61.72,12.65,294.36602783203125,1.55,4.25,1.9,2.7
2019-12-27,3281.4,61.76,13.43,294.2931213378906,1.55,4.25,1.88,2.7
2019-12-30,3294.05,61.66,14.82,292.6706237792969,1.55,4.25,1.9,2.7
2019-12-31,3277.14,61.14,13.78,293.381591796875,1.55,4.25,1.92,2.7
2020-01-01,3277.14,61.14,13.78,293.381591796875,1.55,4.25,1.92,2.7
2020-01-02,3277.14,61.17,12.47,296.12530517578125,1.55,4.25,1.88,2.7
2020-01-03,3258.84,63.0,14.02,293.8829345703125,1.55,4.25,1.8,2.7
2020-01-06,3262.05,63.27,13.85,295.004150390625,1.55,4.25,1.81,2.7
2020-01-07,3262.05,62.7,13.79,294.1746520996094,1.55,4.25,1.83,2.7
2020-01-08,3264.26,59.65,13.45,295.742431640625,1.55,4.25,1.87,2.7
2020-01-09,3254.42,59.56,12.54,297.74786376953125,1.55,4.25,1.85,2.7
2020-01-10,3253.89,59.02,12.56,296.8909912109375,1.54,4.25,1.83,2.71
2020-01-13,3272.62,58.17,12.32,298.9328308105469,1.54,4.25,1.85,2.71
2020-01-14,3288.05,58.34,12.39,298.47705078125,1.54,4.25,1.82,2.71
2020-01-15,3278.83,57.86,12.42,299.15155029296875,1.54,4.25,1.79,2.71
2020-01-16,3296.74,58.52,12.32,301.6399841308594,1.54,4.25,1.81,2.71
2020-01-17,3313.4,58.55,12.1,302.57891845703125,1.55,4.25,1.84,2.7
2020-01-20,3320.77,58.55,12.1,302.57891845703125,1.55,4.25,1.84,2.7
2020-01-21,3320.77,58.25,12.85,301.98638916015625,1.55,4.25,1.78,2.7
2020-01-22,3347.91,56.76,12.91,302.0227966308594,1.55,4.25,1.77,2.7
2020-01-23,3337.77,55.51,12.98,302.36920166015625,1.55,4.25,1.74,2.7
2020-01-24,3353.76,54.09,14.56,299.68017578125,1.55,4.25,1.7,2.7
2020-01-27,3366.01,53.09,18.23,294.8764953613281,1.55,4.25,1.61,2.7
2020-01-28,3398.4,53.33,16.28,297.96661376953125,1.55,4.25,1.65,2.7
2020-01-29,3392.6,53.29,16.39,297.720458984375,1.55,4.25,1.6,2.7
2020-01-30,3395.1,52.19,15.49,298.6866455078125,1.6,4.25,1.57,2.65
2020-01-31,3411.45,51.58,18.84,293.2630615234375,1.59,4.25,1.51,2.66
2020-02-03,3423.24,50.06,17.97,295.441650390625,1.59,4.25,1.54,2.66
2020-02-04,3401.56,49.59,16.05,299.9444580078125,1.59,4.25,1.61,2.66
2020-02-05,3368.87,50.87,15.15,303.40838623046875,1.59,4.25,1.66,2.66
2020-02-06,3355.44,50.94,14.96,304.42926025390625,1.59,4.25,1.65,2.66
2020-02-07,3378.43,50.34,15.47,302.80682373046875,1.58,4.25,1.59,2.67
2020-02-10,3408.35,49.59,15.04,305.06732177734375,1.58,4.25,1.56,2.67
2020-02-11,3440.96,50.0,15.18,305.5959777832031,1.58,4.25,1.59,2.67
2020-02-12,3432.89,51.13,13.74,307.56488037109375,1.58,4.25,1.62,2.67
2020-02-13,3394.8,51.41,14.15,307.2366943359375,1.58,4.25,1.61,2.67
2020-02-14,3385.11,52.03,13.68,307.7288818359375,1.58,4.25,1.59,2.67
2020-02-17,3378.29,52.03,13.68,307.7288818359375,1.58,4.25,1.59,2.67
2020-02-18,3378.29,52.1,14.83,306.9360046386719,1.59,4.25,1.55,2.66
2020-02-19,3410.24,53.31,14.38,308.4034729003906,1.59,4.25,1.56,2.66
2020-02-20,3400.98,53.77,15.56,307.1365051269531,1.59,4.25,1.52,2.66
2020-02-21,3403.5,53.36,17.08,303.9735107421875,1.58,4.25,1.46,2.67
2020-02-24,3398.05,51.36,25.03,293.8921203613281,1.58,4.25,1.38,2.67
2020-02-25,3431.6,49.78,27.85,284.9864807128906,1.58,4.25,1.33,2.67
2020-02-26,3425.22,48.67,27.56,283.9382629394531,1.58,4.25,1.33,2.67
2020-02-27,3441.88,47.17,39.16,271.1861572265625,1.58,4.25,1.3,2.67
2020-02-28,3507.11,44.83,40.11,270.0467529296875,1.58,4.25,1.13,2.67
2020-03-02,3539.86,46.78,33.42,281.7414855957031,1.59,4.25,1.1,2.66
2020-03-03,3512.17,47.27,36.82,273.674560546875,1.59,4.25,1.02,2.66
2020-03-04,3455.56,46.78,31.99,285.17791748046875,1.09,4.25,1.02,3.16
2020-03-05,3458.45,45.9,39.62,275.6981506347656,1.09,4.25,0.92,3.16
2020-03-06,3522.41,41.14,41.94,271.1405334472656,1.09,4.25,0.74,3.16
2020-03-09,3584.58,31.05,54.46,249.96600341796875,1.09,4.25,0.54,3.16
2020-03-10,3803.6,34.47,47.3,262.9003601074219,1.09,4.25,0.76,3.16
2020-03-11,3780.39,33.13,53.9,250.08448791503906,1.09,4.25,0.82,3.16
2020-03-12,3835.15,31.56,75.47,226.1570587158203,1.1,4.25,0.88,3.15
2020-03-13,4034.66,31.72,57.83,245.49041748046875,1.1,4.25,0.94,3.15
2020-03-16,3941.92,28.96,82.69,218.62789916992188,0.25,4.25,0.73,4.0
2020-03-17,4099.93,26.96,75.91,230.43209838867188,0.25,4.25,1.02,4.0
2020-03-18,4044.55,20.48,76.45,218.76467895507812,0.25,4.25,1.18,4.0
2020-03-19,4128.38,25.09,72.0,219.22952270507812,0.2,4.25,1.12,4.05
2020-03-20,4153.91,19.48,66.04,209.78199768066406,0.15,4.25,0.92,4.1
2020-03-23,4079.96,23.33,61.59,204.4182586669922,0.15,4.25,0.76,4.1
2020-03-24,4079.96,21.03,61.67,222.939208984375,0.12,4.25,0.84,4.13
2020-03-25,4104.9,20.75,63.95,226.27662658691406,0.1,4.25,0.88,4.15
2020-03-26,4086.34,16.6,61.0,239.4888916015625,0.1,4.25,0.83,4.15
2020-03-27,3995.83,15.48,65.54,232.35557556152344,0.1,4.25,0.72,4.15
2020-03-30,4042.8,14.1,57.08,239.90145874023438,0.09,3.75,0.7,3.66
2020-03-31,4064.81,20.51,53.54,236.32565307617188,0.08,3.75,0.7,3.67
2020-04-01,4054.54,20.28,57.06,225.6898651123047,0.06,3.75,0.62,3.69
2020-04-02,4081.06,25.18,50.91,230.897705078125,0.05,3.75,0.63,3.7
2020-04-03,4065.5,28.36,46.8,227.56028747558594,0.05,3.75,0.62,3.7
2020-04-06,4008.78,26.21,45.24,242.8446502685547,0.05,3.75,0.67,3.7
2020-04-07,3978.38,23.54,46.7,243.09222412109375,0.05,3.75,0.75,3.7
2020-04-08,3910.15,24.97,43.35,251.2523956298828,0.05,3.75,0.77,3.7
2020-04-09,3886.79,22.9,41.67,255.0758514404297,0.05,3.75,0.73,3.7
2020-04-10,3886.79,22.9,41.67,255.0758514404297,0.05,3.75,0.73,3.7
2020-04-13,3886.79,22.36,41.17,252.74697875976562,0.05,3.75,0.76,3.7
2020-04-14,3870.31,20.15,37.76,260.2012023925781,0.05,3.75,0.76,3.7
2020-04-15,3858.21,19.96,40.84,254.67242431640625,0.05,3.75,0.63,3.7
2020-04-16,3920.83,19.82,40.11,255.9010467529297,0.05,3.75,0.61,3.7
2020-04-17,3942.92,18.31,38.15,262.8143005371094,0.05,3.75,0.65,3.7
2020-04-20,3973.06,-36.98,43.83,258.18402099609375,0.05,3.75,0.63,3.7
2020-04-21,3967.76,8.91,45.41,250.34471130371094,0.05,3.75,0.58,3.7
2020-04-22,4045.01,13.64,41.98,255.9010467529297,0.05,3.75,0.63,3.7
2020-04-23,4037.95,15.06,41.38,255.8826446533203,0.04,3.75,0.61,3.71
2020-04-24,4020.94,15.99,35.93,259.4493103027344,0.05,3.75,0.6,3.7
2020-04-27,4039.87,12.17,33.29,263.19024658203125,0.04,3.75,0.67,3.71
2020-04-28,4039.83,12.4,33.57,261.9799499511719,0.04,3.75,0.62,3.71
2020-04-29,4046.04,15.04,31.23,268.838134765625,0.04,3.75,0.63,3.71
2020-04-30,3983.29,19.23,34.15,266.3350830078125,0.05,3.75,0.64,3.7
2020-05-01,3932.72,19.72,37.19,259.2843017578125,0.05,3.75,0.64,3.7
2020-05-04,3932.72,20.47,35.97,259.99951171875,0.05,3.25,0.64,3.2
2020-05-05,3990.1,24.56,33.61,262.40167236328125,0.05,3.25,0.66,3.2
2020-05-06,3926.07,23.88,34.12,260.6229553222656,0.05,3.25,0.72,3.2
2020-05-07,3961.66,23.68,31.44,263.7678527832031,0.05,3.25,0.63,3.2
2020-05-08,3924.54,24.73,27.98,268.13226318359375,0.05,3.25,0.69,3.2
2020-05-11,3882.27,24.02,27.57,268.1872253417969,0.05,3.25,0.73,3.2
2020-05-12,3901.34,25.76,33.04,262.8417663574219,0.05,3.25,0.69,3.2
2020-05-13,3880.48,25.37,35.28,258.193115234375,0.05,3.25,0.64,3.2
2020-05-14,3901.3,27.4,32.61,261.28314208984375,0.05,3.25,0.63,3.2
2020-05-15,3947.79,29.44,31.89,262.4842834472656,0.05,3.25,0.64,3.2
2020-05-18,3926.06,31.83,29.3,270.4792785644531,0.05,3.25,0.73,3.2
2020-05-19,3851.07,32.3,30.53,267.7012939453125,0.05,3.25,0.7,3.2
2020-05-20,3824.3,33.56,27.99,272.24896240234375,0.05,3.25,0.68,3.2
2020-05-21,3804.12,34.3,29.53,270.3693542480469,0.05,3.25,0.68,3.2
2020-05-22,3774.25,33.49,28.16,270.8829040527344,0.05,3.25,0.66,3.2
2020-05-25,3782.66,33.49,28.16,270.8829040527344,0.05,3.25,0.66,3.2
2020-05-26,3782.66,34.7,28.01,274.2203063964844,0.05,3.25,0.69,3.2
2020-05-27,3725.56,32.8,27.62,278.30035400390625,0.05,3.25,0.68,3.2
2020-05-28,3743.79,33.67,28.59,277.786865234375,0.05,3.25,0.7,3.2
2020-05-29,3723.42,35.57,27.51,279.02471923828125,0.05,3.25,0.65,3.2
2020-06-01,3718.82,35.49,28.23,280.1524963378906,0.05,2.75,0.66,2.7
2020-06-02,3716.35,36.88,26.84,282.47222900390625,0.06,2.75,0.68,2.69
2020-06-03,3651.42,37.33,25.66,286.23138427734375,0.06,2.75,0.77,2.69
2020-06-04,3588.89,37.42,25.81,285.4795837402344,0.06,2.75,0.82,2.69
2020-06-05,3597.47,39.49,24.52,292.7962646484375,0.07,2.75,0.91,2.68
2020-06-08,3565.06,38.17,25.81,296.3354187011719,0.07,2.75,0.88,2.68
2020-06-09,3599.0,38.98,27.57,294.1257629394531,0.07,2.75,0.84,2.68
2020-06-10,3643.02,39.54,27.57,292.4845275878906,0.08,2.75,0.75,2.67
2020-06-11,3674.81,36.43,40.79,275.6230773925781,0.08,2.75,0.66,2.67
2020-06-12,3746.46,36.24,36.09,278.923828125,0.08,2.75,0.71,2.67
2020-06-15,3758.15,37.07,34.4,281.5278015136719,0.09,2.75,0.71,2.66
2020-06-16,3758.15,38.26,33.67,286.9465026855469,0.09,2.75,0.75,2.66
2020-06-17,3741.88,37.91,33.47,285.754638671875,0.09,2.75,0.74,2.66
2020-06-18,3749.03,38.79,32.94,285.8646240234375,0.09,2.75,0.71,2.66
2020-06-19,3760.22,39.72,35.12,284.2309875488281,0.09,2.75,0.7,2.66
2020-06-22,3733.27,40.6,31.77,286.0543212890625,0.08,2.75,0.71,2.67
2020-06-23,3733.27,40.4,31.37,287.3712463378906,0.08,2.75,0.72,2.67
2020-06-24,3706.06,37.91,33.84,280.0408020019531,0.08,2.75,0.69,2.67
2020-06-25,3722.27,38.66,32.22,283.04296875,0.08,2.75,0.68,2.67
2020-06-26,3735.93,38.53,34.73,276.3202209472656,0.08,2.75,0.64,2.67
2020-06-29,3758.91,39.67,31.78,280.3815002441406,0.08,2.75,0.64,2.67
2020-06-30,3758.91,39.27,30.43,283.97308349609375,0.08,2.75,0.66,2.67
2020-07-01,3756.28,39.88,28.62,285.9622497558594,0.08,2.5,0.69,2.42
2020-07-02,3723.67,40.57,27.68,287.53704833984375,0.09,2.5,0.68,2.41
2020-07-03,3660.18,40.57,27.68,287.53704833984375,0.09,2.5,0.68,2.41
2020-07-06,3645.9,40.51,27.94,291.9758605957031,0.09,2.5,0.69,2.41
2020-07-07,3633.32,40.59,29.43,288.96441650390625,0.09,2.5,0.65,2.41
2020-07-08,3631.54,40.91,28.08,291.174560546875,0.09,2.5,0.67,2.41
2020-07-09,3625.61,39.64,29.26,289.5169677734375,0.09,2.5,0.62,2.41
2020-07-10,3633.42,40.56,27.29,292.4731750488281,0.09,2.5,0.65,2.41
2020-07-13,3615.75,40.06,32.19,289.9405822753906,0.09,2.5,0.64,2.41
2020-07-14,3617.22,40.3,29.52,293.69793701171875,0.09,2.5,0.63,2.41
2020-07-15,3638.22,41.2,27.76,296.39617919921875,0.1,2.5,0.64,2.4
2020-07-16,3611.61,40.74,28.0,295.42010498046875,0.1,2.5,0.62,2.4
2020-07-17,3627.86,40.55,25.68,296.27642822265625,0.09,2.5,0.64,2.41
2020-07-20,3651.93,40.83,24.46,298.6708984375,0.1,2.5,0.62,2.4
2020-07-21,3651.93,41.76,24.84,299.3063659667969,0.1,2.5,0.61,2.4
2020-07-22,3628.2,41.88,24.32,301.010009765625,0.09,2.5,0.6,2.41
2020-07-23,3627.28,40.99,26.08,297.41845703125,0.09,2.5,0.59,2.41
2020-07-24,3660.15,41.23,25.84,295.50286865234375,0.09,2.5,0.59,2.41
2020-07-27,3690.8,41.46,24.74,297.6578369140625,0.1,2.5,0.62,2.4
2020-07-28,3679.17,40.89,25.44,295.77001953125,0.1,2.5,0.59,2.4
2020-07-29,3718.69,41.13,24.1,299.4076843261719,0.1,2.5,0.58,2.4
2020-07-30,3716.89,39.85,24.76,298.33929443359375,0.1,2.5,0.55,2.4
2020-07-31,3739.49,40.1,24.46,300.6968688964844,0.1,2.5,0.55,2.4
2020-08-03,3733.08,40.83,24.28,302.787353515625,0.1,2.25,0.56,2.15
2020-08-04,3768.39,41.67,23.76,303.9569091796875,0.1,2.25,0.52,2.15
2020-08-05,3792.98,42.25,22.99,305.8447570800781,0.1,2.25,0.55,2.15
2020-08-06,3775.95,41.93,22.65,307.88916015625,0.1,2.25,0.55,2.15
2020-08-07,3769.67,41.16,22.21,308.1102294921875,0.1,2.25,0.57,2.15
2020-08-10,3769.67,41.94,22.13,309.03125,0.1,2.25,0.59,2.15
2020-08-11,3770.22,41.53,24.03,306.4801940917969,0.1,2.25,0.64,2.15
2020-08-12,3749.3,42.6,22.28,310.7532653808594,0.1,2.25,0.69,2.15
2020-08-13,3755.61,42.26,22.13,310.1914978027344,0.1,2.25,0.71,2.15
2020-08-14,3767.05,42.05,22.05,310.2007141113281,0.1,2.25,0.71,2.15
2020-08-17,3783.15,42.89,21.35,311.1861267089844,0.1,2.25,0.69,2.15
2020-08-18,3783.15,42.89,21.51,311.8584289550781,0.09,2.25,0.67,2.16
2020-08-19,3784.15,42.91,22.54,310.5599060058594,0.09,2.25,0.68,2.16
2020-08-20,3766.73,42.62,22.72,311.52679443359375,0.09,2.25,0.65,2.16
2020-08-21,3792.13,42.32,22.54,312.6319274902344,0.09,2.25,0.64,2.16
2020-08-24,3827.27,42.44,22.37,315.7998962402344,0.09,2.25,0.65,2.16
2020-08-25,3843.69,43.17,22.03,316.9049377441406,0.09,2.25,0.69,2.16
2020-08-26,3867.32,43.21,23.27,320.0821228027344,0.09,2.25,0.69,2.16
2020-08-27,3846.64,42.88,24.47,320.7819519042969,0.08,2.25,0.74,2.17
2020-08-28,3820.17,42.96,22.96,322.8541564941406,0.09,2.25,0.74,2.16
2020-08-31,3760.38,42.61,26.41,321.6845703125,0.09,2.25,0.72,2.16
2020-09-01,3745.41,42.76,26.12,324.7143249511719,0.09,2.0,0.68,1.91
2020-09-02,3683.28,42.76,26.57,329.4110412597656,0.09,2.0,0.66,1.91
2020-09-03,3653.7,41.39,33.6,318.0746154785156,0.09,2.0,0.63,1.91
2020-09-04,3653.23,39.69,30.75,315.4775390625,0.09,2.0,0.72,1.91
2020-09-07,3702.62,39.69,30.75,315.4775390625,0.09,2.0,0.72,1.91
2020-09-08,3702.62,36.87,31.46,306.85784912109375,0.09,2.0,0.69,1.91
2020-09-09,3757.21,38.05,28.81,312.9174499511719,0.09,2.0,0.71,1.91
2020-09-10,3717.25,37.25,29.71,307.4840393066406,0.09,2.0,0.68,1.91
2020-09-11,3700.28,37.33,26.87,307.6405944824219,0.09,2.0,0.67,1.91
2020-09-14,3709.0,37.23,25.85,311.692626953125,0.09,2.0,0.68,1.91
2020-09-15,3697.0,38.29,25.59,313.267333984375,0.09,2.0,0.68,1.91
2020-09-16,3683.49,40.17,26.04,312.02410888671875,0.09,2.0,0.69,1.91
2020-09-17,3703.86,40.99,26.46,309.2798156738281,0.09,2.0,0.69,1.91
2020-09-18,3714.65,41.09,25.83,305.7192077636719,0.09,2.0,0.7,1.91
2020-09-21,3725.37,39.26,27.78,302.31671142578125,0.09,2.0,0.68,1.91
2020-09-22,3790.54,39.55,26.86,305.3955078125,0.09,2.0,0.68,1.91
2020-09-23,3813.3,39.92,28.58,298.3131408691406,0.09,2.0,0.68,1.91
2020-09-24,3863.6,40.11,28.51,299.1083068847656,0.09,2.0,0.67,1.91
2020-09-25,3873.8,40.06,26.38,303.9439392089844,0.09,2.0,0.66,1.91
2020-09-28,3867.81,40.47,26.19,308.9922180175781,0.09,1.75,0.67,1.66
2020-09-29,3859.9,39.03,26.27,307.3094482421875,0.09,1.75,0.66,1.66
2020-09-30,3878.94,40.05,26.37,309.6394958496094,0.09,1.75,0.69,1.66
2020-10-01,3865.47,38.51,26.7,311.6272888183594,0.09,1.75,0.68,1.66
2020-10-02,3842.34,36.9,27.63,308.66864013671875,0.09,1.75,0.7,1.66
2020-10-05,3881.8,39.12,27.96,314.1423034667969,0.09,1.75,0.78,1.66
2020-10-06,3843.75,40.52,29.48,309.6763610839844,0.09,1.75,0.76,1.66
2020-10-07,3826.77,39.82,28.06,315.0668640136719,0.09,1.75,0.81,1.66
2020-10-08,3837.79,41.04,26.36,317.8592834472656,0.09,1.75,0.78,1.66
2020-10-09,3839.73,40.44,25.0,320.6977233886719,0.09,1.75,0.79,1.66
2020-10-12,3824.25,39.22,25.07,325.85693359375,0.09,1.75,0.79,1.66
2020-10-13,3824.25,40.03,26.07,323.7304382324219,0.09,1.75,0.74,1.66
2020-10-14,3856.32,40.86,26.4,321.6962585449219,0.09,1.75,0.73,1.66
2020-10-15,3843.59,40.84,26.97,321.2987060546875,0.09,1.75,0.74,1.66
2020-10-16,3854.47,40.7,27.41,321.10455322265625,0.09,1.75,0.76,1.66
2020-10-19,3846.48,40.69,29.18,316.2226257324219,0.09,1.75,0.78,1.66
2020-10-20,3842.76,41.37,29.35,317.4893493652344,0.09,1.75,0.81,1.66
2020-10-21,3830.79,39.88,28.65,316.88836669921875,0.09,1.75,0.83,1.66
2020-10-22,3784.51,40.46,28.11,318.6265869140625,0.09,1.75,0.87,1.66
2020-10-23,3776.73,39.73,27.55,319.7083435058594,0.09,1.75,0.85,1.66
2020-10-26,3782.66,38.39,32.46,313.8002014160156,0.09,1.75,0.81,1.66
2020-10-27,3812.82,39.34,33.35,312.71844482421875,0.09,1.75,0.79,1.66
2020-10-28,3810.23,37.27,40.28,302.0299377441406,0.09,1.75,0.79,1.66
2020-10-29,3841.46,35.94,37.59,305.09967041015625,0.09,1.75,0.85,1.66
2020-10-30,3849.53,35.64,38.02,301.9190368652344,0.09,1.75,0.88,1.66
2020-11-02,3858.56,36.6,37.13,305.3031005859375,0.09,1.75,0.87,1.66
2020-11-03,3858.56,37.44,35.55,310.69354248046875,0.09,1.75,0.9,1.66
2020-11-04,3823.45,38.97,29.57,317.6372985839844,0.09,1.75,0.78,1.66
2020-11-05,3807.13,38.56,27.58,323.8320617675781,0.09,1.75,0.79,1.66
2020-11-06,3763.82,36.97,24.86,323.75811767578125,0.09,1.75,0.83,1.66
2020-11-09,3738.19,40.05,25.75,327.8263854980469,0.09,1.75,0.96,1.66
2020-11-10,3646.15,41.18,24.8,327.3456726074219,0.09,1.75,0.98,1.66
2020-11-11,3650.5,41.23,23.45,329.77728271484375,0.09,1.75,0.98,1.66
2020-11-12,3650.5,40.9,25.35,326.57818603515625,0.09,1.75,0.88,1.66
2020-11-13,3646.22,39.93,23.1,331.0994567871094,0.09,1.75,0.89,1.66
2020-11-16,3639.95,41.14,22.45,335.2323913574219,0.09,1.75,0.91,1.66
2020-11-17,3639.95,41.24,22.71,333.42938232421875,0.09,1.75,0.87,1.66
2020-11-18,3635.19,41.64,23.84,329.4166564941406,0.09,1.75,0.88,1.66
2020-11-19,3647.73,41.57,23.11,330.8036804199219,0.08,1.75,0.86,1.67
2020-11-20,3647.1,41.99,23.7,328.53826904296875,0.08,1.75,0.83,1.67
2020-11-23,3649.9,42.91,22.66,330.50775146484375,0.08,1.75,0.86,1.67
2020-11-24,3632.92,44.71,21.64,335.8333740234375,0.08,1.75,0.88,1.67
2020-11-25,3643.24,45.58,21.25,335.31561279296875,0.08,1.75,0.88,1.67
2020-11-26,3620.39,45.58,21.25,335.31561279296875,0.08,1.75,0.88,1.67
2020-11-27,3620.39,45.58,20.84,336.24957275390625,0.08,1.75,0.84,1.67
2020-11-30,3611.44,45.2,20.57,334.7608642578125,0.09,1.75,0.84,1.66
2020-12-01,3591.84,44.54,20.77,338.4223327636719,0.09,1.75,0.92,1.66
2020-12-02,3558.57,45.23,21.17,339.13421630859375,0.09,1.75,0.95,1.66
2020-12-03,3533.21,45.65,21.28,339.04180908203125,0.09,1.75,0.92,1.66
2020-12-04,3481.44,46.23,20.79,341.9635009765625,0.09,1.75,0.97,1.66
2020-12-07,3467.49,45.72,21.3,341.2608642578125,0.09,1.75,0.94,1.66
2020-12-08,3487.65,45.64,20.68,342.2593994140625,0.09,1.75,0.92,1.66
2020-12-09,3487.65,45.48,22.27,339.1897277832031,0.09,1.75,0.95,1.66
2020-12-10,3465.76,46.76,22.52,339.0787048339844,0.09,1.75,0.92,1.66
2020-12-11,3448.89,46.59,23.31,338.68115234375,0.09,1.75,0.9,1.66
2020-12-14,3433.45,47.02,24.72,337.16473388671875,0.09,1.75,0.9,1.66
2020-12-15,3426.97,47.58,22.89,341.7230529785156,0.09,1.75,0.92,1.66
2020-12-16,3422.44,47.86,22.5,342.2593994140625,0.09,1.75,0.92,1.66
2020-12-17,3416.21,48.34,21.93,344.1732177734375,0.09,1.75,0.94,1.66
2020-12-18,3410.82,49.04,21.57,342.799072265625,0.09,1.75,0.95,1.66
2020-12-21,3420.26,47.79,25.16,341.5733337402344,0.09,1.75,0.95,1.66
2020-12-22,3442.41,47.02,24.23,340.9976501464844,0.09,1.75,0.93,1.66
2020-12-23,3444.9,47.94,23.31,341.3040466308594,0.09,1.75,0.96,1.66
2020-12-24,3482.51,48.18,21.53,342.63189697265625,0.09,1.75,0.94,1.66
2020-12-25,3493.77,48.18,21.53,342.63189697265625,0.09,1.75,0.94,1.66
2020-12-28,3493.77,47.5,21.7,345.5754089355469,0.09,1.75,0.94,1.66
2020-12-29,3495.39,47.85,23.08,344.91607666015625,0.09,1.75,0.94,1.66
2020-12-30,3482.1,48.24,22.77,345.40826416015625,0.09,1.75,0.93,1.66
2020-12-31,3432.5,48.35,22.75,347.16314697265625,0.09,1.75,0.93,1.66
2021-01-01,3432.5,48.35,22.75,347.16314697265625,0.09,1.75,0.93,1.66
2021-01-04,3432.5,47.47,26.97,342.4369812011719,0.09,1.75,0.93,1.66
2021-01-05,3420.78,49.78,25.34,344.7954406738281,0.09,1.75,0.96,1.66
2021-01-06,3450.74,50.45,25.07,346.85675048828125,0.09,1.75,1.04,1.66
2021-01-07,3428.04,50.63,22.37,352.01019287109375,0.09,1.75,1.08,1.66
2021-01-08,3459.39,52.14,21.56,354.015869140625,0.09,1.75,1.13,1.66
2021-01-11,3478.11,52.15,24.08,351.62945556640625,0.09,1.75,1.15,1.66
2021-01-12,3478.11,53.08,23.33,351.70379638671875,0.09,1.75,1.15,1.66
2021-01-13,3487.65,52.81,22.21,352.65087890625,0.09,1.75,1.1,1.66
2021-01-14,3478.36,53.47,23.25,351.4158935546875,0.09,1.75,1.15,1.66
2021-01-15,3469.76,52.25,24.34,348.8531188964844,0.09,1.75,1.11,1.66
2021-01-18,3466.8,52.25,24.34,348.8531188964844,0.09,1.75,1.11,1.66
2021-01-19,3466.8,52.87,23.24,351.5923767089844,0.09,1.75,1.1,1.66
2021-01-20,3482.03,53.16,21.58,356.4578552246094,0.09,1.75,1.1,1.66
2021-01-21,3476.19,53.0,21.32,356.78289794921875,0.08,1.75,1.12,1.67
2021-01-22,3477.48,52.28,21.91,355.52001953125,0.08,1.75,1.1,1.67
2021-01-25,3525.25,52.78,23.19,356.9221496582031,0.08,1.75,1.05,1.67
2021-01-26,3582.41,52.61,23.02,356.3651123046875,0.08,1.75,1.05,1.67
2021-01-27,3591.48,52.81,37.21,347.6553039550781,0.08,1.75,1.04,1.67
2021-01-28,3636.91,52.26,30.21,350.6451721191406,0.07,1.75,1.07,1.68
2021-01-29,3585.44,52.16,33.09,343.62548828125,0.07,1.75,1.11,1.68
2021-02-01,3559.46,53.55,30.24,349.3453063964844,0.08,1.75,1.09,1.67
2021-02-02,3561.37,54.77,25.56,354.28515625,0.08,1.75,1.12,1.67
2021-02-03,3534.99,55.67,22.91,354.563720703125,0.08,1.75,1.15,1.67
2021-02-04,3522.57,56.19,21.77,358.5935974121094,0.08,1.75,1.15,1.67
2021-02-05,3558.63,56.8,20.87,360.0049133300781,0.08,1.75,1.19,1.67
2021-02-08,3543.28,57.95,21.24,362.6049499511719,0.07,1.75,1.19,1.68
2021-02-09,3554.65,58.34,21.63,362.3634033203125,0.08,1.75,1.18,1.67
2021-02-10,3583.23,58.69,21.99,362.2055358886719,0.08,1.75,1.15,1.67
2021-02-11,3557.16,58.22,21.25,362.79052734375,0.08,1.75,1.16,1.67
2021-02-12,3525.45,59.5,19.97,364.5826416015625,0.08,1.75,1.2,1.67
2021-02-15,3515.65,59.5,19.97,364.5826416015625,0.08,1.75,1.2,1.67
2021-02-16,3515.65,60.07,21.46,364.2668762207031,0.08,1.75,1.3,1.67
2021-02-17,3518.19,61.09,21.5,364.35052490234375,0.08,1.75,1.29,1.67
2021-02-18,3545.84,60.4,22.49,362.79986572265625,0.07,1.75,1.29,1.68
2021-02-19,3537.86,59.12,22.05,362.1591491699219,0.07,1.75,1.34,1.68
2021-02-22,3555.4,61.67,23.45,359.3735046386719,0.07,1.75,1.37,1.68
2021-02-23,3602.41,61.66,23.11,359.8099670410156,0.07,1.75,1.37,1.68
2021-02-24,3590.37,63.21,21.34,363.7748718261719,0.07,1.75,1.38,1.68
2021-02-25,3578.29,63.43,28.89,355.00933837890625,0.07,1.75,1.54,1.68
2021-02-26,3588.23,61.55,27.95,353.1802062988281,0.07,1.75,1.44,1.68
2021-03-01,3624.39,60.54,23.35,361.7413330078125,0.07,1.75,1.45,1.68
2021-03-02,3622.36,59.7,24.1,358.9185791015625,0.07,1.75,1.42,1.68
2021-03-03,3646.61,61.33,26.67,354.1644287109375,0.07,1.75,1.47,1.68
2021-03-04,3676.94,63.81,28.57,349.7817077636719,0.07,1.75,1.54,1.68
2021-03-05,3647.99,66.08,24.66,356.2165222167969,0.07,1.75,1.56,1.68
2021-03-08,3640.2,65.03,25.47,354.44293212890625,0.07,1.75,1.59,1.68
2021-03-09,3623.61,64.02,24.03,359.50347900390625,0.07,1.75,1.55,1.68
2021-03-10,3598.77,64.45,22.56,361.7413330078125,0.07,1.75,1.53,1.68
2021-03-11,3561.91,66.02,21.91,365.4090270996094,0.07,1.75,1.54,1.68
2021-03-12,3534.62,65.59,20.69,365.9012145996094,0.07,1.75,1.64,1.68
2021-03-15,3575.3,65.36,20.03,368.08331298828125,0.07,1.75,1.62,1.68
2021-03-16,3575.63,64.82,19.79,367.61895751953125,0.07,1.75,1.62,1.68
2021-03-17,3553.51,64.55,19.23,368.8725280761719,0.07,1.75,1.63,1.68
2021-03-18,3578.02,59.95,21.58,363.5055847167969,0.07,1.75,1.71,1.68
2021-03-19,3569.45,61.43,20.95,362.83294677734375,0.07,1.75,1.74,1.68
2021-03-22,3553.34,61.48,18.88,365.7301330566406,0.07,1.75,1.69,1.68
2021-03-23,3553.34,57.75,20.3,362.8515930175781,0.07,1.75,1.63,1.68
2021-03-24,3589.82,61.12,21.2,361.0070495605469,0.07,1.75,1.62,1.68
2021-03-25,3635.12,58.47,19.81,363.0379333496094,0.07,1.75,1.63,1.68
2021-03-26,3658.22,60.93,18.86,368.8882751464844,0.07,1.75,1.67,1.68
2021-03-29,3665.41,61.49,20.74,368.701904296875,0.07,1.75,1.73,1.68
2021-03-30,3705.85,60.55,19.61,367.7237548828125,0.07,1.75,1.73,1.68
2021-03-31,3736.91,59.19,19.4,369.21429443359375,0.06,1.75,1.74,1.69
2021-04-01,3678.62,61.41,17.33,373.2014465332031,0.07,1.75,1.69,1.68
2021-04-02,3678.62,61.41,17.33,373.2014465332031,0.07,1.75,1.72,1.68
2021-04-05,3678.62,58.73,17.91,378.5580139160156,0.07,1.75,1.73,1.68
2021-04-06,3645.79,59.34,18.12,378.33447265625,0.07,1.75,1.67,1.68
2021-04-07,3645.14,59.77,17.16,378.7723083496094,0.07,1.75,1.68,1.68
2021-04-08,3639.62,59.61,16.95,380.5703430175781,0.07,1.75,1.64,1.68
2021-04-09,3634.07,59.29,16.69,383.3370666503906,0.07,1.75,1.67,1.68
2021-04-12,3650.23,59.7,16.91,383.47686767578125,0.07,1.75,1.69,1.68
2021-04-13,3653.57,60.2,16.65,384.6133117675781,0.07,1.75,1.64,1.68
2021-04-14,3666.17,63.15,16.99,383.2998046875,0.07,1.75,1.64,1.68
2021-04-15,3665.49,63.42,16.57,387.41741943359375,0.07,1.75,1.56,1.68
2021-04-16,3620.4,63.16,16.25,388.7123107910156,0.07,1.75,1.59,1.68
2021-04-19,3595.57,63.33,17.29,386.8025817871094,0.07,1.75,1.61,1.68
2021-04-20,3606.42,62.61,18.68,383.9705505371094,0.07,1.75,1.58,1.68
2021-04-21,3636.26,61.34,17.5,387.6037902832031,0.07,1.75,1.57,1.68
2021-04-22,3639.12,61.45,18.71,384.0637512207031,0.07,1.75,1.57,1.68
2021-04-23,3630.81,62.18,17.33,388.22796630859375,0.07,1.75,1.58,1.68
2021-04-26,3640.07,62.02,17.64,389.03839111328125,0.07,1.75,1.58,1.68
2021-04-27,3659.62,63.03,17.56,388.9544677734375,0.07,1.75,1.63,1.68
2021-04-28,3717.46,63.81,17.28,388.8427429199219,0.07,1.75,1.63,1.68
2021-04-29,3699.74,65.0,17.61,391.3207702636719,0.06,1.75,1.65,1.69
2021-04-30,3712.89,63.5,18.61,388.7496032714844,0.05,1.75,1.65,1.7
2021-05-03,3740.14,64.46,18.31,389.58807373046875,0.06,1.75,1.63,1.69
2021-05-04,3816.65,65.72,19.48,387.1845397949219,0.06,1.75,1.61,1.69
2021-05-05,3831.35,65.63,19.15,387.3055725097656,0.06,1.75,1.59,1.69
2021-05-06,3846.28,64.73,18.39,390.39849853515625,0.06,1.75,1.58,1.69
2021-05-07,3800.33,64.96,16.69,393.2398376464844,0.06,1.75,1.6,1.69
2021-05-10,3765.33,64.92,19.66,389.3458251953125,0.06,1.75,1.63,1.69
2021-05-11,3714.94,65.31,21.84,385.8709716796875,0.06,1.75,1.64,1.69
2021-05-12,3703.2,65.96,27.59,377.67303466796875,0.06,1.75,1.69,1.69
2021-05-13,3734.09,63.82,23.13,382.2098693847656,0.06,1.75,1.66,1.69
2021-05-14,3728.09,65.32,18.81,388.07879638671875,0.06,1.75,1.63,1.69
2021-05-17,3682.84,66.24,19.72,387.09130859375,0.06,1.75,1.64,1.69
2021-05-18,3682.84,65.49,21.34,383.7562561035156,0.06,1.75,1.64,1.69
2021-05-19,3655.74,63.28,22.18,382.7501525878906,0.06,1.75,1.68,1.69
2021-05-20,3682.66,61.95,20.67,386.8678283691406,0.06,1.75,1.63,1.69
2021-05-21,3721.57,63.61,20.15,386.5509948730469,0.06,1.75,1.63,1.69
2021-05-24,3738.19,66.13,18.4,390.4916687011719,0.06,1.75,1.61,1.69
2021-05-25,3750.66,66.27,18.84,389.6252136230469,0.06,1.75,1.56,1.69
2021-05-26,3735.41,66.41,17.36,390.39849853515625,0.06,1.75,1.58,1.69
2021-05-27,3747.48,66.87,16.74,390.6033630371094,0.06,1.75,1.61,1.69
2021-05-28,3729.02,66.31,16.76,391.3021240234375,0.05,1.75,1.58,1.7
2021-05-31,3715.28,66.31,16.76,391.3021240234375,0.05,1.75,1.58,1.7
2021-06-01,3715.28,67.8,17.9,390.9574890136719,0.06,1.75,1.62,1.69
2021-06-02,3671.38,68.79,17.48,391.5722961425781,0.06,1.75,1.59,1.69
2021-06-03,3642.29,68.81,18.04,390.1190490722656,0.06,1.75,1.63,1.69
2021-06-04,3657.41,69.57,16.42,393.68695068359375,0.06,1.75,1.56,1.69
2021-06-07,3609.2,69.21,16.42,393.304931640625,0.06,1.75,1.57,1.69
2021-06-08,3609.2,70.11,17.07,393.3888244628906,0.06,1.75,1.53,1.69
2021-06-09,3597.18,69.9,17.89,392.8020324707031,0.06,1.75,1.5,1.69
2021-06-10,3588.41,70.34,16.1,394.6278991699219,0.06,1.75,1.45,1.69
2021-06-11,3589.86,71.0,15.65,395.2800598144531,0.06,1.75,1.47,1.69
2021-06-14,3626.02,70.94,16.39,396.1650390625,0.06,1.75,1.51,1.69
2021-06-15,3626.02,72.06,17.02,395.4383239746094,0.06,1.75,1.51,1.69
2021-06-16,3693.35,72.03,18.15,393.23046875,0.06,1.75,1.57,1.69
2021-06-17,3690.56,71.06,17.75,393.10003662109375,0.1,1.75,1.52,1.65
2021-06-18,3730.45,71.64,20.7,387.797119140625,0.1,1.75,1.45,1.65
2021-06-21,3753.77,73.64,17.89,393.3486633300781,0.1,1.75,1.5,1.65
2021-06-22,3758.08,73.15,16.66,395.4516296386719,0.1,1.75,1.48,1.65
2021-06-23,3784.45,73.11,16.32,394.9749450683594,0.1,1.75,1.5,1.65
2021-06-24,3773.11,73.31,15.97,397.3114929199219,0.1,1.75,1.49,1.65
2021-06-25,3770.35,74.21,15.62,398.7227783203125,0.1,1.75,1.54,1.65
2021-06-28,3739.03,72.98,15.76,399.5266418457031,0.1,1.75,1.49,1.65
2021-06-29,3713.17,73.14,16.02,399.7415466308594,0.1,1.75,1.49,1.65
2021-06-30,3756.67,73.52,15.83,400.0780334472656,0.08,1.75,1.45,1.67
2021-07-01,3748.5,75.33,15.48,402.2930908203125,0.1,1.75,1.48,1.65
2021-07-02,3775.53,75.37,15.07,405.3680419921875,0.1,1.75,1.44,1.65
2021-07-05,3777.17,75.37,15.07,405.3680419921875,0.1,1.75,1.44,1.65
2021-07-06,3777.17,73.62,16.44,404.62969970703125,0.1,1.75,1.37,1.65
2021-07-07,3782.27,72.22,16.2,406.0596923828125,0.1,1.75,1.33,1.65
2021-07-08,3815.22,72.98,19.0,402.7510986328125,0.1,1.75,1.3,1.65
2021-07-09,3850.46,74.56,16.18,407.05035400390625,0.1,1.75,1.37,1.65
2021-07-12,3829.46,74.21,16.17,408.5083923339844,0.1,1.75,1.38,1.65
2021-07-13,3824.08,75.24,17.12,407.1158752441406,0.1,1.75,1.42,1.65
2021-07-14,3826.85,73.06,16.33,407.7232666015625,0.1,1.75,1.37,1.65
2021-07-15,3796.07,71.67,17.01,406.3307189941406,0.1,1.75,1.31,1.65
2021-07-16,3809.07,71.76,18.45,403.1436462402344,0.1,1.75,1.31,1.65
2021-07-19,3808.46,66.45,22.5,397.1900329589844,0.1,1.75,1.19,1.65
2021-07-20,3842.97,67.32,19.73,402.8819274902344,0.1,1.75,1.23,1.65
2021-07-21,3842.97,70.26,17.91,406.1437683105469,0.1,1.75,1.3,1.65
2021-07-22,3855.68,72.15,17.69,406.9943542480469,0.1,1.75,1.27,1.65
2021-07-23,3866.86,72.24,17.2,411.18145751953125,0.1,1.75,1.3,1.65
2021-07-26,3874.44,72.15,17.58,412.19085693359375,0.1,1.75,1.29,1.65
2021-07-27,3904.17,71.68,19.36,410.3122253417969,0.1,1.75,1.25,1.65
2021-07-28,3918.49,72.37,18.31,410.1440124511719,0.1,1.75,1.26,1.65
2021-07-29,3902.18,73.62,17.7,411.84503173828125,0.1,1.75,1.28,1.65
2021-07-30,3836.95,73.93,18.24,409.84490966796875,0.07,1.75,1.24,1.68
2021-08-02,3867.88,71.31,19.46,408.9850769042969,0.1,1.75,1.2,1.65
2021-08-03,3865.46,70.64,18.04,412.31231689453125,0.1,1.75,1.19,1.65
2021-08-04,3913.59,68.19,17.97,410.2841796875,0.1,1.75,1.19,1.65
2021-08-05,3911.36,69.1,17.28,412.88250732421875,0.1,1.75,1.23,1.65
2021-08-06,3910.81,68.26,16.15,413.5647277832031,0.1,1.75,1.31,1.65
2021-08-09,3949.33,66.56,16.72,413.22833251953125,0.1,1.75,1.33,1.65
2021-08-10,3988.27,68.33,16.79,413.7424011230469,0.1,1.75,1.36,1.65
2021-08-11,3979.8,69.3,16.06,414.7704772949219,0.1,1.75,1.35,1.65
2021-08-12,3950.43,69.12,15.59,416.0134582519531,0.1,1.75,1.36,1.65
2021-08-13,3887.07,68.36,15.45,416.7705383300781,0.1,1.75,1.29,1.65
2021-08-16,3830.25,67.44,16.12,417.7519226074219,0.1,1.75,1.26,1.65
2021-08-17,3830.25,66.5,17.91,415.0134582519531,0.1,1.75,1.26,1.65
2021-08-18,3868.41,65.36,21.57,410.4711608886719,0.09,1.75,1.27,1.66
2021-08-19,3861.33,63.69,21.67,411.1065979003906,0.09,1.75,1.24,1.66
2021-08-20,3876.08,62.25,18.56,414.37786865234375,0.09,1.75,1.26,1.66
2021-08-23,3874.95,65.65,17.15,418.02294921875,0.09,1.75,1.25,1.66
2021-08-24,3867.73,67.5,17.22,418.68658447265625,0.09,1.75,1.29,1.66
2021-08-25,3861.88,68.54,16.79,419.5650634765625,0.09,1.75,1.35,1.66
2021-08-26,3865.04,67.42,18.84,417.08831787109375,0.09,1.75,1.34,1.66
2021-08-27,3870.57,68.84,16.39,420.81744384765625,0.08,1.75,1.31,1.67
2021-08-30,3834.13,69.28,16.19,422.6680603027344,0.08,1.75,1.29,1.67
2021-08-31,3806.87,68.43,16.48,422.04180908203125,0.06,1.75,1.3,1.69
2021-09-01,3774.0,68.63,16.11,422.26611328125,0.08,1.75,1.31,1.67
2021-09-02,3753.3,70.07,16.41,423.5653381347656,0.08,1.75,1.29,1.67
2021-09-03,3780.85,69.34,16.41,423.4625244140625,0.08,1.75,1.33,1.67
2021-09-06,3790.04,69.34,16.41,423.4625244140625,0.08,1.75,1.33,1.67
2021-09-07,3790.04,68.49,18.14,421.94842529296875,0.08,1.75,1.38,1.67
2021-09-08,3812.76,69.36,17.96,421.43438720703125,0.08,1.75,1.35,1.67
2021-09-09,3816.14,68.26,18.8,419.63055419921875,0.08,1.75,1.3,1.67
2021-09-10,3829.72,69.82,20.95,416.32196044921875,0.08,1.75,1.35,1.67
2021-09-13,3836.85,70.54,19.37,417.3874206542969,0.08,1.75,1.33,1.67
2021-09-14,3835.27,70.53,19.46,415.13494873046875,0.08,1.75,1.28,1.67
2021-09-15,3830.83,72.59,18.18,418.6024169921875,0.08,1.75,1.31,1.67
2021-09-16,3825.36,72.69,18.69,417.9388122558594,0.08,1.75,1.34,1.67
2021-09-17,3818.16,72.09,20.81,413.86767578125,0.08,1.75,1.37,1.67
2021-09-20,3828.18,70.41,25.71,406.966796875,0.08,1.75,1.31,1.67
2021-09-21,3851.22,70.51,24.36,406.58233642578125,0.08,1.75,1.33,1.67
2021-09-22,3843.77,72.37,20.87,410.548583984375,0.08,1.75,1.32,1.67
2021-09-23,3834.66,73.43,18.63,415.5365905761719,0.08,1.75,1.41,1.67
2021-09-24,3835.67,74.18,17.75,416.2212219238281,0.08,1.75,1.47,1.67
2021-09-27,3844.88,75.54,18.76,415.0303039550781,0.08,1.75,1.48,1.67
2021-09-28,3837.91,75.44,23.25,406.66680908203125,0.08,1.75,1.54,1.67
2021-09-29,3841.94,75.06,22.56,407.3512268066406,0.08,1.75,1.55,1.67
2021-09-30,3834.68,75.22,23.14,402.37237548828125,0.06,1.75,1.52,1.69
2021-10-01,3812.77,76.01,21.15,407.1542663574219,0.08,2.0,1.48,1.92
2021-10-04,3781.35,77.68,22.96,401.903564453125,0.08,2.0,1.49,1.92
2021-10-05,3786.05,79.17,21.3,406.08544921875,0.08,2.0,1.54,1.92
2021-10-06,3796.3,77.66,21.0,407.7730712890625,0.08,2.0,1.53,1.92
2021-10-07,3788.03,78.46,19.54,411.2985534667969,0.08,2.0,1.58,1.92
2021-10-08,3772.44,79.55,18.77,410.548583984375,0.08,2.0,1.61,1.92
2021-10-11,3765.8,80.64,20.0,407.576171875,0.08,2.0,1.61,1.92
2021-10-12,3765.8,80.75,19.85,406.57293701171875,0.08,2.0,1.59,1.92
2021-10-13,3738.48,80.67,18.64,408.03564453125,0.08,2.0,1.56,1.92
2021-10-14,3725.75,81.43,16.86,414.8990478515625,0.08,2.0,1.52,1.92
2021-10-15,3755.29,82.39,16.3,418.058837890625,0.08,2.0,1.59,1.92
2021-10-18,3772.49,82.62,16.31,419.2965393066406,0.08,2.0,1.59,1.92
2021-10-19,3772.49,83.19,15.7,422.5313720703125,0.08,2.0,1.65,1.92
2021-10-20,3766.94,84.4,15.49,424.1910095214844,0.08,2.0,1.65,1.92
2021-10-21,3770.58,82.64,15.01,425.2973327636719,0.08,2.0,1.68,1.92
2021-10-22,3783.3,84.53,15.43,424.85662841796875,0.08,2.0,1.66,1.92
2021-10-25,3780.38,84.64,15.24,427.13507080078125,0.08,2.0,1.64,1.92
2021-10-26,3769.98,85.64,15.98,427.51953125,0.08,2.0,1.63,1.92
2021-10-27,3774.46,82.66,16.98,425.62542724609375,0.08,2.0,1.54,1.92
2021-10-28,3761.21,82.78,16.53,429.73223876953125,0.08,2.0,1.57,1.92
2021-10-29,3766.1,83.5,16.26,430.6043701171875,0.07,2.0,1.55,1.93
2021-11-01,3784.44,84.08,16.41,431.34503173828125,0.08,2.0,1.58,1.92
2021-11-02,3784.44,83.91,16.03,433.0889892578125,0.08,2.5,1.56,2.42
2021-11-03,3778.69,80.82,15.1,435.7330627441406,0.08,2.5,1.6,2.42
2021-11-04,3837.84,78.88,15.44,437.7864685058594,0.08,2.5,1.53,2.42
2021-11-05,3847.4,81.25,16.48,439.3055114746094,0.08,2.5,1.45,2.42
2021-11-08,3881.76,81.96,17.22,439.6805114746094,0.08,2.5,1.51,2.42
2021-11-09,3874.41,84.12,17.78,438.2271423339844,0.08,2.5,1.46,2.42
2021-11-10,3876.86,81.23,18.73,434.7017517089844,0.08,2.5,1.56,2.42
2021-11-11,3875.38,81.47,17.66,434.8423156738281,0.08,2.5,1.56,2.42
2021-11-12,3875.38,80.87,16.29,438.1239929199219,0.08,2.5,1.58,2.42
2021-11-15,3888.53,80.85,16.49,438.2740783691406,0.08,2.5,1.63,2.42
2021-11-16,3888.53,80.76,16.37,440.0086669921875,0.08,2.5,1.63,2.42
2021-11-17,3898.84,78.32,17.11,438.93975830078125,0.08,2.5,1.6,2.42
2021-11-18,3907.95,78.92,17.59,440.4305725097656,0.08,2.5,1.59,2.42
2021-11-19,3943.43,76.11,17.91,439.6429748535156,0.08,2.5,1.54,2.42
2021-11-22,3923.53,76.74,19.17,438.40533447265625,0.08,2.5,1.63,2.42
2021-11-23,3913.26,78.32,19.38,438.98663330078125,0.08,2.5,1.67,2.42
2021-11-24,3944.37,78.32,18.58,440.1587219238281,0.08,2.5,1.64,2.42
2021-11-25,3969.49,78.32,18.58,440.1587219238281,0.08,2.5,1.64,2.42
2021-11-26,3969.49,78.32,28.62,430.3416748046875,0.08,2.5,1.48,2.42
2021-11-29,4008.13,69.88,22.96,435.62060546875,0.08,2.5,1.52,2.42
2021-11-30,4010.98,66.14,27.19,427.14447021484375,0.07,2.5,1.43,2.43
2021-12-01,4004.54,65.44,31.12,422.40008544921875,0.08,2.5,1.43,2.42
2021-12-02,3953.26,66.6,27.95,428.86962890625,0.08,2.5,1.44,2.42
2021-12-03,3945.18,66.39,30.67,425.1379089355469,0.08,2.5,1.35,2.42
2021-12-06,3948.33,69.62,27.18,430.1729431152344,0.08,2.5,1.43,2.42
2021-12-07,3944.0,71.94,21.89,439.0710754394531,0.08,2.5,1.48,2.42
2021-12-08,3906.1,72.43,19.9,440.2336730957031,0.08,2.5,1.52,2.42
2021-12-09,3906.1,70.87,21.58,437.26141357421875,0.08,2.5,1.49,2.42
2021-12-10,3899.87,71.71,18.69,441.3775939941406,0.08,2.5,1.48,2.42
2021-12-13,3887.71,71.19,20.31,437.4676208496094,0.08,2.5,1.42,2.42
2021-12-14,3886.87,70.57,21.89,434.4579162597656,0.08,2.5,1.44,2.42
2021-12-15,3936.41,70.89,19.29,441.246337890625,0.08,2.5,1.47,2.42
2021-12-16,3990.27,72.34,20.57,437.35516357421875,0.08,2.5,1.44,2.42
2021-12-17,4002.97,70.93,21.57,432.7004699707031,0.08,2.5,1.41,2.42
2021-12-20,3999.85,68.69,22.87,428.0993347167969,0.08,3.0,1.43,2.92
2021-12-21,4002.12,71.1,21.01,435.7019958496094,0.08,3.0,1.48,2.92
2021-12-22,3996.28,72.82,18.63,440.05841064453125,0.08,3.0,1.46,2.92
2021-12-23,3997.71,73.89,17.96,442.7965393066406,0.08,3.0,1.5,2.92
2021-12-24,3997.09,73.89,17.96,442.7965393066406,0.08,3.0,1.5,2.92
2021-12-27,3994.15,75.49,17.68,449.06304931640625,0.08,3.0,1.48,2.92
2021-12-28,3989.41,76.01,17.54,448.696044921875,0.08,3.0,1.49,2.92
2021-12-29,4004.0,76.58,16.95,449.27008056640625,0.08,3.0,1.55,2.92
2021-12-30,4023.68,76.83,17.33,448.02801513671875,0.08,3.0,1.52,2.92
2021-12-31,3981.16,75.33,17.22,446.89892578125,0.07,3.0,1.52,2.93
2022-01-03,3981.16,75.99,16.6,449.4864807128906,0.08,3.0,1.63,2.92
2022-01-04,4082.75,77.0,16.91,449.33587646484375,0.08,3.0,1.66,2.92
2022-01-05,4084.11,77.83,19.73,440.70770263671875,0.08,3.0,1.71,2.92
2022-01-06,4042.36,79.47,19.61,440.2936706542969,0.08,3.0,1.73,2.92
2022-01-07,4039.31,79.0,18.76,438.5529479980469,0.08,3.0,1.76,2.92
2022-01-10,4043.46,78.11,19.4,438.00726318359375,0.08,3.0,1.78,2.92
2022-01-11,4043.46,81.17,18.41,441.9967346191406,0.08,3.0,1.75,2.92
2022-01-12,4011.65,82.51,17.62,443.1916809082031,0.08,3.0,1.74,2.92
2022-01-13,3970.08,81.97,20.31,437.0850830078125,0.08,3.0,1.7,2.92
2022-01-14,3950.4,83.82,19.19,437.2638854980469,0.08,3.0,1.78,2.92
2022-01-17,3993.65,83.82,19.19,437.2638854980469,0.08,3.0,1.78,2.92
2022-01-18,3993.65,85.42,22.79,429.5201110839844,0.08,3.0,1.87,2.92
2022-01-19,4033.37,86.84,23.85,425.0602111816406,0.08,3.0,1.83,2.92
2022-01-20,4003.95,86.29,25.59,420.3556213378906,0.08,3.0,1.83,2.92
2022-01-21,3980.8,85.16,28.85,412.10369873046875,0.08,3.0,1.75,2.92
2022-01-24,3964.3,84.48,29.9,413.8538513183594,0.08,3.0,1.75,2.92
2022-01-25,3977.51,86.61,31.16,408.80108642578125,0.08,3.0,1.78,2.92
2022-01-26,3987.32,88.33,31.96,407.7755126953125,0.08,3.0,1.85,2.92
2022-01-27,3947.83,87.61,30.49,405.7619323730469,0.08,3.0,1.81,2.92
2022-01-28,3944.04,87.67,27.66,415.83917236328125,0.08,3.0,1.78,2.92
2022-01-31,3982.6,89.16,24.83,423.3289489746094,0.08,4.0,1.79,3.92
2022-02-01,3942.73,88.22,21.96,426.18927001953125,0.08,4.0,1.81,3.92
2022-02-02,3923.61,88.16,22.09,430.329345703125,0.08,4.0,1.78,3.92
2022-02-03,3928.05,90.17,24.35,420.2144775390625,0.08,4.0,1.82,3.92
2022-02-04,3951.96,92.27,23.22,422.1904296875,0.08,4.0,1.93,3.92
2022-02-07,3962.68,91.25,22.86,420.83551025390625,0.08,4.0,1.92,3.92
2022-02-08,3963.84,89.32,21.44,424.2980651855469,0.08,4.0,1.96,3.92
2022-02-09,3965.41,89.57,19.96,430.5081787109375,0.08,4.0,1.94,3.92
2022-02-10,3939.31,89.83,23.91,422.7737121582031,0.08,4.0,2.03,3.92
2022-02-11,3917.75,93.1,27.36,414.4372253417969,0.08,4.0,1.92,3.92
2022-02-14,3917.52,95.52,28.33,413.0823059082031,0.08,4.0,1.98,3.92
2022-02-15,3938.97,92.07,25.7,419.7440490722656,0.08,4.0,2.05,3.92
2022-02-16,3946.88,93.83,24.29,420.2144775390625,0.08,4.0,2.03,3.92
2022-02-17,3963.72,91.78,28.11,411.2381591796875,0.08,4.0,1.97,3.92
2022-02-18,3953.26,91.26,27.75,408.57525634765625,0.08,4.0,1.92,3.92
2022-02-21,3927.25,91.26,27.75,408.57525634765625,0.08,4.0,1.92,3.92
2022-02-22,3927.25,92.11,28.81,404.1906433105469,0.08,4.0,1.94,3.92
2022-02-23,3932.4,92.14,31.02,397.0208740234375,0.08,4.0,1.99,3.92
2022-02-24,3913.79,92.77,30.32,402.9955749511719,0.08,4.0,1.96,3.92
2022-02-25,3940.2,91.68,27.59,411.8873596191406,0.08,4.0,1.97,3.92
2022-02-28,3910.64,96.13,30.15,410.83343505859375,0.08,4.0,1.83,3.92
2022-03-01,3910.28,103.66,33.32,404.576416015625,0.08,4.0,1.72,3.92
2022-03-02,3901.62,110.74,30.74,412.01904296875,0.08,4.0,1.86,3.92
2022-03-03,3862.95,107.69,30.48,409.96783447265625,0.08,4.0,1.86,3.92
2022-03-04,3771.77,115.77,31.98,406.6369934082031,0.08,4.0,1.74,3.92
2022-03-07,3806.11,119.26,36.45,394.6497497558594,0.08,4.0,1.78,3.92
2022-03-08,3813.41,123.64,35.13,391.6575622558594,0.08,4.0,1.86,3.92
2022-03-09,3787.18,108.81,32.45,402.1582336425781,0.08,4.0,1.94,3.92
2022-03-10,3746.43,105.93,30.23,400.34222412109375,0.08,4.0,1.98,3.92
2022-03-11,3786.0,109.31,30.75,395.2518310546875,0.08,4.0,2.0,3.92
2022-03-14,3827.64,103.22,31.77,392.3633117675781,0.08,4.0,2.14,3.92
2022-03-15,3800.85,96.42,29.83,400.99151611328125,0.08,4.0,2.15,3.92
2022-03-16,3836.56,94.85,26.67,409.8831787109375,0.08,4.0,2.19,3.92
2022-03-17,3826.89,102.97,25.67,415.0111999511719,0.33,4.0,2.2,3.67
2022-03-18,3816.43,104.69,23.87,419.5567321777344,0.33,4.0,2.14,3.67
2022-03-21,3820.67,112.14,23.53,419.43402099609375,0.33,4.0,2.32,3.67
2022-03-22,3820.67,111.03,22.94,424.34197998046875,0.33,4.0,2.38,3.67
2022-03-23,3765.67,114.89,23.57,418.877197265625,0.33,4.0,2.32,3.67
2022-03-24,3756.64,114.2,21.67,425.19140625,0.33,4.0,2.34,3.67
2022-03-25,3798.9,116.2,20.81,427.26788330078125,0.33,4.0,2.48,3.67
2022-03-28,3785.66,107.55,19.63,430.3070983886719,0.33,4.0,2.46,3.67
2022-03-29,3785.7,104.25,18.9,435.6303405761719,0.33,4.0,2.41,3.67
2022-03-30,3765.96,107.81,19.33,432.9404296875,0.33,4.0,2.35,3.67
2022-03-31,3748.15,100.53,20.56,426.27685546875,0.33,4.0,2.32,3.67
2022-04-01,3756.03,99.32,19.63,427.4850158691406,0.33,5.0,2.39,4.67
2022-04-04,3774.79,103.29,18.57,431.1470642089844,0.33,5.0,2.42,4.67
2022-04-05,3706.95,101.98,21.03,425.7011413574219,0.33,5.0,2.54,4.67
2022-04-06,3723.79,96.39,22.1,421.44439697265625,0.33,5.0,2.61,4.67
2022-04-07,3746.51,96.05,21.55,423.5680236816406,0.33,5.0,2.66,4.67
2022-04-08,3771.83,98.35,21.16,422.4354248046875,0.33,5.0,2.72,4.67
2022-04-11,3777.41,94.22,24.37,415.2151184082031,0.33,5.0,2.79,4.67
2022-04-12,3744.16,100.52,24.26,413.67657470703125,0.33,5.0,2.72,4.67
2022-04-13,3736.7,104.26,21.82,418.4146728515625,0.33,5.0,2.7,4.67
2022-04-14,3737.32,106.84,22.7,413.20458984375,0.33,5.0,2.83,4.67
2022-04-15,3737.32,106.84,22.7,413.20458984375,0.33,5.0,2.83,4.67
2022-04-18,3737.32,108.24,22.17,413.3745422363281,0.33,5.0,2.85,4.67
2022-04-19,3731.31,102.54,21.37,420.0475158691406,0.33,5.0,2.93,4.67
2022-04-20,3755.85,102.56,20.32,419.736083984375,0.33,5.0,2.85,4.67
2022-04-21,3758.65,103.89,22.68,413.4595031738281,0.33,5.0,2.9,4.67
2022-04-22,3759.54,102.86,28.21,402.11456298828125,0.33,5.0,2.9,4.67
2022-04-25,3819.07,99.6,27.02,404.44580078125,0.33,5.0,2.81,4.67
2022-04-26,3931.74,102.62,33.52,392.73272705078125,0.33,5.0,2.77,4.67
2022-04-27,3947.63,101.96,31.6,393.8370056152344,0.33,5.0,2.82,4.67
2022-04-28,3967.32,105.47,29.99,403.7851257324219,0.33,5.0,2.85,4.67
2022-04-29,3984.77,104.59,33.4,388.8629150390625,0.33,5.0,2.89,4.67
2022-05-02,3966.27,105.18,32.34,391.20367431640625,0.33,6.0,2.99,5.67
2022-05-03,4004.07,102.53,29.25,392.99700927734375,0.33,6.0,2.97,5.67
2022-05-04,4016.34,107.84,25.42,404.96490478515625,0.33,6.0,2.93,5.67
2022-05-05,4056.41,108.17,31.2,390.57135009765625,0.83,6.0,3.05,5.17
2022-05-06,4086.08,109.72,30.19,388.2400817871094,0.83,6.0,3.12,5.17
2022-05-09,4053.93,103.08,34.75,375.80963134765625,0.83,6.0,3.05,5.17
2022-05-10,4085.76,99.74,32.99,376.6779479980469,0.83,6.0,2.99,5.17
2022-05-11,4086.71,105.5,32.56,370.6940002441406,0.83,6.0,2.91,5.17
2022-05-12,4080.32,106.15,31.77,370.30706787109375,0.83,6.0,2.84,5.17
2022-05-13,4109.71,110.52,28.87,379.1603088378906,0.83,6.0,2.93,5.17
2022-05-16,4110.53,114.07,27.47,377.6218566894531,0.83,6.0,2.88,5.17
2022-05-17,4070.25,112.31,26.1,385.3896484375,0.83,6.0,2.98,5.17
2022-05-18,4033.85,109.67,30.96,369.85394287109375,0.83,6.0,2.89,5.17
2022-05-19,4054.71,112.21,29.35,367.5887451171875,0.83,6.0,2.84,5.17
2022-05-20,4050.88,112.63,29.43,367.749267578125,0.83,6.0,2.78,5.17
2022-05-23,3989.84,110.32,28.48,374.6297912597656,0.83,6.0,2.86,5.17
2022-05-24,3950.35,112.55,29.45,371.7699890136719,0.83,6.0,2.76,5.17
2022-05-25,3971.28,112.88,28.37,375.0545959472656,0.83,6.0,2.75,5.17
2022-05-26,3959.05,116.19,27.5,382.54864501953125,0.83,6.0,2.75,5.17
2022-05-27,3930.89,114.96,25.72,391.93994140625,0.83,6.0,2.74,5.17
2022-05-30,3912.34,114.96,26.54,391.93994140625,0.83,6.0,2.74,5.17
2022-05-31,3912.34,114.38,26.19,389.7408142089844,0.83,6.0,2.85,5.17
2022-06-01,3776.52,115.26,25.69,386.58831787109375,0.83,6.0,2.94,5.17
2022-06-02,3791.74,116.88,24.72,393.9503173828125,0.83,6.0,2.92,5.17
2022-06-03,3784.98,118.97,24.79,387.4849853515625,0.83,6.0,2.96,5.17
2022-06-06,3771.63,118.41,25.07,388.66473388671875,0.83,6.0,3.04,5.17
2022-06-07,3799.5,119.55,24.02,392.39300537109375,0.83,6.0,2.98,5.17
2022-06-08,3790.88,121.94,23.96,388.12677001953125,0.83,6.0,3.03,5.17
2022-06-09,3782.65,121.52,26.09,378.89605712890625,0.83,6.0,3.04,5.17
2022-06-10,3833.34,120.73,27.75,367.90972900390625,0.83,6.0,3.15,5.17
2022-06-13,3912.51,120.92,34.02,353.9407958984375,0.83,6.0,3.43,5.17
2022-06-14,4016.5,118.92,32.69,352.87420654296875,0.83,6.0,3.49,5.17
2022-06-15,3979.3,115.32,29.62,357.9049377441406,0.83,6.0,3.33,5.17
2022-06-16,3923.96,117.56,32.95,346.05975341796875,1.58,6.0,3.28,4.42
2022-06-17,3912.15,109.56,31.13,346.80572509765625,1.58,6.0,3.25,4.42
2022-06-20,3905.05,109.56,31.03,346.80572509765625,1.58,6.0,3.25,4.42
2022-06-21,3905.05,110.49,30.19,355.5361022949219,1.58,6.0,3.31,4.42
2022-06-22,4026.92,106.22,28.95,354.89154052734375,1.58,6.0,3.16,4.42
2022-06-23,4026.52,105.75,29.05,358.3703918457031,1.58,6.0,3.09,4.42
2022-06-24,4068.75,109.07,27.23,369.76434326171875,1.58,6.0,3.13,4.42
2022-06-27,4129.87,111.44,26.95,368.3518981933594,1.58,6.0,3.2,4.42
2022-06-28,4129.87,113.66,28.36,360.8254699707031,1.58,6.0,3.2,4.42
2022-06-29,4089.72,111.65,28.16,360.5316467285156,1.58,6.0,3.1,4.42
2022-06-30,4127.47,107.76,28.71,357.6025695800781,1.58,6.0,2.98,4.42
2022-07-01,4151.21,110.3,26.7,361.3847351074219,1.58,7.5,2.88,5.92
2022-07-04,4198.77,110.3,27.53,361.3847351074219,1.58,7.5,2.88,5.92
2022-07-05,4198.77,101.55,27.54,362.06719970703125,1.58,7.5,2.82,5.92
2022-07-06,4259.86,100.31,26.73,363.2900695800781,1.58,7.5,2.93,5.92
2022-07-07,4348.68,104.62,26.08,368.7311096191406,1.58,7.5,3.01,5.92
2022-07-08,4369.7,106.78,24.64,368.4278564453125,1.58,7.5,3.09,5.92
2022-07-11,4388.27,106.09,26.17,364.21905517578125,1.58,7.5,2.99,5.92
2022-07-12,4513.28,97.69,27.29,360.9961242675781,1.58,7.5,2.96,5.92
2022-07-13,4627.46,98.44,26.82,359.1002197265625,1.58,7.5,2.91,5.92
2022-07-14,4558.05,97.79,26.4,358.2281494140625,1.58,7.5,2.96,5.92
2022-07-15,4519.65,99.59,24.23,365.0721740722656,1.58,7.5,2.93,5.92
2022-07-18,4395.63,104.48,25.3,362.05780029296875,1.58,7.5,2.96,5.92
2022-07-19,4315.41,106.12,24.5,371.84033203125,1.58,7.5,3.01,5.92
2022-07-20,4303.34,104.45,23.88,374.2100830078125,1.58,7.5,3.04,5.92
2022-07-21,4303.34,98.44,23.11,378.0207214355469,1.58,7.5,2.91,5.92
2022-07-22,4410.14,97.71,23.03,374.5133972167969,1.58,7.5,2.77,5.92
2022-07-25,4423.86,99.83,23.36,374.9683837890625,1.58,7.5,2.81,5.92
2022-07-26,4461.63,97.74,24.69,370.5321960449219,1.58,7.5,2.81,5.92
2022-07-27,4445.01,100.03,23.24,380.1535339355469,1.58,7.5,2.78,5.92
2022-07-28,4420.75,99.11,22.33,384.92156982421875,2.33,7.5,2.68,5.17
2022-07-29,4375.51,101.31,21.33,390.533203125,2.32,7.5,2.67,5.18
2022-08-01,4300.3,96.59,22.84,389.3768005371094,2.33,9.0,2.6,6.67
2022-08-02,4245.99,97.14,23.93,386.80792236328125,2.33,9.0,2.75,6.67
2022-08-03,4313.3,93.25,21.95,392.86517333984375,2.33,9.0,2.73,6.67
2022-08-04,4331.15,91.29,21.44,392.5997314453125,2.33,9.0,2.68,6.67
2022-08-05,4268.3,91.77,21.15,391.9361877441406,2.33,9.0,2.83,6.67
2022-08-08,4337.28,93.52,21.29,391.481201171875,2.33,9.0,2.77,6.67
2022-08-09,4307.09,93.18,21.77,389.9266052246094,2.33,9.0,2.8,6.67
2022-08-10,4309.69,94.68,19.74,398.11663818359375,2.33,9.0,2.78,6.67
2022-08-11,4273.82,97.02,20.2,398.11663818359375,2.33,9.0,2.87,6.67
2022-08-12,4231.45,94.86,19.53,404.8563232421875,2.33,9.0,2.84,6.67
2022-08-15,4185.49,92.24,19.95,406.5246887207031,2.33,9.0,2.79,6.67
2022-08-16,4185.49,89.23,19.69,407.32086181640625,2.33,9.0,2.82,6.67
2022-08-17,4218.48,90.85,19.9,404.4297790527344,2.33,9.0,2.89,6.67
2022-08-18,4316.47,93.2,19.56,405.6051940917969,2.33,9.0,2.88,6.67
2022-08-19,4413.86,93.55,20.6,400.1546630859375,2.33,9.0,2.98,6.67
2022-08-22,4400.25,93.42,23.8,391.8224792480469,2.33,9.0,3.03,6.67
2022-08-23,4399.16,96.46,24.11,390.87457275390625,2.33,9.0,3.05,6.67
2022-08-24,4374.45,95.52,22.82,392.125732421875,2.33,9.0,3.11,6.67
2022-08-25,4380.19,93.33,21.78,397.6616516113281,2.33,9.0,3.03,6.67
2022-08-26,4407.95,93.63,25.56,384.20123291015625,2.33,9.0,3.04,6.67
2022-08-29,4388.02,97.4,26.21,381.6607666015625,2.33,9.0,3.12,6.67
2022-08-30,4386.13,92.08,26.21,377.4709167480469,2.33,9.0,3.11,6.67
2022-08-31,4400.16,90.09,25.87,374.5987548828125,2.33,9.0,3.15,6.67
2022-09-01,4422.77,87.09,25.56,375.774169921875,2.33,9.0,3.26,6.67
2022-09-02,4467.03,87.29,25.47,371.81182861328125,2.33,9.0,3.2,6.67
2022-09-05,4466.73,87.29,25.99,371.81182861328125,2.33,9.0,3.2,6.67
2022-09-06,4466.73,87.35,26.91,370.408935546875,2.33,9.0,3.33,6.67
2022-09-07,4480.1,82.5,24.64,377.0633239746094,2.33,9.0,3.27,6.67
2022-09-08,4446.36,84.04,23.61,379.5279846191406,2.33,9.0,3.29,6.67
2022-09-09,4396.69,87.27,22.79,385.42401123046875,2.33,9.0,3.33,6.67
2022-09-12,4365.32,88.18,23.87,389.5663757324219,2.33,9.0,3.37,6.67
2022-09-13,4346.91,87.84,27.27,372.6270446777344,2.33,9.0,3.42,6.67
2022-09-14,4413.89,88.88,26.16,374.0489196777344,2.33,9.0,3.41,6.67
2022-09-15,4389.8,85.72,26.27,369.8022766113281,2.33,9.0,3.45,6.67
2022-09-16,4404.64,85.57,26.3,366.9810485839844,2.33,9.0,3.45,6.67
2022-09-19,4435.84,86.15,25.76,369.8269958496094,2.33,9.0,3.49,6.67
2022-09-20,4415.11,84.69,27.16,365.5819091796875,2.33,9.0,3.57,6.67
2022-09-21,4420.38,83.38,27.99,359.20477294921875,2.33,9.0,3.51,6.67
2022-09-22,4403.82,84.02,27.35,356.18756103515625,3.08,9.0,3.7,5.92
2022-09-23,4379.8,79.07,29.92,350.2197265625,3.08,9.0,3.69,5.92
2022-09-26,4426.47,77.17,32.26,346.75506591796875,3.08,9.0,3.88,5.92
2022-09-27,4496.99,78.91,32.6,345.8698425292969,3.08,9.0,3.97,5.92
2022-09-28,4556.42,82.61,30.18,352.67535400390625,3.08,9.0,3.72,5.92
2022-09-29,4486.94,81.78,31.84,345.30828857421875,3.08,9.0,3.76,5.92
2022-09-30,4532.07,79.91,31.62,339.9685974121094,3.08,10.0,3.83,6.92
2022-10-03,4590.54,84.05,30.1,348.9442138671875,3.08,10.0,3.67,6.92
2022-10-04,4545.66,86.87,29.07,359.7568664550781,3.08,10.0,3.62,6.92
2022-10-05,4484.74,88.22,28.55,358.9192810058594,3.08,10.0,3.76,6.92
2022-10-06,4548.89,88.9,30.52,355.2166748046875,3.08,10.0,3.83,6.92
2022-10-07,4627.61,93.07,31.36,345.30828857421875,3.08,10.0,3.89,6.92
2022-10-10,4605.29,91.6,32.45,342.67181396484375,3.08,10.0,3.89,6.92
2022-10-11,4605.29,89.75,33.63,340.5016784667969,3.08,10.0,3.93,6.92
2022-10-12,4611.88,87.83,33.57,339.3785400390625,3.08,10.0,3.91,6.92
2022-10-13,4611.18,89.59,31.94,348.3350830078125,3.08,10.0,3.97,6.92
2022-10-14,4619.78,86.1,32.02,340.3969421386719,3.08,10.0,4.0,6.92
2022-10-17,4636.83,86.0,31.37,349.14410400390625,3.08,10.0,4.02,6.92
2022-10-18,4636.83,83.29,30.5,353.24639892578125,3.08,10.0,4.01,6.92
2022-10-19,4744.04,86.0,30.76,350.7431640625,3.08,10.0,4.14,6.92
2022-10-20,4815.09,86.02,29.98,347.8020324707031,3.08,10.0,4.24,6.92
2022-10-21,4885.5,85.47,29.69,356.2541809082031,3.08,10.0,4.21,6.92
2022-10-24,4913.24,86.12,29.85,360.6135559082031,3.08,10.0,4.25,6.92
2022-10-25,4968.94,86.93,28.46,366.3719177246094,3.08,10.0,4.1,6.92
2022-10-26,4948.14,89.39,27.28,363.6116027832031,3.08,10.0,4.04,6.92
2022-10-27,4895.29,89.06,27.39,361.66998291015625,3.08,10.0,3.96,6.92
2022-10-28,4821.92,87.85,25.75,370.2744140625,3.08,10.0,4.02,6.92
2022-10-31,4819.42,86.54,25.88,367.5997314453125,3.08,11.0,4.1,7.92
2022-11-01,4898.74,88.36,25.81,365.9912109375,3.08,11.0,4.07,7.92
2022-11-02,4975.58,90.06,25.86,356.8062744140625,3.08,11.0,4.1,7.92
2022-11-03,5015.84,88.14,25.3,353.13226318359375,3.83,11.0,4.14,7.17
2022-11-04,5058.02,92.58,24.55,358.21490478515625,3.83,11.0,4.17,7.17
2022-11-07,5061.21,91.8,24.35,361.64141845703125,3.83,11.0,4.22,7.17
2022-11-08,5061.21,88.8,25.54,363.5926818847656,3.83,11.0,4.14,7.17
2022-11-09,5013.2,85.79,26.09,356.1018981933594,3.83,11.0,4.12,7.17
2022-11-10,4914.71,86.52,23.53,375.6711120605469,3.83,11.0,3.82,7.17
2022-11-11,4806.07,89.14,22.52,379.3070983886719,3.83,11.0,3.82,7.17
2022-11-14,4806.07,85.85,23.73,376.08038330078125,3.83,11.0,3.88,7.17
2022-11-15,4806.07,86.87,24.54,379.28802490234375,3.83,11.0,3.8,7.17
2022-11-16,4801.06,85.62,24.11,376.39453125,3.83,11.0,3.67,7.17
2022-11-17,4922.7,81.69,23.93,375.24285888671875,3.83,11.0,3.77,7.17
2022-11-18,5022.03,80.07,23.12,376.9466247558594,3.83,11.0,3.82,7.17
2022-11-21,4994.61,79.74,22.36,375.57598876953125,3.83,11.0,3.83,7.17
2022-11-22,4958.42,80.83,21.29,380.6300354003906,3.83,11.0,3.76,7.17
2022-11-23,4914.34,77.93,20.35,383.02862548828125,3.83,11.0,3.71,7.17
2022-11-24,4875.91,77.93,20.42,383.02862548828125,3.83,11.0,3.71,7.17
2022-11-25,4875.91,76.45,20.5,382.94305419921875,3.83,11.0,3.68,7.17
2022-11-28,4881.41,77.1,22.21,376.83233642578125,3.83,11.0,3.69,7.17
2022-11-29,4840.6,77.96,21.89,376.18511962890625,3.83,11.0,3.75,7.17
2022-11-30,4809.51,80.48,20.58,388.03521728515625,3.83,11.0,3.68,7.17
2022-12-01,4815.59,81.06,19.84,387.7496337890625,3.83,11.0,3.53,7.17
2022-12-02,4779.06,79.86,19.06,387.3022766113281,3.83,11.0,3.51,7.17
2022-12-05,4767.19,76.83,20.75,380.3350524902344,3.83,11.0,3.6,7.17
2022-12-06,4812.37,74.21,22.17,374.85260009765625,3.83,11.0,3.51,7.17
2022-12-07,4818.32,71.93,22.68,374.2149353027344,3.83,11.0,3.42,7.17
2022-12-08,4825.83,71.3,22.29,377.1463928222656,3.83,11.0,3.48,7.17
2022-12-09,4825.83,71.05,22.83,374.3290710449219,3.83,11.0,3.57,7.17
2022-12-12,4815.99,72.96,25.0,379.725830078125,3.83,11.0,3.61,7.17
2022-12-13,4836.24,75.44,22.55,382.6003112792969,3.83,11.0,3.51,7.17
2022-12-14,4791.57,77.14,21.14,380.1542053222656,3.83,11.0,3.49,7.17
2022-12-15,4778.28,75.89,22.83,370.8549499511719,4.33,11.0,3.44,6.67
2022-12-16,4797.02,74.19,22.62,366.47662353515625,4.33,11.0,3.48,6.67
2022-12-19,4802.48,75.05,22.42,363.3689270019531,4.33,12.0,3.57,7.67
2022-12-20,4781.28,75.92,21.48,363.8662109375,4.33,12.0,3.69,7.67
2022-12-21,4769.29,78.17,20.07,369.30694580078125,4.33,12.0,3.68,7.67
2022-12-22,4761.64,77.68,21.97,364.038330078125,4.33,12.0,3.67,7.67
2022-12-23,4760.61,79.57,20.87,366.1324157714844,4.33,12.0,3.75,7.67
2022-12-26,4745.04,79.57,20.87,366.1324157714844,4.33,12.0,3.75,7.67
2022-12-27,4745.04,79.45,21.65,364.6884765625,4.33,12.0,3.84,7.67
2022-12-28,4766.82,78.89,22.14,360.1562194824219,4.33,12.0,3.88,7.67
2022-12-29,4765.92,78.43,21.44,366.6391296386719,4.33,12.0,3.83,7.67
2022-12-30,4810.2,80.16,21.67,365.6734619140625,4.33,12.0,3.88,7.67
2023-01-02,4810.2,80.16,21.67,365.6734619140625,4.33,12.0,3.88,7.67
2023-01-03,4810.2,76.87,22.9,364.1339416503906,4.33,12.0,3.79,7.67
2023-01-04,4842.26,72.82,22.01,366.94512939453125,4.33,12.0,3.69,7.67
2023-01-05,4924.0,73.61,22.46,362.7570495605469,4.33,12.0,3.71,7.67
2023-01-06,4989.58,73.77,21.13,371.0757751464844,4.33,12.0,3.55,7.67
2023-01-09,4885.66,74.69,21.97,370.8654479980469,4.33,12.0,3.53,7.67
2023-01-10,4885.66,75.11,20.58,373.4662780761719,4.33,12.0,3.61,7.67
2023-01-11,4807.85,77.46,21.09,378.1898498535156,4.33,12.0,3.54,7.67
2023-01-12,4748.54,78.32,18.83,379.5668029785156,4.33,12.0,3.43,7.67
2023-01-13,4692.04,79.9,18.35,381.0392761230469,4.33,12.0,3.49,7.67
2023-01-16,4693.99,79.9,19.49,381.0392761230469,4.33,12.0,3.49,7.67
2023-01-17,4693.99,80.25,19.36,380.34124755859375,4.33,12.0,3.53,7.67
2023-01-18,4691.09,79.53,20.34,374.33642578125,4.33,12.0,3.37,7.67
2023-01-19,4702.67,80.31,20.52,371.611328125,4.33,12.0,3.39,7.67
2023-01-20,4683.85,81.27,19.85,378.5340576171875,4.33,12.0,3.48,7.67
2023-01-23,4631.64,81.62,19.81,383.0760192871094,4.33,12.0,3.52,7.67
2023-01-24,4551.02,79.86,19.2,382.6648254394531,4.33,12.0,3.46,7.67
2023-01-25,4545.94,79.78,19.08,382.8082275390625,4.33,12.0,3.46,7.67
2023-01-26,4538.91,80.64,18.73,387.01544189453125,4.33,12.0,3.49,7.67
2023-01-27,4531.75,79.73,18.51,387.9046936035156,4.33,12.0,3.52,7.67
2023-01-30,4548.5,77.97,19.94,383.03765869140625,4.33,12.75,3.55,8.42
2023-01-31,4632.2,78.95,19.4,388.669677734375,4.33,12.75,3.52,8.42
2023-02-01,4648.7,76.34,17.87,392.8003845214844,4.33,12.75,3.39,8.42
2023-02-02,4639.04,75.87,18.73,398.51837158203125,4.58,12.75,3.4,8.17
2023-02-03,4584.44,73.4,18.33,394.282470703125,4.58,12.75,3.53,8.17
2023-02-06,4669.74,74.11,19.43,391.8728942871094,4.58,12.75,3.63,8.17
2023-02-07,4776.25,77.17,18.66,396.9979553222656,4.58,12.75,3.67,8.17
2023-02-08,4775.99,78.47,19.63,392.65692138671875,4.58,12.75,3.63,8.17
2023-02-09,4769.85,78.04,20.71,389.25286865234375,4.57,12.75,3.67,8.18
2023-02-10,4742.05,79.74,20.53,390.16131591796875,4.58,12.75,3.74,8.17
2023-02-13,4777.73,80.14,20.34,394.74139404296875,4.58,12.75,3.72,8.17
2023-02-14,4818.62,79.08,18.91,394.5596923828125,4.58,12.75,3.77,8.17
2023-02-15,4783.24,78.57,18.23,395.8409729003906,4.58,12.75,3.81,8.17
2023-02-16,4878.24,78.45,20.17,390.3907775878906,4.58,12.75,3.86,8.17
2023-02-17,4966.33,76.31,20.02,389.4154052734375,4.58,12.75,3.82,8.17
2023-02-20,4918.94,76.31,21.23,389.4154052734375,4.58,12.75,3.82,8.17
2023-02-21,4918.94,76.28,22.87,381.6034240722656,4.58,12.75,3.95,8.17
2023-02-22,4950.33,73.95,22.29,381.0775146484375,4.58,12.75,3.93,8.17
2023-02-23,4924.91,75.26,21.14,383.10467529296875,4.58,12.75,3.88,8.17
2023-02-24,4853.9,76.19,21.67,379.0122375488281,4.58,12.75,3.95,8.17
2023-02-27,4849.65,75.57,20.95,380.3030090332031,4.57,12.75,3.92,8.18
2023-02-28,4808.14,76.88,20.7,378.8974914550781,4.57,12.75,3.92,8.18
2023-03-01,4814.11,77.57,20.58,377.4440002441406,4.58,12.75,4.01,8.17
2023-03-02,4848.78,78.05,19.59,380.3795471191406,4.57,12.75,4.08,8.18
2023-03-03,4855.83,79.62,18.49,386.4799499511719,4.57,12.75,3.97,8.18
2023-03-06,4780.89,80.39,18.61,386.7476806640625,4.57,12.75,3.98,8.18
2023-03-07,4734.42,77.45,19.59,380.8193664550781,4.57,12.75,3.97,8.18
2023-03-08,4744.95,76.56,19.11,381.44091796875,4.57,12.75,3.98,8.18
2023-03-09,4755.59,75.6,22.61,374.40338134765625,4.57,12.75,3.93,8.18
2023-03-10,4748.61,76.55,24.8,369.0009765625,4.57,12.75,3.7,8.18
2023-03-13,4748.14,74.68,26.52,368.4750061035156,4.58,12.75,3.55,8.17
2023-03-14,4769.76,71.18,23.73,374.5659484863281,4.58,12.75,3.64,8.17
2023-03-15,4736.03,67.38,26.14,372.2232360839844,4.58,12.75,3.51,8.17
2023-03-16,4835.51,68.15,22.99,378.7539978027344,4.58,12.75,3.56,8.17
2023-03-17,4866.5,66.61,25.51,374.3253479003906,4.58,12.75,3.39,8.17
2023-03-20,4824.25,67.56,24.15,377.9247131347656,4.58,12.75,3.47,8.17
2023-03-21,4824.25,69.4,21.38,382.8870544433594,4.58,12.75,3.59,8.17
2023-03-22,4804.29,70.71,22.26,376.36016845703125,4.58,12.75,3.48,8.17
2023-03-23,4776.09,69.77,22.61,377.3776550292969,4.83,12.75,3.38,7.92
2023-03-24,4755.12,69.22,21.74,379.8539733886719,4.83,12.75,3.38,7.92
2023-03-27,4741.76,72.87,20.6,380.5642395019531,4.83,12.75,3.53,7.92
2023-03-28,4686.83,73.12,19.97,379.71002197265625,4.83,12.75,3.55,7.92
2023-03-29,4658.79,72.95,19.12,385.2290344238281,4.83,12.75,3.57,7.92
2023-03-30,4627.63,74.32,19.02,387.48468017578125,4.83,12.75,3.55,7.92
2023-03-31,4627.27,75.68,18.7,392.9461364746094,4.83,13.0,3.48,8.17
2023-04-03,4646.08,80.4,18.55,394.4433898925781,4.83,13.0,3.43,8.17
2023-04-04,4603.0,80.7,19.0,392.25506591796875,4.83,13.0,3.35,8.17
2023-04-05,4587.31,80.69,19.08,391.22802734375,4.83,13.0,3.3,8.17
2023-04-06,4570.91,80.7,18.4,392.75408935546875,4.83,13.0,3.3,8.17
2023-04-07,4570.91,80.7,18.4,392.75408935546875,4.83,13.0,3.39,8.17
2023-04-10,4570.91,79.79,18.97,393.1572570800781,4.83,13.0,3.41,8.17
2023-04-11,4564.24,81.54,19.1,393.26287841796875,4.83,13.0,3.43,8.17
2023-04-12,4516.76,83.26,19.09,391.65985107421875,4.83,13.0,3.41,8.17
2023-04-13,4458.87,82.16,17.8,396.8622131347656,4.83,13.0,3.45,8.17
2023-04-14,4424.02,82.58,17.07,395.8927917480469,4.83,13.0,3.52,8.17
2023-04-17,4425.27,80.93,16.95,397.3133239746094,4.83,13.0,3.6,8.17
2023-04-18,4431.45,80.85,16.83,397.572509765625,4.83,13.0,3.58,8.17
2023-04-19,4473.07,79.18,16.46,397.5053405761719,4.83,13.0,3.6,8.17
2023-04-20,4532.43,77.27,17.17,395.33612060546875,4.83,13.0,3.54,8.17
2023-04-21,4535.78,77.86,16.77,395.6432189941406,4.83,13.0,3.57,8.17
2023-04-24,4523.64,78.64,16.89,396.0559387207031,4.83,13.0,3.52,8.17
2023-04-25,4482.45,77.05,18.76,389.76904296875,4.83,13.0,3.4,8.17
2023-04-26,4486.6,74.33,18.84,388.1181335449219,4.83,13.0,3.43,8.17
2023-04-27,4552.59,74.77,17.03,395.8448486328125,4.83,13.0,3.53,8.17
2023-04-28,4654.14,76.78,15.78,399.2234191894531,4.83,13.0,3.44,8.17
2023-05-01,4669.0,75.65,16.08,398.8202819824219,4.83,13.0,3.59,8.17
2023-05-02,4669.0,71.71,17.78,394.3378601074219,4.83,13.25,3.44,8.42
2023-05-03,4713.08,68.62,18.34,391.6311340332031,4.83,13.25,3.38,8.42
2023-05-04,4667.09,68.52,20.09,388.8572082519531,5.08,13.25,3.37,8.17
2023-05-05,4616.58,71.32,17.19,396.0559387207031,5.08,13.25,3.44,8.17
2023-05-08,4552.56,73.13,16.98,396.1615295410156,5.08,13.25,3.52,8.17
2023-05-09,4490.58,73.68,17.71,394.42425537109375,5.08,13.25,3.53,8.17
2023-05-10,4540.34,72.53,16.94,396.2671203613281,5.08,13.25,3.43,8.17
2023-05-11,4545.39,70.81,16.93,395.5760803222656,5.08,13.25,3.39,8.17
2023-05-12,4601.15,70.02,17.03,395.0577697753906,5.08,13.25,3.46,8.17
2023-05-15,4564.44,71.07,17.12,396.4207763671875,5.08,13.25,3.5,8.17
2023-05-16,4506.49,70.85,17.99,393.7716064453125,5.08,13.25,3.54,8.17
2023-05-17,4531.58,72.78,16.87,398.5515441894531,5.08,13.25,3.57,8.17
2023-05-18,4528.3,71.82,16.05,402.390869140625,5.08,13.25,3.65,8.17
2023-05-19,4521.64,71.57,16.81,401.8053894042969,5.08,13.25,3.7,8.17
2023-05-22,4528.67,71.81,17.21,401.9685974121094,5.08,13.25,3.72,8.17
2023-05-23,4528.67,72.87,18.53,397.45733642578125,5.08,13.25,3.7,8.17
2023-05-24,4501.81,74.37,20.03,394.5777893066406,5.08,13.25,3.73,8.17
2023-05-25,4448.93,71.68,19.14,397.9948425292969,5.08,13.25,3.83,8.17
2023-05-26,4470.83,72.35,17.95,403.1491394042969,5.08,13.25,3.8,8.17
2023-05-29,4461.66,72.35,17.46,403.1491394042969,5.08,13.25,3.8,8.17
2023-05-30,4461.66,69.45,17.46,403.302734375,5.08,13.25,3.69,8.17
2023-05-31,4408.65,68.11,17.94,401.0662536621094,5.08,13.25,3.64,8.17
2023-06-01,4434.09,70.09,15.65,404.8768005371094,5.08,13.25,3.61,8.17
2023-06-02,4410.49,71.76,14.6,410.7318115234375,5.08,13.25,3.69,8.17
2023-06-05,4355.8,72.14,14.73,409.9447326660156,5.08,13.25,3.69,8.17
2023-06-06,4307.02,71.71,13.96,410.8374938964844,5.08,13.25,3.7,8.17
2023-06-07,4245.0,72.52,13.94,409.4168701171875,5.08,13.25,3.79,8.17
2023-06-08,4209.14,71.28,13.65,411.89312744140625,5.08,13.25,3.73,8.17
2023-06-09,4179.98,70.16,13.83,412.6323547363281,5.08,13.25,3.75,8.17
2023-06-12,4173.66,67.08,15.01,416.37567138671875,5.08,13.25,3.73,8.17
2023-06-13,4173.66,69.39,14.61,419.1207275390625,5.08,13.25,3.84,8.17
2023-06-14,4186.3,68.22,13.88,419.6198425292969,5.08,13.25,3.83,8.17
2023-06-15,4182.33,70.61,14.5,424.8222351074219,5.07,13.25,3.72,8.18
2023-06-16,4164.66,71.81,13.54,423.3751220703125,5.08,13.25,3.77,8.17
2023-06-19,4145.72,71.81,14.19,423.3751220703125,5.08,13.25,3.77,8.17
2023-06-20,4145.72,70.94,13.88,421.1785583496094,5.07,13.25,3.74,8.18
2023-06-21,4149.18,72.55,13.2,419.0205383300781,5.07,13.25,3.72,8.18
2023-06-22,4158.21,69.22,12.91,420.5331115722656,5.07,13.25,3.8,8.18
2023-06-23,4114.39,68.91,13.44,417.3539123535156,5.07,13.25,3.74,8.18
2023-06-26,4168.88,69.09,14.25,415.648681640625,5.07,13.25,3.72,8.18
2023-06-27,4172.33,67.68,13.74,420.2055969238281,5.07,13.25,3.77,8.18
2023-06-28,4152.48,69.54,13.43,420.4175109863281,5.07,13.25,3.71,8.18
2023-06-29,4169.6,69.85,13.54,422.0744934082031,5.07,13.25,3.85,8.18
2023-06-30,4191.28,70.66,13.59,427.0553283691406,5.08,13.25,3.81,8.17
2023-07-03,4177.58,69.71,13.57,427.546630859375,5.08,13.25,3.86,8.17
2023-07-04,4177.58,69.71,13.7,427.546630859375,5.08,13.25,3.86,8.17
2023-07-05,4177.58,71.78,14.18,426.9108581542969,5.08,13.25,3.95,8.17
2023-07-06,4128.08,71.76,15.44,423.5678405761719,5.08,13.25,4.05,8.17
2023-07-07,4195.93,73.91,14.83,422.4984130859375,5.08,13.25,4.06,8.17
2023-07-10,4189.96,73.05,15.07,423.5678405761719,5.07,13.25,4.01,8.18
2023-07-11,4154.06,74.87,14.84,426.2653503417969,5.08,13.25,3.99,8.17
2023-07-12,4193.59,75.77,13.54,429.695068359375,5.08,13.25,3.86,8.17
2023-07-13,4128.67,76.86,13.61,433.1054382324219,5.08,13.25,3.76,8.17
2023-07-14,4102.13,75.44,13.34,432.8357849121094,5.08,13.25,3.83,8.17
2023-07-17,4089.3,74.17,13.48,434.3385925292969,5.08,13.25,3.81,8.17
2023-07-18,4069.39,75.76,13.3,437.5659484863281,5.08,13.25,3.8,8.17
2023-07-19,3991.15,75.4,13.76,438.5390625,5.08,13.25,3.75,8.17
2023-07-20,3980.2,75.65,13.99,435.6296081542969,5.08,13.25,3.85,8.17
2023-07-21,3980.2,77.06,13.6,435.6296081542969,5.08,13.25,3.84,8.17
2023-07-24,3971.38,78.81,13.91,437.5756530761719,5.08,13.25,3.86,8.17
2023-07-25,3950.58,79.76,13.86,438.770263671875,5.08,13.25,3.91,8.17
2023-07-26,3978.83,79.11,13.19,438.8377685546875,5.08,13.25,3.86,8.17
2023-07-27,3951.1,80.17,14.41,435.9281921386719,5.33,13.25,4.01,7.92
2023-07-28,3932.04,80.55,13.33,440.19610595703125,5.33,13.25,3.96,7.92
2023-07-31,3923.49,81.8,13.63,441.0342102050781,5.33,13.25,3.97,7.92
2023-08-01,3898.48,81.37,13.93,439.77215576171875,5.33,13.25,4.05,7.92
2023-08-02,4007.44,79.5,16.09,433.6546325683594,5.33,13.25,4.08,7.92
2023-08-03,4056.99,81.56,15.92,432.4118347167969,5.33,13.25,4.2,7.92
2023-08-04,4144.79,82.76,17.1,430.4561767578125,5.33,13.25,4.05,7.92
2023-08-07,4077.9,81.94,15.77,434.2133483886719,5.33,13.25,4.09,7.92
2023-08-08,4077.9,82.94,15.99,432.32513427734375,5.33,13.25,4.02,7.92
2023-08-09,4076.46,84.35,15.96,429.4349365234375,5.33,13.25,4.0,7.92
2023-08-10,4031.65,82.81,15.85,429.58905029296875,5.33,13.25,4.09,7.92
2023-08-11,3955.23,83.17,14.84,429.33856201171875,5.33,13.25,4.16,7.92
2023-08-14,3973.41,82.5,14.82,431.70855712890625,5.33,13.25,4.19,7.92
2023-08-15,4029.95,81.06,16.46,426.67962646484375,5.33,13.25,4.21,7.92
2023-08-16,4096.08,79.4,16.78,423.548583984375,5.33,13.25,4.28,7.92
2023-08-17,4130.33,80.43,17.89,420.3211669921875,5.33,13.25,4.3,7.92
2023-08-18,4093.96,81.25,17.3,420.5234375,5.33,13.25,4.26,7.92
2023-08-21,4124.04,80.71,17.13,423.2595520019531,5.33,13.25,4.34,7.92
2023-08-22,4124.04,80.25,16.97,422.11309814453125,5.33,13.25,4.34,7.92
2023-08-23,4120.07,78.91,15.98,426.8144836425781,5.33,13.25,4.19,7.92
2023-08-24,4085.89,79.52,17.2,420.8992004394531,5.33,13.25,4.23,7.92
2023-08-25,4076.9,80.47,15.68,423.8664855957031,5.33,13.25,4.25,7.92
2023-08-28,4117.78,80.65,15.08,426.5543518066406,5.33,13.25,4.2,7.92
2023-08-29,4111.52,81.14,14.45,432.72015380859375,5.33,13.25,4.12,7.92
2023-08-30,4110.08,81.64,13.88,434.50238037109375,5.33,13.25,4.12,7.92
2023-08-31,4085.33,83.55,13.57,433.8666076660156,5.33,13.25,4.09,7.92
2023-09-01,4099.2,85.52,13.09,434.67584228515625,5.33,13.25,4.18,7.92
2023-09-04,4063.36,85.52,13.82,434.67584228515625,5.33,13.25,4.18,7.92
2023-09-05,4063.36,86.74,14.01,432.79718017578125,5.33,13.25,4.27,7.92
2023-09-06,4089.46,87.55,14.45,429.8876953125,5.33,13.25,4.3,7.92
2023-09-07,4093.04,86.87,14.4,428.5678405761719,5.33,13.25,4.27,7.92
2023-09-08,4045.83,87.51,13.84,429.2133483886719,5.33,13.25,4.26,7.92
2023-09-11,4012.26,87.3,13.8,432.0361022949219,5.33,13.25,4.29,7.92
2023-09-12,3997.74,88.87,14.23,429.66619873046875,5.33,13.25,4.27,7.92
2023-09-13,3993.53,88.59,13.48,430.1671142578125,5.33,13.25,4.25,7.92
2023-09-14,3950.92,90.13,12.82,433.876220703125,5.33,13.25,4.29,7.92
2023-09-15,3926.59,90.83,13.79,428.64874267578125,5.33,13.25,4.33,7.92
2023-09-18,3928.28,91.47,14.0,428.9001159667969,5.33,13.25,4.32,7.92
2023-09-19,3905.95,91.16,14.11,428.0105895996094,5.33,13.25,4.37,7.92
2023-09-20,3902.54,89.2,15.14,424.0757751464844,5.33,13.25,4.35,7.92
2023-09-21,3907.21,89.56,17.54,417.0664978027344,5.33,13.25,4.49,7.92
2023-09-22,3948.25,90.0,17.2,416.12872314453125,5.33,13.25,4.44,7.92
2023-09-25,3948.7,89.68,16.9,417.87860107421875,5.33,13.25,4.55,7.92
2023-09-26,4052.54,91.43,18.94,411.7394714355469,5.33,13.25,4.56,7.92
2023-09-27,4068.73,93.67,18.22,411.90380859375,5.33,13.25,4.61,7.92
2023-09-28,4093.6,91.65,17.34,414.2917785644531,5.33,13.25,4.59,7.92
2023-09-29,4085.57,90.77,17.52,413.28631591796875,5.33,13.25,4.59,7.92
2023-10-02,4053.76,88.81,17.61,413.1219177246094,5.33,13.25,4.69,7.92
2023-10-03,4141.43,89.26,19.78,407.59185791015625,5.33,13.25,4.81,7.92
2023-10-04,4187.01,84.32,18.58,410.5599365234375,5.33,13.25,4.73,7.92
2023-10-05,4252.09,82.3,18.49,410.4052429199219,5.33,13.25,4.72,7.92
2023-10-06,4359.4,82.83,17.45,415.2779235839844,5.33,13.25,4.78,7.92
2023-10-09,4386.66,82.83,17.7,417.9366149902344,5.33,13.25,4.78,7.92
2023-10-10,4386.66,85.89,17.03,420.11187744140625,5.33,13.25,4.66,7.92
2023-10-11,4231.97,83.7,16.09,421.8327941894531,5.33,13.25,4.58,7.92
2023-10-12,4212.5,82.87,16.69,419.2611389160156,5.33,13.25,4.7,7.92
2023-10-13,4230.61,87.67,19.32,417.1728210449219,5.33,13.25,4.63,7.92
2023-10-16,4249.0,86.65,17.21,421.5621032714844,5.33,13.25,4.71,7.92
2023-10-17,4249.0,86.66,17.88,421.5427551269531,5.33,13.25,4.83,7.92
2023-10-18,4222.09,88.35,19.22,415.9256591796875,5.33,13.25,4.91,7.92
2023-10-19,4227.39,89.35,21.4,412.27117919921875,5.33,13.25,4.98,7.92
2023-10-20,4249.71,89.12,21.71,407.20513916015625,5.33,13.25,4.93,7.92
2023-10-23,4238.85,85.49,20.37,406.4993896484375,5.33,13.25,4.86,7.92
2023-10-24,4221.39,84.58,18.97,409.5641784667969,5.33,13.25,4.83,7.92
2023-10-25,4213.97,86.07,20.19,403.6860046386719,5.33,13.25,4.95,7.92
2023-10-26,4201.53,83.8,20.68,398.8520202636719,5.33,13.25,4.86,7.92
2023-10-27,4154.94,86.04,21.27,397.0441589355469,5.33,13.25,4.84,7.92
2023-10-30,4120.62,83.03,19.75,401.79107666015625,5.33,13.25,4.88,7.92
2023-10-31,4060.83,81.64,18.14,404.314453125,5.33,13.25,4.88,7.92
2023-11-01,4114.29,81.05,16.87,408.6263427734375,5.33,13.25,4.77,7.92
2023-11-02,4117.71,83.04,15.66,416.4574279785156,5.33,13.25,4.67,7.92
2023-11-03,4047.11,81.19,14.91,420.2569274902344,5.33,13.25,4.57,7.92
2023-11-06,3975.09,81.54,14.89,421.22369384765625,5.33,13.25,4.67,7.92
2023-11-07,3975.09,77.96,14.81,422.4225158691406,5.33,13.25,4.58,7.92
2023-11-08,4005.06,75.85,14.45,422.73193359375,5.33,13.25,4.49,7.92
2023-11-09,4065.79,76.34,15.29,419.4351501464844,5.33,13.25,4.62,7.92
2023-11-10,4056.94,76.34,14.17,425.9803161621094,5.33,13.25,4.61,7.92
2023-11-13,4037.19,78.86,14.76,425.57427978515625,5.33,13.25,4.63,7.92
2023-11-14,4037.19,78.9,14.16,433.83074951171875,5.33,13.25,4.44,7.92
2023-11-15,3963.57,77.15,14.18,434.7491760253906,5.33,13.25,4.53,7.92
2023-11-16,3976.84,73.5,14.32,435.28094482421875,5.33,13.25,4.45,7.92
2023-11-17,4077.44,76.47,13.8,435.8223571777344,5.33,13.25,4.44,7.92
2023-11-20,4116.59,78.1,13.41,439.1770935058594,5.33,13.25,4.42,7.92
2023-11-21,4033.83,78.35,13.35,438.2200012207031,5.33,13.25,4.41,7.92
2023-11-22,4060.15,76.8,12.85,439.9118957519531,5.33,13.25,4.42,7.92
2023-11-23,4092.33,76.8,12.8,439.9118957519531,5.33,13.25,4.42,7.92
2023-11-24,4092.33,74.83,12.46,440.1826171875,5.33,13.25,4.47,7.92
2023-11-27,4044.51,74.46,12.69,439.38983154296875,5.33,13.25,4.39,7.92
2023-11-28,3989.89,76.09,12.69,439.82489013671875,5.33,13.25,4.34,7.92
2023-11-29,3957.77,77.56,12.98,439.5154724121094,5.33,13.25,4.27,7.92
2023-11-30,3980.67,75.66,12.92,441.2461242675781,5.33,13.25,4.37,7.92
2023-12-01,4045.22,73.7,12.63,443.8564147949219,5.33,13.25,4.22,7.92
2023-12-04,3983.15,72.73,13.08,441.52642822265625,5.33,13.25,4.28,7.92
2023-12-05,3999.91,71.95,12.85,441.4394226074219,5.33,13.25,4.18,7.92
2023-12-06,4023.21,68.98,12.97,439.6605224609375,5.33,13.25,4.12,7.92
2023-12-07,3989.55,69.0,13.06,443.01531982421875,5.33,13.25,4.14,7.92
2023-12-08,3998.51,70.87,12.35,444.9198913574219,5.33,13.25,4.23,7.92
2023-12-11,3998.51,70.95,12.63,446.6504821777344,5.33,13.25,4.23,7.92
2023-12-12,3982.5,68.27,12.07,448.6903991699219,5.33,13.25,4.2,7.92
2023-12-13,3990.88,69.09,12.19,454.8778991699219,5.33,13.25,4.04,7.92
2023-12-14,3999.43,71.21,12.48,456.3377990722656,5.33,13.25,3.92,7.92
2023-12-15,3955.88,71.05,12.28,455.5863952636719,5.33,13.25,3.91,7.92
2023-12-18,3956.76,72.16,12.56,458.149169921875,5.33,13.25,3.95,7.92
2023-12-19,3932.59,73.23,12.53,460.93505859375,5.33,13.25,3.93,7.92
2023-12-20,3925.77,73.87,13.67,454.54779052734375,5.33,13.0,3.86,7.67
2023-12-21,3948.54,73.59,13.65,458.8577880859375,5.33,13.0,3.89,7.67
2023-12-22,3943.03,73.29,13.03,459.7799377441406,5.33,13.0,3.9,7.67
2023-12-25,3915.43,73.29,13.03,459.7799377441406,5.33,13.0,3.9,7.67
2023-12-26,3915.43,75.84,12.99,461.7213439941406,5.33,13.0,3.89,7.67
2023-12-27,3871.45,74.31,12.43,462.55621337890625,5.33,13.0,3.79,7.67
2023-12-28,3844.81,72.02,12.47,462.73089599609375,5.33,13.0,3.84,7.67
2023-12-29,3822.05,71.89,12.45,461.39129638671875,5.33,13.0,3.88,7.67
2024-01-01,3822.05,71.89,12.45,461.39129638671875,5.33,13.0,3.88,7.67
2024-01-02,3822.05,70.62,13.2,458.8092041015625,5.33,13.0,3.95,7.67
2024-01-03,3895.53,72.97,14.04,455.0622863769531,5.33,13.0,3.91,7.67
2024-01-04,3914.6,72.38,14.13,453.5964660644531,5.33,13.0,3.99,7.67
2024-01-05,3927.64,74.0,13.35,454.21771240234375,5.33,13.0,4.05,7.67
2024-01-08,3912.93,71.06,13.08,460.7021484375,5.33,13.0,4.01,7.67
2024-01-09,3912.93,72.43,12.76,460.0032043457031,5.33,13.0,4.02,7.67
2024-01-10,3934.13,71.57,12.69,462.60467529296875,5.33,13.0,4.04,7.67
2024-01-11,3946.39,72.15,12.44,462.4008483886719,5.33,13.0,3.98,7.67
2024-01-12,3929.79,72.94,12.7,462.7211608886719,5.33,13.0,3.96,7.67
2024-01-15,3901.38,72.94,13.25,462.7211608886719,5.33,13.0,3.96,7.67
2024-01-16,3901.38,72.63,13.84,461.0224304199219,5.33,13.0,4.07,7.67
2024-01-17,3940.85,72.79,14.79,458.4597473144531,5.33,13.0,4.1,7.67
2024-01-18,3969.5,74.32,14.13,462.5367126464844,5.33,13.0,4.14,7.67
2024-01-19,3939.89,73.69,13.3,468.3028564453125,5.33,13.0,4.15,7.67
2024-01-22,3916.39,75.26,13.19,469.29296875,5.33,13.0,4.11,7.67
2024-01-23,3904.49,74.72,12.55,470.66162109375,5.33,13.0,4.14,7.67
2024-01-24,3934.62,75.48,13.14,471.1761474609375,5.33,13.0,4.18,7.67
2024-01-25,3929.95,77.91,13.45,473.73883056640625,5.33,13.0,4.14,7.67
2024-01-26,3932.96,78.45,13.26,473.1369934082031,5.33,13.0,4.15,7.67
2024-01-29,3925.26,77.25,13.6,476.88397216796875,5.33,13.0,4.08,7.67
2024-01-30,3918.93,78.3,13.31,476.5151062011719,5.33,13.0,4.06,7.67
2024-01-31,3925.6,76.28,14.35,468.7396545410156,5.33,13.0,3.99,7.67
2024-02-01,3915.56,74.36,13.88,474.87457275390625,5.33,12.75,3.87,7.42
2024-02-02,3889.05,72.72,13.85,479.873779296875,5.33,12.75,4.03,7.42
2024-02-05,3928.11,73.21,13.67,478.1264343261719,5.33,12.75,4.17,7.42
2024-02-06,3975.74,73.83,13.06,479.5146179199219,5.33,12.75,4.09,7.42
2024-02-07,3950.57,74.26,12.83,483.5139465332031,5.33,12.75,4.09,7.42
2024-02-08,3962.23,76.67,12.79,483.7275390625,5.33,12.75,4.15,7.42
2024-02-09,3954.68,77.26,12.93,486.5232238769531,5.33,12.75,4.17,7.42
2024-02-12,3926.08,77.34,13.93,486.3096008300781,5.33,12.75,4.17,7.42
2024-02-13,3915.28,78.28,15.85,479.6116638183594,5.33,12.75,4.31,7.42
2024-02-14,3929.0,77.09,14.38,483.9702453613281,5.33,12.75,4.27,7.42
2024-02-15,3916.61,78.47,14.01,487.3094482421875,5.33,12.75,4.24,7.42
2024-02-16,3909.89,79.65,14.24,484.8826904296875,5.33,12.75,4.3,7.42
2024-02-19,3917.84,79.65,14.71,484.8826904296875,5.33,12.75,4.3,7.42
2024-02-20,3917.84,78.72,15.42,482.2131652832031,5.33,12.75,4.27,7.42
2024-02-21,3912.97,78.89,15.34,482.6500244140625,5.33,12.75,4.32,7.42
2024-02-22,3930.26,79.64,14.54,492.6387023925781,5.33,12.75,4.33,7.42
2024-02-23,3935.64,77.6,13.75,492.9784240722656,5.33,12.75,4.26,7.42
2024-02-26,3949.36,78.53,13.74,491.1728820800781,5.33,12.75,4.28,7.42
2024-02-27,3963.08,79.8,13.43,492.0853271484375,5.33,12.75,4.31,7.42
2024-02-28,3935.59,79.44,13.84,491.4350280761719,5.33,12.75,4.27,7.42
2024-02-29,3933.56,79.22,13.4,493.2016906738281,5.33,12.75,4.25,7.42
2024-03-01,3931.31,80.9,13.11,497.83197021484375,5.33,12.75,4.19,7.42
2024-03-04,3934.82,79.67,13.49,497.298095703125,5.33,12.75,4.22,7.42
2024-03-05,3948.67,79.11,14.46,492.3279724121094,5.33,12.75,4.13,7.42
2024-03-06,3945.32,80.08,14.5,494.82275390625,5.33,12.75,4.11,7.42
2024-03-07,3932.55,79.81,14.44,499.7346496582031,5.33,12.75,4.09,7.42
2024-03-08,3920.79,78.96,14.74,496.735107421875,5.33,12.75,4.09,7.42
2024-03-11,3905.45,78.87,15.22,496.3080139160156,5.33,12.75,4.1,7.42
2024-03-12,3907.81,78.51,13.84,501.6470031738281,5.33,12.75,4.16,7.42
2024-03-13,3919.86,80.67,13.75,500.860595703125,5.33,12.75,4.19,7.42
2024-03-14,3908.02,82.16,14.4,499.87054443359375,5.33,12.75,4.29,7.42
2024-03-15,3899.39,81.94,14.41,496.4381103515625,5.33,12.75,4.31,7.42
2024-03-18,3884.64,83.68,14.33,499.3885192871094,5.33,12.75,4.34,7.42
2024-03-19,3880.59,84.39,13.82,502.1636657714844,5.33,12.75,4.3,7.42
2024-03-20,3894.37,82.79,13.04,506.808349609375,5.33,12.75,4.27,7.42
2024-03-21,3886.94,81.99,12.92,508.4832458496094,5.33,12.75,4.27,7.42
2024-03-22,3888.02,81.1,13.06,507.51922607421875,5.33,12.75,4.22,7.42
2024-03-25,3901.51,82.41,13.19,506.1170349121094,5.33,12.75,4.25,7.42
2024-03-26,3901.51,82.41,13.24,505.1822204589844,5.33,12.25,4.24,6.92
2024-03-27,3865.97,82.15,12.78,509.427734375,5.33,12.25,4.2,6.92
2024-03-28,3842.3,83.96,13.01,509.3302917480469,5.33,12.25,4.2,6.92
2024-03-29,3842.3,83.96,13.01,509.3302917480469,5.33,12.25,4.2,6.92
2024-04-01,3842.3,84.54,13.65,508.4443054199219,5.33,12.25,4.33,6.92
2024-04-02,3863.05,85.95,14.61,505.21148681640625,5.33,12.25,4.36,6.92
2024-04-03,3845.22,86.22,14.33,505.7665100097656,5.33,12.25,4.36,6.92
2024-04-04,3812.13,87.37,16.35,499.593017578125,5.33,12.25,4.31,6.92
2024-04-05,3775.37,87.69,16.03,504.8122253417969,5.33,12.25,4.39,6.92
2024-04-08,3764.23,87.24,15.19,505.0946044921875,5.33,12.25,4.42,6.92
2024-04-09,3768.8,86.04,14.98,505.6789245605469,5.33,12.25,4.36,6.92
2024-04-10,3763.43,86.98,15.8,500.6154479980469,5.33,12.25,4.55,6.92
2024-04-11,3815.44,85.79,14.91,504.3935241699219,5.33,12.25,4.56,6.92
2024-04-12,3820.1,86.46,17.31,497.43133544921875,5.33,12.25,4.5,6.92
2024-04-15,3864.97,86.21,19.23,491.1994934082031,5.33,12.25,4.63,6.92
2024-04-16,3889.58,86.15,18.4,490.30364990234375,5.33,12.25,4.67,6.92
2024-04-17,3938.11,83.58,18.21,487.40191650390625,5.33,12.25,4.59,6.92
2024-04-18,3901.94,83.5,18.0,486.3989562988281,5.33,12.25,4.64,6.92
2024-04-19,3918.23,83.79,18.71,482.15350341796875,5.33,12.25,4.62,6.92
2024-04-22,3937.13,83.82,16.94,486.5937194824219,5.33,12.25,4.62,6.92
2024-04-23,3924.82,84.17,15.69,492.367919921875,5.33,12.25,4.61,6.92
2024-04-24,3910.01,84.09,15.97,492.1342468261719,5.33,12.25,4.65,6.92
2024-04-25,3935.65,84.92,15.37,490.2646789550781,5.33,12.25,4.7,6.92
2024-04-26,3964.59,85.38,15.03,494.90936279296875,5.33,12.25,4.67,6.92
2024-04-29,3926.02,84.26,14.67,496.6620788574219,5.33,12.25,4.63,6.92
2024-04-30,3873.44,83.49,15.65,488.79437255859375,5.33,12.25,4.69,6.92
2024-05-01,3899.07,80.7,15.39,487.2071533203125,5.33,12.25,4.63,6.92
2024-05-02,3899.07,80.59,14.68,491.7641906738281,5.33,11.75,4.58,6.42
2024-05-03,3898.62,79.65,13.49,497.8598327636719,5.33,11.75,4.5,6.42
2024-05-06,3895.41,80.1,13.49,503.0010986328125,5.33,11.75,4.49,6.42
2024-05-07,3894.23,79.97,13.23,503.5561218261719,5.33,11.75,4.47,6.42
2024-05-08,3884.84,80.57,13.0,503.6047668457031,5.33,11.75,4.48,6.42
2024-05-09,3902.63,80.86,12.69,506.5065002441406,5.33,11.75,4.45,6.42
2024-05-10,3900.38,79.81,12.55,507.15899658203125,5.33,11.75,4.5,6.42
2024-05-13,3888.21,80.71,13.6,507.2270202636719,5.33,11.75,4.48,6.42
2024-05-14,3888.21,79.62,13.42,509.5543212890625,5.33,11.75,4.45,6.42
2024-05-15,3861.82,80.23,12.45,515.8641357421875,5.33,11.75,4.36,6.42
2024-05-16,3825.42,80.85,12.42,514.802734375,5.33,11.75,4.38,6.42
2024-05-17,3828.98,81.66,11.99,515.5428466796875,5.33,11.75,4.42,6.42
2024-05-20,3832.26,81.39,12.15,516.1368408203125,5.33,11.75,4.44,6.42
2024-05-21,3822.39,80.66,11.86,517.402587890625,5.33,11.75,4.41,6.42
2024-05-22,3814.94,79.15,12.29,515.912841796875,5.33,11.75,4.43,6.42
2024-05-23,3829.59,77.47,12.77,512.1444702148438,5.33,11.75,4.47,6.42
2024-05-24,3837.58,78.48,11.93,515.532958984375,5.33,11.75,4.46,6.42
2024-05-27,3878.07,78.48,12.36,515.532958984375,5.33,11.75,4.46,6.42
2024-05-28,3878.07,80.9,12.92,515.8932495117188,5.33,11.75,4.54,6.42
2024-05-29,3853.09,80.24,14.28,512.2807006835938,5.33,11.75,4.61,6.42
2024-05-30,3867.02,78.96,14.47,508.88238525390625,5.33,11.75,4.55,6.42
2024-05-31,3874.32,77.97,12.92,513.5174560546875,5.33,11.75,4.51,6.42
2024-06-03,3860.92,75.26,13.11,513.9360961914062,5.33,11.75,4.41,6.42
2024-06-04,3860.92,74.27,13.16,514.5105590820312,5.33,11.75,4.33,6.42
2024-06-05,3909.65,75.08,12.63,520.6255493164062,5.33,11.75,4.29,6.42
2024-06-06,3927.91,76.52,12.58,520.615966796875,5.33,11.75,4.28,6.42
2024-06-07,3938.53,76.53,12.22,519.9830322265625,5.33,11.75,4.43,6.42
2024-06-10,3944.14,78.75,12.74,521.5895385742188,5.33,11.75,4.47,6.42
2024-06-11,3944.14,78.88,12.85,522.8458251953125,5.33,11.75,4.39,6.42
2024-06-12,3960.83,79.56,12.04,527.1399536132812,5.33,11.75,4.31,6.42
2024-06-13,4023.26,79.61,11.94,528.201416015625,5.33,11.75,4.24,6.42
2024-06-14,4107.52,79.41,12.66,528.522705078125,5.33,11.75,4.2,6.42
2024-06-17,4151.55,81.33,12.75,532.7291870117188,5.33,11.75,4.28,6.42
2024-06-18,4144.63,82.67,12.3,534.0826416015625,5.33,11.75,4.22,6.42
2024-06-19,4101.87,82.67,12.48,534.0826416015625,5.33,11.75,4.22,6.42
2024-06-20,4101.87,83.34,13.28,532.6318359375,5.33,11.75,4.25,6.42
2024-06-21,4175.96,81.71,13.2,531.9176635742188,5.33,11.75,4.25,6.42
2024-06-24,4143.72,82.63,13.33,530.1885986328125,5.33,11.75,4.25,6.42
2024-06-25,4104.38,81.97,12.84,532.2303466796875,5.33,11.75,4.23,6.42
2024-06-26,4093.66,82.19,12.55,532.89453125,5.33,11.75,4.32,6.42
2024-06-27,4133.61,83.04,12.24,533.734619140625,5.33,11.75,4.29,6.42
2024-06-28,4158.1,82.83,12.44,531.6343994140625,5.33,11.75,4.36,6.42
2024-07-01,4148.04,84.7,12.22,532.7285766601562,5.33,11.75,4.48,6.42
2024-07-02,4148.04,84.09,12.03,536.3135986328125,5.33,11.25,4.43,5.92
2024-07-03,4130.03,85.19,12.09,538.70703125,5.33,11.25,4.36,5.92
2024-07-04,4096.09,85.19,12.26,538.70703125,5.33,11.25,4.36,5.92
2024-07-05,4096.09,84.44,12.48,541.8134155273438,5.33,11.25,4.28,5.92
2024-07-08,4093.72,83.63,12.37,542.4385986328125,5.33,11.25,4.28,5.92
2024-07-09,4052.99,82.78,12.51,542.9661254882812,5.33,11.25,4.3,5.92
2024-07-10,4022.05,83.39,12.85,548.3389282226562,5.33,11.25,4.28,5.92
2024-07-11,3979.91,83.92,12.92,543.61083984375,5.33,11.25,4.2,5.92
2024-07-12,3968.87,83.49,12.46,547.0397338867188,5.33,11.25,4.18,5.92
2024-07-15,3944.97,83.22,13.12,548.5441284179688,5.33,11.25,4.23,5.92
2024-07-16,3948.41,81.92,13.19,551.7969970703125,5.33,11.25,4.17,5.92
2024-07-17,3977.63,84.16,14.48,544.0601806640625,5.33,11.25,4.16,5.92
2024-07-18,4011.19,84.17,15.93,539.8792114257812,5.33,11.25,4.2,5.92
2024-07-19,4036.73,81.43,16.52,536.2940673828125,5.33,11.25,4.25,5.92
2024-07-22,4040.2,81.25,14.91,541.8231811523438,5.33,11.25,4.26,5.92
2024-07-23,4006.01,78.24,14.72,540.973388671875,5.33,11.25,4.25,5.92
2024-07-24,4010.53,78.78,18.04,528.7135009765625,5.33,11.25,4.28,5.92
2024-07-25,4047.66,79.43,18.46,525.958740234375,5.33,11.25,4.27,5.92
2024-07-26,4035.0,78.58,16.39,531.8492431640625,5.33,11.25,4.2,5.92
2024-07-29,4014.56,77.27,16.6,532.161865234375,5.33,11.25,4.17,5.92
2024-07-30,4059.91,76.17,17.69,529.4657592773438,5.33,11.25,4.15,5.92
2024-07-31,4089.05,79.36,16.36,538.0719604492188,5.33,11.25,4.09,5.92
2024-08-01,4060.34,77.74,18.59,530.452392578125,5.33,10.75,3.99,5.42
2024-08-02,4057.14,74.99,23.39,520.5762329101562,5.33,10.75,3.8,5.42
2024-08-05,4110.37,74.46,38.57,505.4150695800781,5.33,10.75,3.78,5.42
2024-08-06,4184.3,74.6,27.71,510.0748596191406,5.33,10.75,3.9,5.42
2024-08-07,4136.27,76.68,27.85,506.66546630859375,5.33,10.75,3.96,5.42
2024-08-08,4136.27,77.64,23.79,518.378173828125,5.33,10.75,3.99,5.42
2024-08-09,4100.79,78.28,20.37,520.6640014648438,5.33,10.75,3.94,5.42
2024-08-12,4064.51,81.45,20.71,520.9376831054688,5.33,10.75,3.9,5.42
2024-08-13,4063.26,79.81,18.12,529.5047607421875,5.33,10.75,3.85,5.42
2024-08-14,4038.87,78.47,16.19,531.1751708984375,5.33,10.75,3.83,5.42
2024-08-15,4021.1,79.66,15.23,540.27978515625,5.33,10.75,3.92,5.42
2024-08-16,4014.18,78.05,14.8,541.490966796875,5.33,10.75,3.89,5.42
2024-08-19,4021.63,75.82,14.65,546.66845703125,5.33,10.75,3.86,5.42
2024-08-20,4021.63,75.27,15.88,545.779541015625,5.33,10.75,3.82,5.42
2024-08-21,4011.37,72.76,16.27,547.6551513671875,5.33,10.75,3.79,5.42
2024-08-22,4013.98,73.72,17.55,543.3568725585938,5.33,10.75,3.86,5.42
2024-08-23,4064.03,75.82,15.86,549.1302490234375,5.33,10.75,3.81,5.42
2024-08-26,4030.52,78.4,16.15,547.8211669921875,5.33,10.75,3.82,5.42
2024-08-27,4023.92,76.5,15.43,548.5734252929688,5.33,10.75,3.83,5.42
2024-08-28,4045.64,75.49,17.11,545.3887939453125,5.33,10.75,3.84,5.42
2024-08-29,4065.34,76.9,15.65,545.4375,5.33,10.75,3.87,5.42
2024-08-30,4132.11,74.52,15.0,550.6443481445312,5.33,10.75,3.91,5.42
2024-09-02,4160.31,74.52,15.55,550.6443481445312,5.33,10.75,3.91,5.42
2024-09-03,4160.31,71.28,20.72,539.3126831054688,5.33,10.75,3.84,5.42
2024-09-04,4185.8,70.11,21.32,538.208740234375,5.33,10.75,3.77,5.42
2024-09-05,4185.82,70.09,19.9,536.899658203125,5.33,10.75,3.73,5.42
2024-09-06,4172.5,68.58,22.38,527.8636474609375,5.33,10.75,3.72,5.42
2024-09-09,4149.79,69.65,19.45,533.7738037109375,5.33,10.75,3.7,5.42
2024-09-10,4220.68,66.73,19.08,536.0987548828125,5.33,10.75,3.65,5.42
2024-09-11,4285.61,68.25,17.69,541.5984497070312,5.33,10.75,3.65,5.42
2024-09-12,4278.28,69.89,17.07,546.1604614257812,5.33,10.75,3.68,5.42
2024-09-13,4236.63,69.59,16.56,549.012939453125,5.33,10.75,3.66,5.42
2024-09-16,4172.13,71.1,17.14,549.8237915039062,5.33,10.75,3.63,5.42
2024-09-17,4220.58,72.16,17.61,550.0484619140625,5.33,10.75,3.65,5.42
2024-09-18,4239.33,71.87,18.23,548.4171752929688,5.33,10.75,3.7,5.42
2024-09-19,4189.46,72.86,16.33,557.775634765625,4.83,10.75,3.73,5.92
2024-09-20,4175.1,72.72,16.15,556.811279296875,4.83,10.75,3.73,5.92
2024-09-23,4156.89,71.33,15.89,558.2026977539062,4.83,10.75,3.75,5.92
2024-09-24,4155.31,72.34,15.39,559.7999267578125,4.83,10.75,3.74,5.92
2024-09-25,4139.43,70.42,15.41,558.5652465820312,4.83,10.75,3.79,5.92
2024-09-26,4192.74,68.28,15.37,560.7798461914062,4.83,10.75,3.79,5.92
2024-09-27,4188.11,68.72,16.96,559.966552734375,4.83,10.75,3.75,5.92
2024-09-30,4164.21,68.75,16.73,562.2105102539062,4.83,10.75,3.81,5.92
2024-10-01,4178.3,70.41,19.26,557.1738891601562,4.83,10.25,3.74,5.42
2024-10-02,4224.21,70.74,18.9,557.4090576171875,4.83,10.25,3.79,5.42
2024-10-03,4203.43,74.33,20.49,556.3900146484375,4.83,10.25,3.85,5.42
2024-10-04,4197.73,74.93,19.21,561.4461669921875,4.83,10.25,3.98,5.42
2024-10-07,4173.66,77.76,22.64,556.3704223632812,4.83,10.25,4.03,5.42
2024-10-08,4194.97,74.26,21.42,561.6322631835938,4.83,10.25,4.04,5.42
2024-10-09,4233.54,73.85,20.86,565.5224609375,4.83,10.25,4.06,5.42
2024-10-10,4233.17,76.46,20.93,564.5326538085938,4.83,10.25,4.09,5.42
2024-10-11,4217.4,76.11,20.46,567.9132690429688,4.83,10.25,4.08,5.42
2024-10-14,4192.56,76.11,19.7,572.5579223632812,4.83,10.25,4.08,5.42
2024-10-15,4192.56,71.22,20.64,568.1092529296875,4.83,10.25,4.03,5.42
2024-10-16,4244.84,70.97,19.58,570.5784912109375,4.83,10.25,4.02,5.42
2024-10-17,4266.2,71.26,19.11,570.6275024414062,4.83,10.25,4.09,5.42
2024-10-18,4263.17,69.78,18.03,572.822509765625,4.83,10.25,4.08,5.42
2024-10-21,4252.15,71.16,18.37,571.8817749023438,4.83,10.25,4.19,5.42
2024-10-22,4286.96,72.84,18.2,571.5779418945312,4.83,10.25,4.2,5.42
2024-10-23,4262.3,71.37,19.24,566.3552856445312,4.83,10.25,4.24,5.42
2024-10-24,4293.91,70.58,19.08,567.5802001953125,4.83,10.25,4.21,5.42
2024-10-25,4311.83,72.02,20.33,567.384033203125,4.83,10.25,4.25,5.42
2024-10-28,4316.73,67.65,19.8,569.1381225585938,4.83,10.25,4.28,5.42
2024-10-29,4342.9,67.48,19.34,570.0592041015625,4.83,10.25,4.28,5.42
2024-10-30,4367.39,68.91,20.35,568.3345947265625,4.83,10.25,4.29,5.42
2024-10-31,4413.46,69.58,23.16,557.1934814453125,4.83,10.25,4.28,5.42
2024-11-01,4409.57,69.81,21.88,559.5452270507812,4.83,9.75,4.37,4.92
2024-11-04,4414.0,71.83,21.98,558.3399047851562,4.83,9.75,4.31,4.92
2024-11-05,4414.0,72.26,20.49,565.0911865234375,4.83,9.75,4.26,4.92
2024-11-06,4421.86,71.98,16.27,579.1426391601562,4.83,9.75,4.42,4.92
2024-11-07,4430.4,72.69,15.2,583.6206665039062,4.83,9.75,4.31,4.92
2024-11-08,4344.55,70.69,14.94,586.1486206054688,4.58,9.75,4.3,5.17
2024-11-11,4346.7,70.69,14.97,586.7072143554688,4.58,9.75,4.3,5.17
2024-11-12,4346.7,68.43,14.71,584.8846435546875,4.58,9.75,4.43,5.17
2024-11-13,4413.79,68.76,14.02,585.1687622070312,4.58,9.75,4.44,5.17
2024-11-14,4478.21,68.99,14.31,581.406005859375,4.58,9.75,4.43,5.17
2024-11-15,4475.57,67.33,16.14,573.9590454101562,4.58,9.75,4.43,5.17
2024-11-18,4454.68,69.46,15.58,576.310791015625,4.58,9.75,4.42,5.17
2024-11-19,4400.69,69.75,16.35,578.4174194335938,4.58,9.75,4.39,5.17
2024-11-20,4401.34,69.25,17.16,578.6134033203125,4.58,9.75,4.41,5.17
2024-11-21,4414.06,70.39,16.87,581.7196655273438,4.58,9.75,4.43,5.17
2024-11-22,4387.09,71.68,15.24,583.5225830078125,4.58,9.75,4.41,5.17
2024-11-25,4418.58,69.41,14.6,585.5020141601562,4.58,9.75,4.27,5.17
2024-11-26,4381.99,69.05,14.1,588.5591430664062,4.58,9.75,4.3,5.17
2024-11-27,4405.96,69.03,14.1,586.7757568359375,4.58,9.75,4.25,5.17
2024-11-28,4406.16,69.03,13.9,586.7757568359375,4.58,9.75,4.25,5.17
2024-11-29,4406.16,68.26,13.51,590.4208984375,4.58,9.75,4.18,5.17
2024-12-02,4419.59,68.35,13.34,591.4791259765625,4.58,9.75,4.19,5.17
2024-12-03,4462.97,70.15,13.3,591.7534790039062,4.58,9.75,4.23,5.17
2024-12-04,4443.53,68.81,13.45,595.4280395507812,4.58,9.75,4.19,5.17
2024-12-05,4424.56,68.58,13.54,594.4481811523438,4.58,9.75,4.17,5.17
2024-12-06,4407.13,68.58,12.77,595.5750122070312,4.58,9.75,4.15,5.17
2024-12-09,4396.52,68.65,14.19,592.508056640625,4.58,9.75,4.2,5.17
2024-12-10,4379.71,68.85,14.18,590.6659545898438,4.58,9.75,4.22,5.17
2024-12-11,4377.34,70.57,13.58,595.2321166992188,4.58,9.75,4.26,5.17
2024-12-12,4361.22,70.25,13.92,592.1650390625,4.58,9.75,4.32,5.17
2024-12-13,4335.2,71.54,13.81,592.0475463867188,4.58,9.75,4.4,5.17
2024-12-16,4341.32,71.03,14.69,594.5755615234375,4.58,9.75,4.39,5.17
2024-12-17,4324.19,70.31,15.87,592.1258544921875,4.58,9.75,4.4,5.17
2024-12-18,4345.32,70.8,27.62,574.478515625,4.58,9.75,4.5,5.17
2024-12-19,4359.11,70.1,24.09,574.3020629882812,4.33,9.75,4.57,5.42
2024-12-20,4394.5,69.71,18.36,581.2000122070312,4.33,9.75,4.52,5.42
2024-12-23,4374.62,69.5,16.78,584.6803588867188,4.33,9.5,4.59,5.17
2024-12-24,4395.44,70.87,14.27,591.1791381835938,4.33,9.5,4.59,5.17
2024-12-25,4380.94,70.87,14.27,591.1791381835938,4.33,9.5,4.59,5.17
2024-12-26,4380.94,70.38,14.73,591.218505859375,4.33,9.5,4.58,5.17
2024-12-27,4375.86,71.28,15.95,584.9949951171875,4.33,9.5,4.62,5.17
2024-12-30,4401.98,71.73,17.4,578.3192749023438,4.33,9.5,4.55,5.17
2024-12-31,4409.15,72.44,17.35,576.21533203125,4.33,9.5,4.58,5.17
2025-01-01,4409.15,72.44,17.35,576.21533203125,4.33,9.5,4.58,5.17
2025-01-02,4409.15,73.79,17.93,574.799560546875,4.33,9.5,4.57,5.17
2025-01-03,4410.5,74.64,16.13,581.9865112304688,4.33,9.5,4.6,5.17
2025-01-06,4355.51,74.31,16.04,585.339111328125,4.33,9.5,4.62,5.17
2025-01-07,4355.51,74.99,17.82,578.7223510742188,4.33,9.5,4.67,5.17
2025-01-08,4342.31,73.99,17.7,579.5678100585938,4.33,9.5,4.67,5.17
2025-01-09,4347.42,73.99,18.07,579.5678100585938,4.33,9.5,4.68,5.17
2025-01-10,4321.19,77.27,19.54,570.7193603515625,4.33,9.5,4.77,5.17
2025-01-13,4343.48,79.57,19.19,571.6041870117188,4.33,9.5,4.79,5.17
2025-01-14,4331.23,78.2,18.71,572.3907470703125,4.33,9.5,4.78,5.17
2025-01-15,4300.24,80.73,16.12,582.802490234375,4.33,9.5,4.66,5.17
2025-01-16,4294.11,79.35,16.6,581.6817626953125,4.33,9.5,4.61,5.17
2025-01-17,4338.15,78.56,15.97,587.5217895507812,4.33,9.5,4.61,5.17
2025-01-20,4344.27,78.56,15.81,587.5217895507812,4.33,9.5,4.61,5.17
2025-01-21,4344.27,76.79,15.06,592.8995971679688,4.33,9.5,4.57,5.17
2025-01-22,4307.07,76.12,15.1,596.2326049804688,4.33,9.5,4.6,5.17
2025-01-23,4278.01,75.03,15.02,599.4868774414062,4.33,9.5,4.65,5.17
2025-01-24,4245.65,74.97,14.85,597.73681640625,4.33,9.5,4.63,5.17
2025-01-27,4188.46,73.51,17.9,589.2816162109375,4.33,9.5,4.53,5.17
2025-01-28,4220.86,74.15,16.41,594.3448486328125,4.33,9.5,4.55,5.17
2025-01-29,4219.0,72.94,16.56,591.6804809570312,4.33,9.5,4.55,5.17
2025-01-30,4195.6,73.1,15.84,594.856201171875,4.33,9.5,4.52,5.17
2025-01-31,4170.01,72.84,16.43,591.6904296875,4.33,9.5,4.58,5.17
2025-02-03,4183.93,73.52,18.62,587.70849609375,4.33,9.5,4.54,5.17
2025-02-04,4198.66,73.04,17.21,591.6510620117188,4.33,9.5,4.52,5.17
2025-02-05,4153.54,71.39,15.77,594.0499877929688,4.33,9.5,4.43,5.17
2025-02-06,4180.06,70.97,15.5,596.1146240234375,4.33,9.5,4.45,5.17
2025-02-07,4150.99,71.32,16.54,590.6580810546875,4.33,9.5,4.49,5.17
2025-02-10,4113.7,72.73,15.81,594.6693725585938,4.33,9.5,4.51,5.17
2025-02-11,4132.93,73.67,16.02,595.12158203125,4.33,9.5,4.54,5.17
2025-02-12,4153.8,71.72,15.89,593.2045288085938,4.33,9.5,4.62,5.17
2025-02-13,4165.07,71.66,15.1,599.4672241210938,4.33,9.5,4.52,5.17
2025-02-14,4161.46,71.05,14.77,599.437744140625,4.33,9.5,4.47,5.17
2025-02-17,4100.66,71.05,15.37,599.437744140625,4.33,9.5,4.47,5.17
2025-02-18,4100.66,72.21,15.35,601.1975708007812,4.33,9.5,4.55,5.17
2025-02-19,4111.38,72.58,15.27,602.6133422851562,4.33,9.5,4.53,5.17
2025-02-20,4098.67,72.88,15.66,600.106201171875,4.33,9.5,4.5,5.17
2025-02-21,4077.56,70.72,18.21,589.8421020507812,4.33,9.5,4.42,5.17
2025-02-24,4073.56,71.06,18.98,587.157958984375,4.33,9.5,4.4,5.17
2025-02-25,4112.63,69.15,19.43,584.2379150390625,4.33,9.5,4.3,5.17
2025-02-26,4126.54,68.87,19.1,584.5328369140625,4.33,9.5,4.25,5.17
2025-02-27,4123.1,70.62,21.13,575.20263671875,4.33,9.5,4.29,5.17
2025-02-28,4120.11,69.97,19.63,584.178955078125,4.33,9.5,4.24,5.17
2025-03-03,4134.04,68.63,22.78,573.9441528320312,4.33,9.5,4.16,5.17
2025-03-04,4116.61,68.47,23.51,567.1504516601562,4.33,9.5,4.22,5.17
2025-03-05,4144.18,66.58,21.93,573.2460327148438,4.33,9.5,4.28,5.17
2025-03-06,4125.63,66.62,24.87,563.0703125,4.33,9.5,4.29,5.17
2025-03-07,4104.56,67.29,23.37,566.2262573242188,4.33,9.5,4.32,5.17
2025-03-10,4116.8,66.31,27.86,551.14453125,4.33,9.5,4.22,5.17
2025-03-11,4161.96,66.52,26.92,546.5628662109375,4.33,9.5,4.28,5.17
2025-03-12,4152.76,67.65,24.23,549.4633178710938,4.33,9.5,4.32,5.17
2025-03-13,4110.08,66.82,24.66,542.1386108398438,4.33,9.5,4.27,5.17
2025-03-14,4114.18,67.43,21.77,553.3369750976562,4.33,9.5,4.31,5.17
2025-03-17,4102.67,67.84,20.51,557.6038818359375,4.33,9.5,4.31,5.17
2025-03-18,4076.7,67.49,21.7,551.5770874023438,4.33,9.5,4.29,5.17
2025-03-19,4126.03,67.4,19.9,557.584228515625,4.33,9.5,4.25,5.17
2025-03-20,4143.14,68.55,19.8,555.971923828125,4.33,9.5,4.24,5.17
2025-03-21,4187.72,68.52,19.28,556.1552124023438,4.33,9.5,4.25,5.17
2025-03-24,4168.82,69.46,17.48,566.1151733398438,4.33,9.5,4.34,5.17
2025-03-25,4168.82,69.48,17.15,567.4759521484375,4.33,9.5,4.31,5.17
2025-03-26,4107.14,70.05,18.33,560.7013549804688,4.33,9.5,4.35,5.17
2025-03-27,4131.42,70.3,18.69,559.2122802734375,4.33,9.5,4.38,5.17
2025-03-28,4152.59,69.74,21.65,547.95068359375,4.33,9.5,4.27,5.17
2025-03-31,4192.57,71.87,22.28,551.62890625,4.33,9.5,4.23,5.17
2025-04-01,4191.79,71.61,21.77,553.18701171875,4.33,9.5,4.17,5.17
2025-04-02,4149.24,72.12,21.51,556.6876831054688,4.33,9.5,4.2,5.17
2025-04-03,4146.07,67.43,30.02,529.2537841796875,4.33,9.5,4.06,5.17
2025-04-04,4130.01,62.42,45.31,498.2696838378906,4.33,9.5,4.01,5.17
2025-04-07,4274.03,61.05,46.98,497.3822021484375,4.33,9.5,4.15,5.17
2025-04-08,4374.53,60.04,52.33,489.591796875,4.33,9.5,4.26,5.17
2025-04-09,4387.98,62.63,33.62,541.0084228515625,4.33,9.5,4.34,5.17
2025-04-10,4416.69,60.57,40.72,517.3019409179688,4.33,9.5,4.4,5.17
2025-04-11,4351.55,61.91,37.56,526.5320434570312,4.33,9.5,4.48,5.17
2025-04-14,4338.36,61.99,30.89,531.6401977539062,4.33,9.5,4.38,5.17
2025-04-15,4286.17,61.74,30.12,530.151123046875,4.33,9.5,4.35,5.17
2025-04-16,4329.9,62.88,32.64,518.366943359375,4.33,9.5,4.29,5.17
2025-04-17,4306.54,65.07,29.65,519.1065063476562,4.33,9.5,4.34,5.17
2025-04-18,4306.54,65.07,29.65,519.1065063476562,4.33,9.5,4.34,5.17
2025-04-21,4306.54,63.48,33.82,506.7503662109375,4.33,9.5,4.42,5.17
2025-04-22,4272.83,64.6,30.57,519.9348754882812,4.33,9.5,4.41,5.17
2025-04-23,4283.22,62.64,28.45,527.991455078125,4.33,9.5,4.4,5.17
2025-04-24,4298.31,63.55,26.47,539.1051635742188,4.33,9.5,4.32,5.17
2025-04-25,4274.57,63.85,24.84,543.0003662109375,4.33,9.5,4.29,5.17
2025-04-28,4239.62,63.3,25.15,543.2073364257812,4.33,9.5,4.23,5.17
2025-04-29,4227.32,61.84,24.17,546.62939453125,4.33,9.5,4.19,5.17
2025-04-30,4198.83,59.55,24.7,546.84619140625,4.33,9.5,4.17,5.17
2025-05-01,4222.25,60.59,24.6,550.7216186523438,4.33,9.5,4.25,5.17
2025-05-02,4222.25,59.67,22.68,558.8966064453125,4.33,9.25,4.33,4.92
2025-05-05,4243.8,58.5,23.64,555.6918334960938,4.33,9.25,4.36,4.92
2025-05-06,4283.62,60.42,24.76,551.0471801757812,4.33,9.25,4.3,4.92
2025-05-07,4305.02,59.42,23.55,553.3645629882812,4.33,9.25,4.26,4.92
2025-05-08,4306.79,61.25,22.48,557.2203369140625,4.33,9.25,4.37,4.92
2025-05-09,4260.22,62.37,21.9,556.51025390625,4.33,9.25,4.37,4.92
2025-05-12,4239.23,63.32,18.39,574.9014892578125,4.33,9.25,4.45,4.92
2025-05-13,4218.6,65.04,18.22,578.6981201171875,4.33,9.25,4.49,4.92
2025-05-14,4204.63,64.48,18.62,579.437744140625,4.33,9.25,4.53,4.92
2025-05-15,4194.18,63.03,17.83,582.2678833007812,4.33,9.25,4.45,4.92
2025-05-16,4196.66,63.84,17.24,585.9560546875,4.33,9.25,4.43,4.92
2025-05-19,4194.28,63.98,18.14,586.596923828125,4.33,9.25,4.46,4.92
2025-05-20,4168.03,63.97,18.09,584.6246948242188,4.33,9.25,4.48,4.92
2025-05-21,4172.76,62.93,20.87,574.7733154296875,4.33,9.25,4.58,4.92
2025-05-22,4169.47,62.55,20.28,575.0001831054688,4.33,9.25,4.54,4.92
2025-05-23,4176.54,62.89,22.29,571.0753784179688,4.33,9.25,4.51,4.92
2025-05-26,4165.41,62.89,20.57,571.0753784179688,4.33,9.25,4.51,4.92
2025-05-27,4165.41,61.61,18.96,582.9483642578125,4.33,9.25,4.43,4.92
2025-05-28,4128.15,62.54,19.31,579.5757446289062,4.33,9.25,4.47,4.92
2025-05-29,4126.44,61.66,19.18,581.8635864257812,4.33,9.25,4.43,4.92
2025-05-30,4106.79,61.46,18.57,581.2127685546875,4.33,9.25,4.41,4.92
2025-06-02,4148.72,63.27,18.36,584.4866943359375,4.33,9.25,4.46,4.92
2025-06-03,4148.72,64.1,17.69,587.8197631835938,4.33,9.25,4.46,4.92
2025-06-04,4136.71,63.57,17.61,587.6619262695312,4.33,9.25,4.37,4.92
2025-06-05,4107.85,64.06,18.48,584.8219604492188,4.33,9.25,4.4,4.92
2025-06-06,4097.66,65.3,16.77,590.8274536132812,4.33,9.25,4.51,4.92
2025-06-09,4138.72,65.99,17.16,591.3599243164062,4.33,9.25,4.49,4.92
2025-06-10,4138.53,65.66,16.95,594.7128295898438,4.33,9.25,4.47,4.92
2025-06-11,4190.9,68.91,17.26,593.0166625976562,4.33,9.25,4.41,4.92
2025-06-12,4190.61,68.73,18.02,595.37353515625,4.33,9.25,4.36,4.92
2025-06-13,4169.13,73.84,20.82,588.7171630859375,4.33,9.25,4.41,4.92
2025-06-16,4147.34,72.53,19.11,594.318359375,4.33,9.25,4.46,4.92
2025-06-17,4096.44,75.62,21.6,589.2398681640625,4.33,9.25,4.39,4.92
2025-06-18,4098.83,75.89,20.14,589.1510620117188,4.33,9.25,4.38,4.92
2025-06-19,4076.32,75.89,22.17,589.1510620117188,4.33,9.25,4.38,4.92
2025-06-20,4076.32,75.72,20.62,587.7673950195312,4.33,9.25,4.38,4.92
2025-06-23,4080.06,69.36,19.83,593.5730590820312,4.33,9.25,4.34,4.92
2025-06-24,4080.06,65.45,17.48,600.13037109375,4.33,9.25,4.3,4.92
2025-06-25,4081.15,65.98,16.76,600.4666137695312,4.33,9.25,4.29,4.92
2025-06-26,4067.64,66.44,16.59,605.1646118164062,4.33,9.25,4.26,4.92
2025-06-27,4042.87,66.66,16.32,608.1712036132812,4.33,9.25,4.29,4.92
2025-06-30,4069.67,66.3,16.73,611.0790405273438,4.33,9.25,4.24,4.92
2025-07-01,4069.67,66.64,16.83,610.8812866210938,4.33,9.25,4.26,4.92
2025-07-02,4047.71,68.66,16.64,613.650634765625,4.33,9.25,4.3,4.92
2025-07-03,4006.46,68.13,16.38,618.4869995117188,4.33,9.25,4.35,4.92
2025-07-04,3974.37,68.13,17.48,618.4869995117188,4.33,9.25,4.35,4.92
2025-07-07,3974.37,69.16,17.79,613.8779907226562,4.33,9.25,4.4,4.92
2025-07-08,4022.29,69.55,16.81,613.5418090820312,4.33,9.25,4.42,4.92
2025-07-09,4054.13,69.61,15.94,617.2210083007812,4.33,9.25,4.34,4.92
2025-07-10,4026.09,67.78,15.78,618.9617309570312,4.33,9.25,4.35,4.92
2025-07-11,4013.5,69.63,16.4,616.785888671875,4.33,9.25,4.43,4.92
2025-07-14,4003.9,68.19,17.2,617.9627685546875,4.33,9.25,4.43,4.92
2025-07-15,4011.79,67.76,17.38,615.3220825195312,4.33,9.25,4.5,4.92
2025-07-16,4015.04,67.13,17.16,617.3792114257812,4.33,9.25,4.46,4.92
2025-07-17,4031.86,68.76,16.52,621.1573486328125,4.33,9.25,4.47,4.92
2025-07-18,4016.44,68.53,16.41,620.7024536132812,4.33,9.25,4.44,4.92
2025-07-21,4000.61,68.39,16.65,621.87939453125,4.33,9.25,4.38,4.92
2025-07-22,4026.27,67.56,16.5,621.9684448242188,4.33,9.25,4.35,4.92
2025-07-23,4061.36,66.05,15.37,627.259765625,4.33,9.25,4.4,4.92
2025-07-24,4052.86,67.16,15.39,627.4674072265625,4.33,9.25,4.43,4.92
2025-07-25,4063.31,66.38,14.93,630.1181030273438,4.33,9.25,4.4,4.92
2025-07-28,4110.48,67.81,15.03,629.9598999023438,4.33,9.25,4.42,4.92
2025-07-29,4170.59,70.27,15.98,628.29833984375,4.33,9.25,4.34,4.92
2025-07-30,4154.79,71.09,15.48,627.507080078125,4.33,9.25,4.38,4.92
2025-07-31,4179.69,70.36,16.72,625.1531372070312,4.33,9.25,4.37,4.92
2025-08-01,4186.71,68.39,20.38,614.9066162109375,4.33,9.25,4.23,4.92
2025-08-04,4129.42,67.33,17.52,624.2531127929688,4.33,9.25,4.22,4.92
2025-08-05,4097.38,66.2,17.85,621.088134765625,4.33,9.25,4.22,4.92
2025-08-06,4093.12,65.38,16.77,625.845458984375,4.33,9.25,4.22,4.92
2025-08-07,4049.35,64.9,16.57,625.3212280273438,4.33,9.25,4.23,4.92
2025-08-08,4049.35,64.94,15.15,630.1972045898438,4.33,9.25,4.27,4.92
2025-08-11,4034.74,65.03,16.25,628.9510498046875,4.33,9.25,4.27,4.92
2025-08-12,4045.87,64.22,14.73,635.6468505859375,4.33,9.25,4.29,4.92
2025-08-13,4017.12,63.68,14.49,637.8228149414062,4.33,9.25,4.24,4.92
2025-08-14,4020.64,64.99,14.83,637.882080078125,4.33,9.25,4.29,4.92
2025-08-15,4048.74,63.78,15.09,636.388671875,4.33,9.25,4.33,4.92
2025-08-18,4019.24,64.51,14.99,636.2501220703125,4.33,9.25,4.34,4.92
2025-08-19,4019.24,63.38,15.57,632.7984008789062,4.33,9.25,4.3,4.92
2025-08-20,4036.42,64.19,15.69,631.1170043945312,4.33,9.25,4.29,4.92
2025-08-21,4025.51,64.56,16.6,628.5851440429688,4.33,9.25,4.33,4.92
2025-08-22,4034.18,64.08,14.22,638.2381591796875,4.33,9.25,4.26,4.92
2025-08-25,4008.7,65.18,14.79,635.4292602539062,4.33,9.25,4.28,4.92
2025-08-26,4017.44,63.6,14.62,638.0897827148438,4.33,9.25,4.26,4.92
2025-08-27,4044.51,64.49,14.85,639.543701171875,4.33,9.25,4.24,4.92
2025-08-28,4051.97,64.96,14.43,641.8085327148438,4.33,9.25,4.22,4.92
2025-08-29,4019.09,64.36,15.36,637.9810180664062,4.33,9.25,4.23,4.92
2025-09-01,4018.41,64.36,16.12,637.9810180664062,4.33,9.25,4.23,4.92
2025-09-02,4018.41,65.95,17.17,633.25341796875,4.33,9.25,4.28,4.92
2025-09-03,4016.94,64.36,16.35,636.6853637695312,4.33,9.25,4.22,4.92
2025-09-04,4002.86,63.81,15.3,642.00634765625,4.33,9.25,4.17,4.92
2025-09-05,3991.09,62.22,15.18,640.14697265625,4.33,9.25,4.1,4.92
2025-09-08,3960.94,62.6,15.11,641.7195434570312,4.33,9.25,4.05,4.92
2025-09-09,3945.29,62.97,15.04,643.203125,4.33,9.25,4.08,4.92
2025-09-10,3919.13,64.01,15.35,645.0625,4.33,9.25,4.04,4.92
2025-09-11,3921.58,62.71,14.71,650.4231567382812,4.33,9.25,4.01,4.92
2025-09-12,3903.18,63.02,14.76,650.2055053710938,4.33,9.25,4.06,4.92
2025-09-15,3906.24,63.66,15.69,653.6671752929688,4.33,9.25,4.05,4.92
2025-09-16,3897.57,64.89,16.36,652.76708984375,4.33,9.25,4.04,4.92
2025-09-17,3881.92,64.41,15.72,651.9561157226562,4.33,9.25,4.06,4.92
2025-09-18,3880.01,63.91,15.7,655.0023803710938,4.08,9.25,4.11,5.17
2025-09-19,3892.45,63.02,15.45,658.2465209960938,4.08,9.25,4.14,5.17
2025-09-22,3891.19,62.99,16.1,661.3606567382812,4.09,9.25,4.15,5.16
2025-09-23,3852.16,63.76,16.64,657.7606201171875,4.09,9.25,4.12,5.16
2025-09-24,3844.47,65.4,16.18,655.6677856445312,4.09,9.25,4.16,5.16
2025-09-25,3881.26,65.51,16.74,652.6429443359375,4.09,9.25,4.18,5.16
2025-09-26,3898.87,66.5,15.29,656.3819580078125,4.09,9.25,4.2,5.16
2025-09-29,3908.12,64.27,16.12,658.2266845703125,4.09,9.25,4.15,5.16
2025-09-30,3901.29,63.17,16.28,660.7061157226562,4.09,9.25,4.16,5.16
2025-10-01,3923.55,62.59,16.29,662.95751953125,4.09,9.25,4.12,5.16
2025-10-02,3890.0,61.28,16.63,663.7210693359375,4.09,9.25,4.1,5.16
2025-10-03,3897.64,61.65,16.65,663.7112426757812,4.09,9.25,4.13,5.16
2025-10-06,3874.18,62.49,16.37,666.0914916992188,4.09,9.25,4.18,5.16
2025-10-07,3853.19,62.52,17.24,663.6219482421875,4.09,9.25,4.14,5.16
2025-10-08,3867.54,63.37,16.3,667.5791625976562,4.1,9.25,4.13,5.15
2025-10-09,3879.8,62.36,16.43,665.6452026367188,4.1,9.25,4.14,5.15
2025-10-10,3894.99,59.75,21.66,647.6542358398438,4.1,9.25,4.05,5.15
2025-10-13,3913.24,59.75,19.03,657.5919189453125,4.1,9.25,4.05,5.15
2025-10-14,3913.24,59.52,20.81,656.78857421875,4.1,9.25,4.03,5.15
2025-10-15,3933.31,59.08,20.64,659.7044067382812,4.1,9.25,4.05,5.15
2025-10-16,3902.16,58.29,25.31,655.2117309570312,4.11,9.25,3.99,5.14
2025-10-17,3877.07,58.3,20.78,658.9308471679688,4.11,9.25,4.02,5.14
2025-10-20,3808.12,58.34,18.23,665.7840576171875,4.11,9.25,4.0,5.14
2025-10-21,3877.26,58.66,17.87,665.7741088867188,4.11,9.25,3.98,5.14
2025-10-22,3876.6,59.3,18.6,662.3128051757812,4.11,9.25,3.97,5.14
2025-10-23,3900.82,62.44,17.3,666.2402954101562,4.11,9.25,4.01,5.14
2025-10-24,3888.76,62.27,16.37,671.6851806640625,4.11,9.25,4.02,5.14
2025-10-27,3858.63,62.13,15.79,679.6094970703125,4.12,9.25,4.01,5.13
2025-10-28,3844.2,60.97,16.42,681.41455078125,4.12,9.25,3.99,5.13
2025-10-29,3874.84,61.26,16.92,681.7418823242188,4.12,9.25,4.08,5.13
2025-10-30,3885.29,61.36,16.91,674.2439575195312,3.87,9.25,4.11,5.38
2025-10-31,3870.42,61.75,17.44,676.4556274414062,3.86,9.25,4.11,5.390000000000001
2025-11-03,3860.12,61.79,17.17,677.7251586914062,3.87,9.25,4.13,5.38
2025-11-04,3860.12,61.38,19.0,669.6917114257812,3.87,9.25,4.1,5.38
2025-11-05,3872.47,60.4,18.01,672.0125122070312,3.87,9.25,4.17,5.38
2025-11-06,3839.47,60.24,19.5,664.8021850585938,3.87,9.25,4.11,5.38
2025-11-07,3807.06,60.54,19.08,665.4567260742188,3.87,9.25,4.11,5.38
2025-11-10,3779.2,60.94,17.6,675.8407592773438,3.87,9.25,4.13,5.38
2025-11-11,3760.93,60.94,17.28,677.3878784179688,3.87,9.25,4.13,5.38
2025-11-12,3760.93,59.3,17.51,677.7647705078125,3.87,9.25,4.08,5.38
2025-11-13,3719.71,59.54,20.0,666.5179443359375,3.88,9.25,4.11,5.37
2025-11-14,3719.6,60.87,19.83,666.408935546875,3.88,9.25,4.14,5.37
2025-11-17,3764.77,60.66,22.38,660.2002563476562,3.88,9.25,4.13,5.37
2025-11-18,3764.77,61.51,24.69,654.65625,3.88,9.25,4.12,5.37
2025-11-19,3737.55,60.27,23.66,657.185302734375,3.88,9.25,4.13,5.37
2025-11-20,3716.73,60.07,26.42,647.1683349609375,3.88,9.25,4.1,5.37
2025-11-21,3741.27,58.86,23.43,653.6148681640625,3.88,9.25,4.06,5.37
2025-11-24,3808.77,59.11,20.52,663.2351684570312,3.88,9.25,4.04,5.37
2025-11-25,3804.09,58.25,18.56,669.4734497070312,3.88,9.25,4.01,5.37
2025-11-26,3806.16,58.81,17.19,674.09521484375,3.88,9.25,4.0,5.37
2025-11-27,3773.6,58.81,17.21,674.09521484375,3.88,9.25,4.0,5.37
2025-11-28,3773.6,58.58,16.35,677.7747192382812,3.89,9.25,4.02,5.359999999999999
2025-12-01,3744.43,59.47,17.24,674.6803588867188,3.89,9.25,4.09,5.359999999999999
2025-12-02,3784.43,58.81,16.59,675.9300537109375,3.89,9.25,4.09,5.359999999999999
2025-12-03,3817.66,59.09,16.08,678.2706298828125,3.89,9.25,4.06,5.359999999999999
2025-12-04,3780.8,59.82,15.78,678.7665405273438,3.89,9.25,4.11,5.359999999999999
2025-12-05,3757.92,60.23,15.41,680.0557861328125,3.89,9.25,4.14,5.359999999999999
2025-12-08,3830.02,59.04,16.66,678.0127563476562,3.89,9.25,4.17,5.359999999999999
2025-12-09,3830.02,58.4,16.93,677.4275512695312,3.89,9.25,4.18,5.359999999999999
2025-12-10,3861.34,58.67,15.77,681.92041015625,3.89,9.25,4.13,5.359999999999999
2025-12-11,3854.28,57.76,14.85,683.5072021484375,3.64,9.25,4.14,5.609999999999999
2025-12-12,3810.99,57.61,15.74,676.1580810546875,3.64,9.25,4.19,5.609999999999999
2025-12-15,3788.53,56.97,16.5,675.1365356445312,3.64,9.25,4.18,5.609999999999999
2025-12-16,3817.59,55.44,16.48,673.2918701171875,3.64,9.25,4.15,5.609999999999999
2025-12-17,3847.1,56.07,17.62,665.8832397460938,3.64,9.25,4.16,5.609999999999999
2025-12-18,3866.77,56.22,16.87,670.9114990234375,3.64,9.25,4.12,5.609999999999999
2025-12-19,3874.71,56.8,14.91,676.9923095703125,3.64,9.25,4.16,5.609999999999999
2025-12-22,3817.93,58.18,14.08,681.2098388671875,3.64,9.25,4.17,5.609999999999999
2025-12-23,3792.59,58.55,14.0,684.3233032226562,3.64,9.25,4.18,5.609999999999999
2025-12-24,3759.48,58.72,13.47,686.7305297851562,3.64,9.25,4.15,5.609999999999999
2025-12-25,3706.94,58.72,13.47,686.7305297851562,3.64,9.25,4.15,5.609999999999999
2025-12-26,3706.94,56.6,13.6,686.660888671875,3.64,9.25,4.14,5.609999999999999
2025-12-29,3716.05,57.89,14.2,684.2138671875,3.64,9.25,4.12,5.609999999999999
2025-12-30,3706.97,57.79,14.33,683.3782958984375,3.64,9.25,4.14,5.609999999999999
2025-12-31,3757.08,57.26,14.95,678.3152465820312,3.64,9.25,4.18,5.609999999999999
2026-01-01,3757.08,57.26,14.95,678.3152465820312,3.64,9.25,4.18,5.609999999999999
2026-01-02,3757.08,57.21,14.51,679.55859375,3.64,9.25,4.19,5.609999999999999
2026-01-05,3790.77,58.1,14.9,684.0845947265625,3.64,9.25,4.17,5.609999999999999
2026-01-06,3770.03,56.97,14.75,688.1529541015625,3.64,9.25,4.18,5.609999999999999
2026-01-07,3730.26,56.01,15.38,685.9347534179688,3.64,9.25,4.15,5.609999999999999
2026-01-08,3748.83,57.74,15.45,685.8651123046875,3.64,9.25,4.19,5.609999999999999
2026-01-09,3734.67,58.96,14.49,690.4010009765625,3.64,9.25,4.18,5.609999999999999
2026-01-12,3717.09,59.39,15.12,691.4852294921875,3.64,9.25,4.19,5.609999999999999
2026-01-13,3717.09,60.85,15.98,690.1026000976562,3.64,9.25,4.18,5.609999999999999
2026-01-14,3663.24,61.84,16.75,686.7105712890625,3.64,9.25,4.15,5.609999999999999
2026-01-15,3655.16,59.13,15.84,688.5806884765625,3.64,9.25,4.17,5.609999999999999
2026-01-16,3687.32,59.4,15.86,688.0037231445312,3.64,9.25,4.24,5.609999999999999
2026-01-19,3700.05,59.4,18.84,688.0037231445312,3.64,9.25,4.24,5.609999999999999
2026-01-20,3700.05,60.3,20.09,673.9981689453125,3.64,9.25,4.3,5.609999999999999
2026-01-21,3682.97,60.38,16.9,681.77685546875,3.64,9.25,4.26,5.609999999999999
2026-01-22,3669.15,59.24,15.64,685.3379516601562,3.64,9.25,4.26,5.609999999999999
2026-01-23,3630.33,60.7,16.09,685.5865478515625,3.64,9.25,4.24,5.609999999999999
2026-01-26,3637.88,60.46,16.15,689.068115234375,3.64,9.25,4.22,5.609999999999999
2026-01-27,3676.02,62.04,16.35,691.8134765625,3.64,9.25,4.24,5.609999999999999
2026-01-28,3678.59,62.75,16.35,691.7438354492188,3.64,9.25,4.26,5.609999999999999
2026-01-29,3665.97,64.77,16.88,690.3711547851562,3.64,9.25,4.24,5.609999999999999
2026-01-30,3661.29,64.5,17.44,688.3121337890625,3.64,9.25,4.26,5.609999999999999
2026-02-02,3670.47,61.6,16.34,691.73388671875,3.64,10.25,4.29,6.609999999999999
2026-02-03,3628.16,62.62,18.0,685.885009765625,3.64,10.25,4.28,6.609999999999999
2026-02-04,3622.0,64.56,18.64,682.5626831054688,3.64,10.25,4.29,6.609999999999999
2026-02-05,3644.93,62.9,21.77,674.0379638671875,3.64,10.25,4.21,6.609999999999999
2026-02-06,3691.75,63.77,17.76,686.96923828125,3.64,10.25,4.22,6.609999999999999
2026-02-09,3670.2,64.53,17.36,690.2816162109375,3.64,10.25,4.22,6.609999999999999
2026-02-10,3651.9,64.2,17.79,688.4613037109375,3.64,10.25,4.16,6.609999999999999
2026-02-11,3659.71,64.8,17.65,688.3021850585938,3.64,10.25,4.18,6.609999999999999
2026-02-12,3671.01,63.08,20.82,677.668701171875,3.64,10.25,4.09,6.609999999999999
2026-02-13,3665.78,63.05,20.6,678.1461181640625,3.64,10.25,4.04,6.609999999999999
2026-02-16,3652.89,63.05,21.2,678.1461181640625,3.64,10.25,4.04,6.609999999999999
2026-02-17,3652.89,62.53,20.29,679.2402954101562,3.64,10.25,4.05,6.609999999999999
2026-02-18,3664.26,65.33,19.62,682.662109375,3.64,10.25,4.09,6.609999999999999
2026-02-19,3669.21,66.66,20.23,680.8616943359375,3.64,10.25,4.08,6.609999999999999
2026-02-20,3695.72,66.69,19.09,685.7855834960938,3.64,10.25,4.08,6.609999999999999
2026-02-23,3691.34,66.36,21.01,678.7827758789062,3.64,10.25,4.03,6.609999999999999
2026-02-24,3697.36,65.62,19.55,683.7164916992188,3.64,10.25,4.04,6.609999999999999
2026-02-25,3703.28,65.3,17.93,689.4859008789062,3.64,10.25,4.05,6.609999999999999
2026-02-26,3703.69,65.1,18.63,685.6561889648438,3.64,10.25,4.02,6.609999999999999
2026-02-27,3745.78,66.96,19.86,682.3637084960938,3.64,10.25,3.97,6.609999999999999
2026-03-02,3766.3,71.13,21.44,682.7516479492188,3.64,10.25,4.05,6.609999999999999
2026-03-03,3768.73,74.48,23.57,676.7337036132812,3.64,10.25,4.06,6.609999999999999
2026-03-04,3797.64,74.58,21.15,681.50830078125,3.64,10.25,4.09,6.609999999999999
2026-03-05,3751.41,80.88,23.75,677.7084350585938,3.64,10.25,4.13,6.609999999999999
2026-03-06,3767.94,90.77,29.49,668.8256225585938,3.64,10.25,4.15,6.609999999999999
2026-03-09,3795.55,94.65,25.5,674.6845092773438,3.64,10.25,4.12,6.609999999999999
2026-03-10,3744.84,83.71,24.93,673.6002807617188,3.64,10.25,4.15,6.609999999999999
2026-03-11,3710.5,86.8,24.23,672.7548217773438,3.64,10.25,4.21,6.609999999999999
2026-03-12,3687.87,95.61,27.29,662.5390625,3.64,10.25,4.27,6.609999999999999
2026-03-13,3700.46,98.48,27.19,658.7890014648438,3.64,10.25,4.28,6.609999999999999
2026-03-16,3685.53,93.39,23.51,665.493408203125,3.64,10.25,4.23,6.609999999999999
2026-03-17,3691.9,96.01,22.37,667.2440185546875,3.64,10.25,4.2,6.609999999999999
2026-03-18,3689.97,96.12,25.09,657.9335327148438,3.64,10.25,4.26,6.609999999999999
2026-03-19,3704.17,96.11,24.06,656.3121337890625,3.64,10.25,4.25,6.609999999999999
2026-03-20,3692.48,98.71,26.78,646.9034423828125,3.64,10.25,4.39,6.609999999999999
2026-03-23,3704.87,89.33,26.15,653.6959228515625,3.64,10.25,4.34,6.609999999999999
2026-03-24,3704.87,93.18,26.95,651.5015869140625,3.64,10.25,4.39,6.609999999999999
2026-03-25,3700.67,91.51,25.33,655.1322021484375,3.64,10.25,4.33,6.609999999999999
2026-03-26,3688.46,96.18,27.44,643.432373046875,3.64,10.25,4.42,6.609999999999999
2026-03-27,3675.29,101.26,31.05,632.4606323242188,3.64,10.25,4.44,6.609999999999999
2026-03-30,3668.89,104.69,30.61,630.3460693359375,3.64,10.25,4.35,6.609999999999999
2026-03-31,3669.96,102.86,25.25,648.6688842773438,3.64,10.25,4.3,6.609999999999999
2026-04-01,3660.1,101.9,24.54,653.5562744140625,3.64,11.25,4.33,7.609999999999999
2026-04-02,3675.81,113.23,23.87,654.144775390625,3.64,11.25,4.31,7.609999999999999
2026-04-03,3675.81,113.23,23.87,654.144775390625,3.64,11.25,4.35,7.609999999999999
2026-04-06,3675.81,114.01,24.17,657.23681640625,3.64,11.25,4.34,7.609999999999999
2026-04-07,3664.41,114.58,25.78,657.5260009765625,3.64,11.25,4.33,7.609999999999999
2026-04-08,3678.19,96.17,21.04,674.27294921875,3.64,11.25,4.29,7.609999999999999
2026-04-09,3640.63,99.62,19.49,678.162841796875,3.64,11.25,4.29,7.609999999999999
2026-04-10,3642.93,98.34,19.23,677.7140502929688,3.64,11.25,4.31,7.609999999999999
2026-04-13,3631.49,100.72,19.12,684.3369750976562,3.64,11.25,4.3,7.609999999999999
2026-04-14,3608.1,93.07,18.36,692.675537109375,3.64,11.25,4.26,7.609999999999999
2026-04-15,3578.82,93.04,18.17,698.1414184570312,3.64,11.25,4.29,7.609999999999999
2026-04-16,3603.19,96.46,17.94,699.8569946289062,3.64,11.25,4.32,7.609999999999999
2026-04-17,3615.1,85.91,17.48,708.3152465820312,3.64,11.25,4.26,7.609999999999999
2026-04-20,3593.14,91.06,18.87,706.8988037109375,3.64,11.25,4.26,7.609999999999999
2026-04-21,3573.3,93.64,19.5,702.2708129882812,3.64,11.25,4.3,7.609999999999999
2026-04-22,3576.05,94.76,18.92,709.3825073242188,3.64,11.25,4.3,7.609999999999999
2026-04-23,3568.88,99.27,19.31,706.6295776367188,3.64,11.25,4.34,7.609999999999999
2026-04-24,3560.62,98.42,18.71,712.10546875,3.64,11.25,4.31,7.609999999999999
2026-04-27,3551.17,99.89,18.02,713.332275390625,3.64,11.25,4.35,7.609999999999999
2026-04-28,3593.17,103.45,17.83,709.8612060546875,3.64,11.25,4.36,7.609999999999999
2026-04-29,3633.76,110.47,18.81,709.7515258789062,3.64,11.25,4.42,7.609999999999999
2026-04-30,3621.86,108.64,16.89,716.8132934570312,3.64,11.25,4.4,7.609999999999999
2026-05-01,3637.51,105.38,16.99,718.7982177734375,3.64,11.25,4.39,7.609999999999999
2026-05-04,3637.51,109.76,18.29,716.1649780273438,3.64,11.25,4.45,7.609999999999999
2026-05-05,3707.58,105.66,17.38,721.9102172851562,3.64,11.25,4.43,7.609999999999999
2026-05-06,3723.33,98.75,17.39,731.9443359375,3.64,11.25,4.36,7.609999999999999
2026-05-07,3706.44,98.38,17.08,729.7001342773438,3.63,11.25,4.41,7.62
2026-05-08,3729.27,98.87,17.19,735.724609375,3.63,11.25,4.38,7.62
2026-05-11,3747.1,101.56,18.38,737.4002685546875,3.63,11.25,4.42,7.62
2026-05-12,3759.0,105.78,17.99,736.2831420898438,3.63,11.25,4.46,7.62
2026-05-13,3775.07,104.52,17.87,740.4025268554688,3.63,11.25,4.46,7.62
2026-05-14,3794.91,104.66,17.26,746.2474975585938,3.63,11.25,4.47,7.62
2026-05-15,3784.7,108.99,18.43,737.2706298828125,3.63,11.25,4.59,7.62
2026-05-18,3796.78,112.25,17.82,736.751953125,3.63,11.25,4.61,7.62
2026-05-19,3796.78,112.09,18.06,731.8446044921875,3.62,11.25,4.67,7.63
2026-05-20,3796.87,101.69,17.44,739.3452758789062,3.62,11.25,4.57,7.63
2026-05-21,3730.49,100.2,16.76,740.8114624023438,3.62,11.25,4.57,7.63
2026-05-22,3701.37,100.35,16.7,743.7239990234375,3.62,11.25,4.56,7.63
2026-05-25,3667.06,100.35,16.59,743.7239990234375,3.62,11.25,4.56,7.63
2026-05-26,3667.06,97.63,17.01,748.6613159179688,3.62,11.25,4.5,7.63
2026-05-27,3644.47,92.35,16.29,748.5316162109375,3.62,11.25,4.48,7.63
2026-05-28,3631.57,92.65,15.74,752.6609497070312,3.62,11.25,4.45,7.63
2026-05-29,3646.58,91.16,15.32,754.5361328125,3.62,11.25,4.45,7.63
2026-06-01,3678.15,95.96,16.05,756.5908203125,3.62,11.25,4.47,7.63
2026-06-02,3560.24,97.47,15.77,757.6182250976562,3.62,11.25,4.46,7.63
2026-06-03,3562.0,99.76,16.06,752.3018798828125,3.62,11.25,4.49,7.63
2026-06-04,3572.85,96.83,15.4,755.1445922851562,3.62,11.25,4.47,7.63
2026-06-05,3565.32,94.32,21.51,735.65478515625,3.62,11.25,4.55,7.63
2026-06-08,3588.09,95.0,18.92,737.3204345703125,3.62,11.25,4.56,7.63
2026-06-09,3588.09,91.9,19.87,735.1560668945312,3.62,11.25,4.53,7.63
2026-06-10,3581.46,93.68,22.22,723.56591796875,3.62,11.25,4.55,7.63
2026-06-11,3567.11,91.58,19.44,735.8642578125,3.62,11.25,4.45,7.63
2026-06-12,3513.54,88.62,17.68,739.843994140625,3.62,11.25,4.48,7.63
2026-06-15,3475.72,84.65,16.2,752.890380859375,3.63,11.25,4.47,7.62
2026-06-16,3475.72,79.8,16.41,748.4019775390625,3.63,11.25,4.43,7.62
2026-06-17,3427.07,80.65,18.44,739.0560302734375,3.63,11.25,4.49,7.62
2026-06-18,3439.91,80.35,16.4,746.739990234375,3.63,11.25,4.46,7.62
2026-06-19,3459.53,80.35,16.78,746.739990234375,3.63,11.25,4.46,7.62
2026-06-22,3459.53,78.94,17.28,744.3900146484375,3.63,11.25,4.51,7.62
2026-06-23,3406.14,74.62,19.49,733.5800170898438,3.63,11.25,4.5,7.62
2026-06-24,3425.95,71.42,18.63,733.239990234375,3.63,11.25,4.41,7.62
2026-06-25,3428.32,72.67,18.89,734.2999877929688,3.63,11.25,4.4,7.62
2026-06-26,3433.71,70.3,18.41,728.989990234375,3.63,11.25,4.38,7.62
2026-06-29,3443.59,71.87,17.65,741.0,3.63,11.25,4.38,7.62
2026-06-30,3443.59,70.56,16.45,746.77001953125,3.63,11.25,4.44,7.62
2026-07-01,3440.83,69.74,16.59,745.760009765625,3.63,12.0,4.48,8.370000000000001
2026-07-02,3403.35,69.73,16.15,744.780029296875,3.63,12.0,4.49,8.370000000000001
2026-07-03,3357.82,69.73,15.81,744.780029296875,3.63,12.0,4.49,8.370000000000001
2026-07-06,3334.93,69.6,15.57,751.280029296875,3.63,12.0,4.48,8.370000000000001
2026-07-07,3350.68,71.53,16.13,747.7100219726562,3.63,12.0,4.55,8.370000000000001
2026-07-08,3335.5,74.56,16.9,745.4000244140625,3.62,12.0,4.56,8.379999999999999
2026-07-09,3339.65,73.15,15.84,751.7100219726562,3.62,12.0,4.54,8.379999999999999
2026-07-10,3305.38,72.45,15.03,754.9500122070312,3.62,12.0,4.56,8.379999999999999
2026-07-13,3248.87,79.2,17.16,749.1699829101562,3.62,12.0,4.62,8.379999999999999
2026-07-14,3248.87,80.44,16.5,751.8300170898438,3.63,12.0,4.58,8.370000000000001
2026-07-15,3252.11,80.73,15.67,754.8099975585938,3.63,12.0,4.55,8.370000000000001
2026-07-16,3233.91,80.03,16.73,750.719970703125,3.63,12.0,4.57,8.370000000000001
2026-07-17,3221.41,83.43,18.77,743.2899780273438,3.63,12.0,4.55,8.370000000000001
2026-07-20,3262.58,84.38,18.65,742.0900268554688,3.63,12.0,4.6,8.370000000000001
2026-07-21,3262.58,86.04,17.05,748.280029296875,3.63,12.0,4.63,8.370000000000001
2026-07-22,3238.19,87.66,16.64,747.4099731445312,3.63,12.0,4.67,8.370000000000001
2026-07-23,3206.86,93.08,18.7,738.1799926757812,3.63,12.0,4.71,8.370000000000001
2026-07-24,3219.31,91.74,18.58,738.9299926757812,3.63,12.0,4.69,8.370000000000001
2026-07-27,3210.56,84.25,18.67,739.0900268554688,3.63,12.0,4.65,8.370000000000001
2026-07-28,3205.8,80.91,18.21,740.8599853515625,3.63,12.0,4.61,8.370000000000001
2026-07-29,3205.87,86.08,20.66,729.4600219726562,3.63,12.0,4.67,8.370000000000001
2026-07-30,3206.18,85.15,17.09,741.6900024414062,3.63,12.0,4.68,8.370000000000001
2026-07-31,3132.42,86.16,15.99,747.030029296875,3.63,12.0,4.75,8.370000000000001
2026-08-03,3144.14,81.96,15.86,757.6699829101562,3.63,12.0,4.7,8.370000000000001
2026-08-04,3230.44,77.33,16.5,771.3300170898438,3.63,12.0,4.63,8.370000000000001
2026-08-05,3204.51,76.78,15.81,769.7899780273438,3.63,12.0,4.63,8.370000000000001
2026-08-06,3179.4,78.88,15.15,768.5599975585938,3.63,12.0,4.69,8.370000000000001
2026-08-07,3157.43,79.77,14.9,773.260009765625,3.63,12.0,4.65,8.370000000000001
2026-08-10,3157.43,83.76,15.46,773.030029296875,3.63,12.0,4.72,8.370000000000001
2026-08-11,3125.47,84.77,15.28,770.5599975585938,3.63,12.0,4.7,8.370000000000001
2026-08-12,3121.07,84.97,14.55,772.489990234375,3.63,12.0,4.68,8.370000000000001
2026-08-13,3123.28,82.77,14.63,777.8800048828125,3.63,12.0,4.63,8.370000000000001
2026-08-14,3127.51,83.99,14.25,776.3400268554688,3.63,12.0,4.68,8.370000000000001
2026-08-17,3128.65,86.04,15.19,772.6699829101562,3.63,12.0,4.72,8.370000000000001
2026-08-18,3128.65,86.48,15.84,767.4500122070312,3.63,12.0,4.71,8.370000000000001
2026-08-19,3098.79,87.28,14.89,769.0599975585938,3.63,12.0,4.65,8.370000000000001
2026-08-20,3053.48,89.75,16.01,762.5999755859375,3.63,12.0,4.69,8.370000000000001
2026-08-21,3062.96,87.21,15.13,765.719970703125,3.63,12.0,4.74,8.370000000000001
2026-08-24,3048.12,86.34,15.85,763.469970703125,3.63,12.0,4.7,8.370000000000001
2026-08-25,3056.51,83.9,15.45,765.9099731445312,3.63,12.0,4.64,8.370000000000001
2026-08-26,3081.67,83.46,15.21,766.0800170898438,3.63,12.0,4.66,8.370000000000001
2026-08-27,3118.24,84.81,14.51,771.0999755859375,3.63,12.0,4.67,8.370000000000001
